event_id,target_shares_outstanding,target_adv20,target_dollar_adv20,target_market_cap,passive_control_percent,etf_ownership_percent,active_share,passive_pct,default_rule,non_election_default_rule,short_volume_ratio_20d_avg,announce_date,active_cash_election_rate,realized_cash_share,pct_elected_cash,spread,deal_spread,cash_election_value,stock_election_value,holder_model_source,holder_rolling_event_index,holder_fit_n,holder_fit_sse,holder_fit_loglike,holder_p_hat,holder_q_hat,holder_positive_share,holder_positive_share_of_active,holder_noisy_share,holder_noisy_cash_prob,holder_predicted_cash_demand_share,holder_predicted_stock_demand_share,holder_rational_action,holder_structural_status,holder_structural_block_reason
E000000_20171214_TFCF_Corp__Walt_Disney_Co_The,,,,,0.0,0.0,1.0,0.0,,"Shares for which no valid election is made ('no election shares') are not automatically deemed cash or stock; instead they receive cash consideration, stock consideration, or a combination of both, depending on the elections made by other 21CF stockholders and the proration/reallocation mechanics needed to hit the $35.7 billion cash cap.",,12/14/2017,,,,-12602.362399999998,,38.0,12640.362399999998,rolling_structural_fit,221,27,2.7826486941712094,-7.633486469700073,0.3,0.0,0.0,0.0,1.0,0.3,,,,blocked,"missing_inputs:entry_target_price,cash_cap,stock_cap"
E000001_20220526_VMware_Inc__Broadcom_Inc,421056000.0,2929678.55,331803711.439,52362524160.0,0.0582411526495288,0.0582411526495288,0.9417588473504712,0.0582411526495288,,"Shares for which no valid election was made by the election deadline are treated as 'non-election' shares and are converted into cash or stock consideration according to the allocation procedures in the merger agreement; generally, non-election shares are allocated the undersubscribed form of consideration first.",,5/26/2022,,,,3.733687559999993,18.14,142.5,138.76631244,rolling_structural_fit,268,31,2.898145446878891,-7.345509047126118,0.1,0.2,0.2,0.21236859155895027,0.7417588473504713,0.1,0.30329646105981156,0.6967035389401885,cash,ok,
E000002_20091103_Burlington_Northern_Santa_Fe_LLC__Berkshire_Hathaway_Inc,340435000.0,5379410.0,480601120.95,33022195000.0,0.0076287220761672,0.0076287220761672,0.9923712779238328,0.0076287220761672,,"Shares for which no valid election is made (or election form not timely received) are deemed 'no election.' If Class A average trading value is within the collar, no-election shares receive cash or stock as necessary to achieve the 60/40 cash-stock split. If Class A average trading value is outside the collar, no-election shares are deemed to have elected whichever form of consideration has the higher value, subject to proration/reallocation to achieve the 60/40 split.",,11/3/2009,0.4077966059321773,0.4085,40.85,,3.0,100.0,,rolling_structural_fit,77,20,2.379996654027768,-7.09243874667064,0.2,0.0,0.0,0.0,0.9923712779238328,0.2,,,,blocked,missing_inputs:stock_value
E000003_20150528_Broadcom_Corp__Avago_Technologies_Ltd,552968000.0,13066856.25,681061239.31025,31104450000.0,0.1038457933370466,0.1038457933370466,0.8961542066629534,0.1038457933370466,cash,"Broadcom common shares for which no valid election form was received by the exchange agent by the election deadline are deemed 'cash electing shares' and receive $54.50 cash per share, subject to proration.",,5/28/2015,0.2255797106791736,0.306,30.6,30.74935,-1.75,54.5,23.75065,rolling_structural_fit,168,29,4.075655662495209,-12.696386599698277,0.3,0.0,0.0,0.0,0.8961542066629534,0.3,0.37269205533593264,0.6273079446640674,exit,ok,
E000004_20180430_Andeavor__Marathon_Petroleum_Corp,151122000.0,2533588.5,305167976.7277385,20903196551.22,0.1769918974735644,0.1769918974735644,0.8230081025264356,0.1769918974735644,stock,"Shares with no election, an untimely election, or an ineffective form of election (or a validly revoked election without a new valid submission) are deemed to have made a stock election.",,4/30/2018,,,,12.188299999999998,13.949990000000014,152.27,140.0817,rolling_structural_fit,225,28,3.1662062845819627,-9.214893405018747,0.3,0.1,0.1,0.12150548663254251,0.7230081025264357,0.3,0.3169024307579307,0.6830975692420693,cash,ok,
E000005_20160125_Johnson_Controls_Inc__Johnson_Controls_International_plc,647908000.0,6009642.45,214290777.6555,22164932680.0,0.1253067401235978,0.1253067401235978,0.8746932598764022,0.1253067401235978,stock,"Shares for which no election (or an invalid/untimely election) is made are deemed to be 'share electing shares' and receive the share consideration, subject to the same proration procedures as shares that affirmatively elected stock.",,1/25/2016,0.0125758371586793,0.011,1.1,0.6700000000000017,0.6700000000000017,34.88,34.21,rolling_structural_fit,185,27,3.5451516468403823,-10.902885351447164,0.4,0.0,0.0,0.0,0.8746932598764022,0.4,0.34987730395056094,0.6501226960494391,cash,ok,
E000006_20190624_Caesars_Holdings_Inc__Caesars_Entertainment_Inc,672719000.0,24695657.7,254864517.16049996,7695905360.0,0.1565415634165231,0.1565415634165231,0.843458436583477,0.1565415634165231,,"Shares for which no valid election was made ('No Election Shares') were deemed non-electing and had no control over consideration type; treatment depended on which consideration type was oversubscribed/undersubscribed (in the actual event, No Election Shares were treated as Cash Election Shares since stock was oversubscribed).",,6/24/2019,,,,11.381544,0.9700000000000006,12.41,1.0284559999999998,rolling_structural_fit,237,29,2.993506619577287,-8.221887427249353,0.2,0.1,0.1,0.1185594875368859,0.743458436583477,0.2,0.32696246902495696,0.6730375309750432,cash,ok,
E000007_20260419_TopBuild_Corp__QXO_Inc,,,,,0.0,0.0,1.0,0.0,,"TopBuild shares for which no valid cash or stock election has been affirmatively made and not revoked by the election deadline ('No Election Shares') are deemed to have elected the Stock Consideration (20.200 QXO shares per share), subject to proration.",,4/19/2026,,,,,,505.0,,rolling_structural_fit,292,32,2.9812594447296417,-7.524546350929647,0.2,0.1,0.1,0.1,0.9,0.2,,,,blocked,"missing_inputs:stock_value,entry_target_price"
E000008_20230412_Triton_International_Ltd_Bermuda__Brookfield_Infrastructure_Corp,56364000.0,1023288.2,76518739.0715,4697375760.0,0.2627798062593144,0.2627798062593144,0.7372201937406856,0.2627798062593144,mixed,"Holders who fail to make an election, make an untimely election, or submit an invalid election ('non-electing holders') are deemed to have elected the form of consideration (or mix thereof) remaining after satisfaction of the elections of other holders of common shares. In the cash-oversubscription proration scenario, all BIPC share election shares AND non-election shares are converted into the right to receive the per-share BIPC share consideration.",,4/12/2023,,,,-6.451705999999987,-14.840000000000003,68.5,74.95170599999999,rolling_structural_fit,273,32,2.8829811396798033,-6.994077048693992,0.1,0.2,0.2,0.27128936740757437,0.5372201937406855,0.1,,,,blocked,"missing_inputs:cash_cap,stock_cap"
E000009_20220504_Black_Knight_Inc__Intercontinental_Exchange_Inc,155283000.0,1792949.35,122751770.284,11310813720.0,0.1414588139075108,0.1414588139075108,0.8585411860924892,0.1414588139075108,mixed,"Shares for which no valid election is made by the election deadline become 'non-election shares' and are allocated to whichever form of consideration (cash or stock) is undersubscribed, before oversubscribed electing shares are prorated into that undersubscribed form. Non-electing holders may receive all cash, all stock, or a mix, depending on remaining pools.",,5/4/2022,0.3718756865926874,0.39,39.0,-1030.6,1025.76,68.0,1098.6,rolling_structural_fit,266,30,3.015348037389662,-8.18533021158145,0.2,0.1,0.1,0.1164766485521024,0.7585411860924892,0.2,0.22243764417225326,0.7775623558277468,stock,ok,
E000010_20121220_NYSE_Euronext__Intercontinental_Exchange_Inc,243000000.0,6803715.0,197114592.15,7836750000.0,0.040707760781893,0.040707760781893,0.959292239218107,0.040707760781893,,"NYSE Euronext stockholders who do not make a valid, timely election (or whose election form is not properly received by the election deadline) are deemed to have elected the Standard Election Amount (0.1703 ICE Group shares + $11.27 cash per share).",,12/20/2012,,,,-96.98001,97.85001,33.12,130.10001,rolling_structural_fit,120,34,4.677481841868535,-14.522699461901956,0.3,0.0,0.0,0.0,0.959292239218107,0.3,,,,blocked,"missing_inputs:cash_cap,stock_cap"
E000011_20090420_Pepsi_Bottling_Group_Inc_The__PepsiCo_Inc,211584000.0,2955050.0,74481363.9,6501976320.0,0.0427310193587416,0.0427310193587416,0.9572689806412584,0.0427310193587416,,"Shares for which no valid cash election is made (non-electing shares) are deemed to have made a 'non-election' and, subject to proration, are converted into the right to receive 0.6432 shares of PepsiCo common stock (i.e., default is stock, subject to proration that could convert a portion to cash to true-up the 50/50 split). Shares as to which appraisal rights are not perfected are deemed to have made a cash election.",,4/20/2009,0.0,0.011,1.1,4.430047999999999,5.77,36.5,32.069952,rolling_structural_fit,71,17,2.1298382638468207,-6.4660330171639115,0.3,0.0,0.0,0.0,0.9572689806412584,0.3,0.3085462038717483,0.6914537961282516,cash,ok,
E000012_20131023_Cole_Real_Estate_Investment_Inc__VEREIT_Inc,469400000.0,12223610.0,159035521.75,6548130000.0,0.1284207123348956,0.1284207123348956,0.8715792876651044,0.1284207123348956,stock,Shares for which no valid election is made ('non-electing shares') are converted into the right to receive the stock consideration.,,10/23/2013,0.0229468509440816,0.02,2.0,,-0.129999999999999,13.82,,rolling_structural_fit,135,33,4.287094553096518,-13.150149343450945,0.4,0.0,0.0,0.0,0.8715792876651044,0.4,,,,blocked,missing_inputs:stock_value
E000013_20070216_BBVA_USA_Bancshares_Inc__Banco_Bilbao_Vizcaya_Argentaria_SA,8757000.0,5354.2,1104588.1391640003,1853856900.0,0.0001194472993034,0.0001194472993034,0.9998805527006966,0.0001194472993034,,"Shares for which no valid election was made (non-electing shares) are treated as non-election shares and may be paid all in cash, all in BBVA shares, or part cash and part BBVA shares, depending on the remaining pool of BBVA shares and cash available after honoring valid cash and stock elections made by other stockholders, without regard to the non-electing holder's preference.",,2/16/2007,,,,0.2240000000000037,-139.88,71.82,71.59599999999999,rolling_structural_default,24,0,,,0.5,0.3,0.3,0.3000358384705995,0.6998805527006966,0.5,0.5,0.5,exit,ok,
E000014_20110616_Southern_Union_Co__Energy_Transfer_LP,124709000.0,2268435.0,70298642.65,4141585890.0,0.0511229921657618,0.0511229921657618,0.9488770078342382,0.0511229921657618,,"Shares for which no valid election form was received by the election deadline (""no election shares"") are deemed to have made an equity (common unit) election, subject to proration if equity elections exceed 50% cap.",,6/16/2011,0.5421550945694193,0.54,54.0,,11.04,44.25,,rolling_structural_fit,99,30,4.1451230758046735,-12.879182482323683,0.3,0.0,0.0,0.0,0.9488770078342382,0.3,,,,blocked,missing_inputs:stock_value
E000015_20171030_CalAtlantic_Group_Inc_old__Lennar_Corp,110205000.0,1666358.15,73844261.84300001,5407759350.0,0.1648634363232158,0.1648634363232158,0.8351365636767842,0.1648634363232158,,"Shares for which no valid cash election is made (i.e., non-electing shares) receive the stock consideration (Lennar Class A and Class B common stock) in full, not cash. Separately, MP CA Homes LLC (major CalAtlantic stockholder) agreed to be deemed to elect cash for the number of shares necessary to reach the maximum cash amount if other stockholders did not elect enough cash.",,10/30/2017,0.1495183988695755,0.2073,20.73,-1.0168000000000037,0.2068000000000012,48.26,49.2768,rolling_structural_fit,219,28,3.371592657523977,-10.094809026828896,0.3,0.1,0.1,0.11974089550065749,0.7351365636767843,0.3,0.30297268726464316,0.6970273127353568,stock,ok,
E000016_20110720_Nalco_Holding_Co__Ecolab_Inc,138725000.0,3574015.0,120840722.6,4976065750.0,0.0675670623896197,0.0675670623896197,0.9324329376103804,0.0675670623896197,mixed,"Shares for which no valid/timely election form is received are deemed non-election shares. If the 10-trading-day average VWAP of Ecolab common stock ending on the last full trading day before the effective time (the 'Closing Ecolab Stock Price') is greater than $55.39/share, non-election shares are deemed to have elected stock; if less than $55.39, deemed to have elected cash; if exactly $55.39, deemed to receive a mix of stock and cash as necessary to achieve the overall 70%/30% mix. Deemed-election shares are not subject to the same adjustment/reallocation provisions as affirmatively elected shares.",,7/20/2011,,,,2.857344999999995,2.9299999999999997,38.8,35.942655,rolling_structural_fit,101,30,4.1451230758046735,-12.879182482323683,0.3,0.0,0.0,0.0,0.9324329376103803,0.3,0.31351341247792397,0.686486587522076,cash,ok,
E000017_20211214_Terminix_Global_Holdings_Inc__Rentokil_Initial_PLC,121149000.0,1226941.0,50381780.2245,5348728350.0,0.1299793229824431,0.1299793229824431,0.8700206770175569,0.1299793229824431,stock,Any Terminix share not covered by a validly submitted election form (including a missed deadline or invalid election) is deemed to have made a Stock Election.,,12/14/2021,0.3655085544519568,0.318,31.8,,-33.15,11.0,,rolling_structural_fit,263,30,3.015348037389662,-8.18533021158145,0.2,0.1,0.1,0.11493979699747069,0.7700206770175569,0.2,,,,blocked,"missing_inputs:stock_value,cash_cap,stock_cap"
E000018_20080317_NYMEX_Holdings_Inc__CME_Group_Inc,92871000.0,2139845.0,204311494.4,7829025300.0,0.0026550699357172,0.0026550699357172,0.9973449300642828,0.0026550699357172,cash,"Shares for which no valid election was made (or an improperly completed/unsigned election form, or election not received by deadline) are deemed 'no election shares' and treated as cash election shares (i.e., default to cash), subject to proration.",,3/17/2008,0.291819731860996,0.2937,29.37,-70.81976237800001,22.51976237800001,36.0,106.819762378,rolling_structural_fit,59,14,1.693394825207177,-5.078885162090273,0.2,0.2,0.2,0.2005324276197095,0.7973449300642828,0.2,,,,blocked,"missing_inputs:cash_cap,stock_cap"
E000020_20230306_Energy_Harbor_Corp__Vistra_Corp,,,,,0.0,0.0,1.0,0.0,,,,3/6/2023,,,,,,,,rolling_structural_fit,272,32,2.8829811396798033,-6.994077048693992,0.1,0.2,0.2,0.2,0.8,0.1,,,,blocked,"missing_inputs:cash_value,stock_value,entry_target_price,cash_cap,stock_cap"
E000021_20080612_Applied_Biosystems_Inc__Life_Technologies_Corp,,,,,0.0,0.0,1.0,0.0,mixed,"Shares for which no valid election is made (or election not timely received) are deemed to have elected 'mixed consideration' ($17.10 cash + 0.4543 Invitrogen shares per share), i.e., treated as non-electing shares converted into mixed consideration.",,6/12/2008,,,,23.584555,,38.0,14.415444999999998,rolling_structural_fit,64,15,1.9210918700043518,-5.870404290016957,0.3,0.1,0.1,0.1,0.9,0.3,,,,blocked,missing_inputs:entry_target_price
E000022_20140713_URS_Corp__AECOM,68965000.0,983495.3,48465134.65550001,3587559300.0,0.1114882405568041,0.1114882405568041,0.8885117594431959,0.1114882405568041,mixed,"Shares for which no valid election is made by the election deadline are treated as 'non-election shares' and receive merger consideration in whatever form or mix (cash, stock, or a combination) remains after giving effect to the preferences of stockholders who did make elections, at a value approximately equivalent to that received by electing holders.",,7/13/2014,,,,9.68816,-19.020000000000003,33.0,23.31184,rolling_structural_fit,147,30,4.203293434785736,-13.088220808351458,0.4,0.0,0.0,0.0,0.8885117594431959,0.4,0.41114882405568043,0.5888511759443196,exit,ok,
E000023_20070501_Dow_Jones___Co_Inc__TFCF_Corp,63685000.0,3084237.3,155175588.43899998,3579097000.0,0.0030598885137787,0.0030598885137787,0.9969401114862212,0.0030598885137787,cash,"If a holder does not submit a properly completed and signed election form by the election deadline, or submits a form indicating no election, that holder's shares are converted into the cash consideration ($60.00/share); non-electing shares are not eligible for the unit consideration.",,5/1/2007,,,,,3.799999999999997,60.0,,rolling_structural_default,27,0,,,0.5,0.3,0.3,0.3009207840506739,0.6969401114862213,0.5,,,,blocked,missing_inputs:stock_value
E000024_20161117_Western_Refining_Inc__Andeavor,108425000.0,4032372.55,126695440.6585,4071358749.999999,0.0946091596956421,0.0946091596956421,0.905390840304358,0.0946091596956421,stock,"Holders who made no election, an untimely election, or were otherwise deemed not to have submitted an effective form of election (including after revocation without a new valid election) were deemed to have elected stock consideration.",,11/17/2016,,,,,-0.25,37.3,,rolling_structural_fit,204,27,3.2645083053031567,-9.789516308342307,0.3,0.1,0.1,0.11044953797675247,0.8053908403043579,0.3,,,,blocked,missing_inputs:stock_value
E000025_20061006_Global_Signal_Inc__Crown_Castle_Inc,70219000.0,218720.0,11463744.75,3787612860.0,3.1971403751121494e-05,3.1971403751121494e-05,0.9999680285962488,3.1971403751121494e-05,,Shares for which no valid election was made by the election deadline were deemed to have elected all-stock consideration (1.61 CCI shares per GSL share); such shares were not counted toward the cash cap/proration pool.,,10/6/2006,0.9730151229574764,0.973,97.3,2.658999999999999,2.010000000000005,55.95,53.291,rolling_structural_default,7,0,,,0.5,0.3,0.3,0.3000095917277863,0.6999680285962488,0.5,0.65,0.35000000000000003,cash,ok,
E000026_20180502_MTGE_Investment_Corp__Annaly_Capital_Management_Inc,45798000.0,282166.5,5054016.359999999,822074100.0,0.186909603039434,0.186909603039434,0.8130903969605661,0.186909603039434,mixed,"MTGE stockholders who tender/validly hold shares but do not make a valid election (or hold shares as nominees without instructions) will be deemed to have elected, and will receive, the Mixed Consideration ($9.82 cash + 0.9519 Annaly shares per share), subject to proration mechanics.",,5/2/2018,0.0790135988820426,0.1577,15.77,9.864468,1.6999999999999993,19.65,9.785532,rolling_structural_fit,226,28,3.063092469510719,-8.751366019566738,0.2,0.1,0.1,0.12298755510311345,0.7130903969605661,0.2,0.3360728809118302,0.6639271190881698,cash,ok,
E000027_20150122_City_National_Corp_CA__Royal_Bank_of_Canada,55115000.0,940823.25,81253907.5735,4887598200.0,0.1260892504762768,0.1260892504762768,0.8739107495237232,0.1260892504762768,,"Shares with no valid election are 'no election shares' and are allocated to the undersubscribed form of consideration first, before electing shares of the oversubscribed form are switched; electing shares have priority over non-election shares in proration.",,1/22/2015,,,,-26.72,31.83999999999999,93.8,120.52,rolling_structural_fit,158,28,3.9508673692032206,-12.31450777454101,0.4,0.0,0.0,0.0,0.8739107495237232,0.4,0.41260892504762775,0.5873910749523723,stock,ok,
E000028_20190402_AmeriGas_Partners_LP__UGI_Corp,92987000.0,710867.6,23050829.187,3198752800.0,0.0214215427963048,0.0214215427963048,0.9785784572036952,0.0214215427963048,mixed,"Common units for which no valid election was made (non-election units) receive such merger consideration as determined in accordance with the proration provisions of the merger agreement (i.e., allocated among share/cash/mixed consideration per proration formula, not a fixed default of pure cash or pure stock).",,4/2/2019,,,,2.593104000000004,0.9250000000000044,35.325,32.731896,rolling_structural_fit,235,30,3.0719055767502152,-8.384666442379151,0.2,0.1,0.1,0.10218904704457907,0.8785784572036952,0.2,0.2864264628388915,0.7135735371611086,cash,ok,
E000029_20120827_Hudson_City_Bancorp_Inc__M_T_Bank_Corp,528133000.0,7944304.25,55508795.10349999,3934590850.0,0.0597345379478275,0.0597345379478275,0.9402654620521724,0.0597345379478275,,"Shares for which no valid election is made (non-election shares) are converted to the undersubscribed form of consideration first (cash or stock, whichever is undersubscribed), before electing shares of the oversubscribed form are switched pursuant to proration. Non-election shares generally receive lower priority than validly electing shares in proration scenarios.",,8/27/2012,,,,-7.463544599999999,0.0975745999999988,0.08403,7.547574599999999,rolling_structural_fit,115,34,4.677481841868535,-14.522699461901956,0.3,0.0,0.0,0.0,0.9402654620521725,0.3,0.3119469075895655,0.6880530924104346,stock,ok,
E000030_20180906_LaSalle_Hotel_Properties__Pebblebrook_Hotel_Trust,110398000.0,1601823.0,55555034.6085,3823082740.000001,0.2853896447399409,0.2853896447399409,0.7146103552600591,0.2853896447399409,stock,"Shares with no valid election, revoked elections without new election, or election expressing no preference are deemed to have elected the common share (stock) consideration.",,9/6/2018,1.0,0.77,77.0,3.529999999999994,3.1699999999999946,37.8,34.27,rolling_structural_fit,229,29,2.8087454419102924,-7.298127792755677,0.2,0.1,0.1,0.13993639927539012,0.6146103552600591,0.2,0.22292207105201184,0.7770779289479882,cash,ok,
E000031_20180129_KapStone_Paper_and_Packaging_Corp__Westrock_Co,96957000.0,2331186.45,73360006.55700001,3365377470.0,0.2200737027754571,0.2200737027754571,0.7799262972245429,0.2200737027754571,,Shares with no valid stock election ('No Election Shares') are converted into the right to receive the Cash Consideration ($35.00/share); in no event does a non-electing holder receive stock consideration.,,1/29/2018,1.0,0.968,96.8,0.9249790000000004,0.2899999999999991,35.0,34.075021,rolling_structural_fit,223,27,2.7826486941712094,-7.633486469700073,0.3,0.0,0.0,0.0,0.7799262972245429,0.3,0.34401474055509146,0.6559852594449086,cash,ok,
E000032_20170307_TerraForm_Power_Inc__Brookfield_Corp,91101000.0,827072.45,9616490.199,1094123010.0,0.0933581030943677,0.0933581030943677,0.9066418969056322,0.0933581030943677,,"If a holder does not make a valid election (or submits an election form indicating no election) by the election deadline: (i) if the number of shares electing cash exceeds the maximum cash consideration shares, the non-electing holder is deemed to have made a stock election; (ii) if the number of shares electing stock exceeds the maximum stock consideration shares, the non-electing holder is deemed to have made a cash election.",,3/7/2017,,,,,-2.49,9.52,,rolling_structural_fit,207,27,3.2645083053031567,-9.789516308342307,0.3,0.1,0.1,0.11029713091938492,0.8066418969056323,0.3,,,,blocked,missing_inputs:stock_value
E000033_20250515_Foot_Locker_Inc__Dick_s_Sporting_Goods_Inc,,,,,0.0,0.0,1.0,0.0,cash,Shares for which no valid election was made ('non-election shares') were converted into the right to receive the cash consideration ($24.00 per share).,,5/15/2025,0.012,0.012,1.2,,,24.0,,rolling_structural_fit,283,34,2.9908214676249587,-7.022958554295322,0.2,0.1,0.1,0.1,0.9,0.2,,,,blocked,"missing_inputs:stock_value,entry_target_price,cash_cap,stock_cap"
E000034_20070219_Florida_Rock_Industries_Inc__Vulcan_Materials_Co,65810000.0,730167.75,34806444.572500005,3090437600.0,0.000525345692144,0.000525345692144,0.999474654307856,0.000525345692144,,"Shares as to which the holder has not made a valid election by the election deadline (including revoked elections) are deemed 'non-electing shares' and are allocated cash and/or stock consistent with the proration procedures based on other shareholders' elections (i.e., non-electing shareholders bear the residual allocation risk and typically receive whichever consideration type has the lower value at the time).",,2/19/2007,0.8571876469916342,0.857,85.7,-3.4403000000000077,23.480300000000007,67.0,70.44030000000001,rolling_structural_default,25,0,,,0.5,0.3,0.3,0.3001576865475917,0.699474654307856,0.5,0.35000000000000003,0.65,stock,ok,
E000036_20260224_Thermon_Group_Holdings_Inc__CECO_Environmental_Corp,,,,,0.0,0.0,1.0,0.0,mixed,"Shares for which no valid election is made (or election is revoked and not resubmitted) prior to the election deadline are treated as 'no election shares' and receive the mixed consideration (0.6840 CECO shares + $10.00 cash per share), which is not subject to proration.",,2/24/2026,,,,,,63.89,,rolling_structural_fit,291,32,2.9812594447296417,-7.524546350929647,0.2,0.1,0.1,0.1,0.9,0.2,,,,blocked,"missing_inputs:stock_value,entry_target_price"
E000037_20090420_PepsiAmericas_Inc__PepsiCo_Inc,124900000.0,722075.0,15003077.0,3127496000.0,0.0230234027221777,0.0230234027221777,0.9769765972778224,0.0230234027221777,,"Shares for which no valid cash election is made are deemed 'non-election' shares and default to receiving PepsiCo stock (0.5022 shares per PAS share), subject to proration. Shares as to which appraisal rights are lost/withdrawn are deemed to have made a cash election.",,4/20/2009,0.0219946912738591,0.033,3.3,3.4603080000000013,3.460000000000001,28.5,25.039692,rolling_structural_fit,72,18,2.218372007285309,-6.698510147949269,0.3,0.0,0.0,0.0,0.9769765972778223,0.3,0.30460468054443557,0.6953953194555644,cash,ok,
E000038_20100415_Mariner_Energy_Inc__Apache_Corp,101780000.0,4728040.0,107763167.05,2613710400.0,0.0581409608960503,0.0581409608960503,0.9418590391039496,0.0581409608960503,mixed,"Shares for which a Mariner stockholder fails to make a valid election (or election form not received by deadline / improperly completed) are treated as 'non-election shares' and receive the Mixed Consideration: $7.80 cash + 0.17043 Apache shares per share, not subject to proration.",,4/15/2010,,,,0.0290551000000007,0.3200000000000003,26.0,25.9709449,rolling_structural_fit,81,22,3.0060876669314105,-9.322214747329626,0.3,0.0,0.0,0.0,0.9418590391039497,0.3,0.31162819217921006,0.68837180782079,cash,ok,
E000039_20070604_Solectron_Corp__Flex_Ltd,909213000.0,10841367.7,39836594.86749999,3527746440.0,0.0006406683582394,0.0006406683582394,0.9993593316417606,0.0006406683582394,,"Non-electing shares receive cash if stock elections exceed 70% cap; receive stock if cash elections exceed 50% cap; if neither cap is exceeded, non-electing shares first fill the cash bucket up to 50% of outstanding shares, then remaining non-electing shares receive stock.",,6/4/2007,0.0887365164992217,0.089,8.9,-0.0912999999999994,0.1012999999999997,3.89,3.9813,rolling_structural_default,31,0,,,0.5,0.3,0.3,0.3001923237231958,0.6993593316417606,0.5,0.35000000000000003,0.65,stock,ok,
E000040_20170504_Capital_Bank_Financial_Corp__First_Horizon_Corp,35213000.0,438604.0,18021150.39875,1401477400.0,0.1038661732882742,0.1038661732882742,0.8961338267117258,0.1038661732882742,,"Shares for which no valid election is made become 'non-election shares' and are converted to the undersubscribed form of merger consideration (cash or stock) first, ahead of prorating electing shares of the oversubscribed form.",,5/4/2017,,,,-177.29999999999998,0.4476640000000031,7.9,185.2,rolling_structural_fit,212,27,3.2967722160291792,-9.922284997038462,0.3,0.1,0.1,0.1115904756847982,0.7961338267117258,0.3,0.29077323465765487,0.7092267653423451,stock,ok,
E000041_20181009_Antero_Midstream_Partners_LP__Antero_Midstream_Corp,187045000.0,651270.0,20035991.7285,6346436850.0,0.0495713972573444,0.0495713972573444,0.9504286027426556,0.0495713972573444,mixed,AM unitholders (public) who do not make a valid election by the election deadline are deemed non-electing holders and are deemed to have elected the Public Mixed Consideration ($3.415 cash + 1.6350 shares of New AM common stock per unit).,,10/9/2018,0.2053960716333632,0.22,22.0,-52.06055,21.54555,3.415,55.47555,rolling_structural_fit,230,29,3.107644764206134,-8.764472294890652,0.2,0.1,0.1,0.10521568870237029,0.8504286027426556,0.2,0.19487141917720333,0.8051285808227967,stock,ok,
E000042_20140113_Foster_Wheeler_AG__Amec_Foster_Wheeler_Ltd,99051000.0,1182906.45,37421848.67775001,3083457630.0,0.0604389254020656,0.0604389254020656,0.9395610745979344,0.0604389254020656,mixed,"Holders failing to make a valid election ('no election shares') receive the residual mix of cash and share consideration remaining after giving effect to proration preferences of electing holders (in proportion to respective total cash available and total share elections available, reduced by the acceptance fraction).",,1/13/2014,0.965323662101573,0.9372,93.72,-12.010774,-3.1192259999999976,16.0,28.010774,rolling_structural_fit,137,31,4.030335095134715,-12.36496046104434,0.4,0.0,0.0,0.0,0.9395610745979344,0.4,,,,blocked,"missing_inputs:cash_cap,stock_cap"
E000043_20181109_Finisar_Corp__Coherent_Corp,117354000.0,2911570.55,55532278.735,2557143660.0,0.2671276394498696,0.2671276394498696,0.7328723605501304,0.2671276394498696,mixed,"Shares for which no valid election is made (or an untimely/ineffective election) are deemed to have elected mixed election consideration ($15.60 cash + 0.2218 shares, subject to proration).",,11/9/2018,,,,-46.81898000000001,51.02898000000001,26.0,72.81898000000001,rolling_structural_fit,232,29,2.9323573601826327,-7.922624488467967,0.2,0.1,0.1,0.13644940835936975,0.6328723605501304,0.2,0.3937021115598957,0.6062978884401043,stock,ok,
E000044_20060905_Veritas_DGC_Inc__Viridien,35820000.0,1196415.0,72990209.25,2509907399.9999995,0.0,0.0,1.0,0.0,,"Shares for which no valid election form is received by the election deadline become 'No Election Shares.' No Election Shares are treated per the proration formula: if cash oversubscribed, they receive stock consideration; if cash undersubscribed, some No Election Shares may be selected pro rata to receive cash ('Cash Designated Shares'); otherwise they receive stock. Dissenting shares that lose appraisal rights are also treated as non-electing/no election shares.",,9/5/2006,,,,,4.930000000000007,75.0,,rolling_structural_default,3,0,,,0.5,0.3,0.3,0.3,0.7,0.5,,,,blocked,missing_inputs:stock_value
E000045_20200207_FGL_Holdings__Fidelity_National_Financial_Inc,221661000.0,2968373.05,34315115.662,2695397760.0,0.0,0.0,1.0,0.0,,"FGL shareholders who do not make a valid election (no election submitted, late, improperly completed, unsigned, or revoked without new election) are deemed 'non-electing shares' and will receive cash consideration, stock consideration, or a combination of both, subject to the allocation and proration provisions of the merger agreement (i.e., allocated to balance the cash pool up to the cap).",,2/7/2020,,,,0.7383159999999993,0.3399999999999998,12.5,11.761684,rolling_structural_fit,251,31,3.5858884487875153,-10.608741537749175,0.2,0.1,0.1,0.1,0.9,0.2,0.28,0.7200000000000001,cash,ok,
E000046_20140321_LIN_Media_LLC__Media_General_Inc,33981000.0,942059.4,22654118.2175,894379920.0,0.0112572908389982,0.0112572908389982,0.9887427091610018,0.0112572908389982,mixed,"LIN common shares for which no valid election was made ('no election shares') are converted to the undersubscribed form of consideration first (cash or stock), and only receive a mix of cash/stock if the undersubscribed pool is insufficient to absorb the full no-election share count.",,3/21/2014,,,,0.3087839999999957,-0.3500000000000014,25.97,25.661216000000003,rolling_structural_fit,140,29,3.8487380951347157,-11.865735170714927,0.4,0.0,0.0,0.0,0.9887427091610018,0.4,0.4011257290838998,0.5988742709161002,exit,ok,
E000047_20140602_American_Realty_Capital_Healthcare_Trust_Inc__Ventas_Inc,169302000.0,3772812.2,39953657.13861,1847084820.0,0.0001668438648096,0.0001668438648096,0.9998331561351904,0.0001668438648096,stock,"Shares for which no valid election is made ('non-electing shares') are converted into the right to receive Ventas common stock (0.1688 shares) per HCT share, per merger agreement procedures.",,6/2/2014,,,,0.3698159999999983,0.4199999999999999,11.33,10.960184000000002,rolling_structural_fit,144,30,4.203293434785736,-13.088220808351458,0.4,0.0,0.0,0.0,0.9998331561351904,0.4,0.3999332624540762,0.6000667375459238,cash,ok,
E000048_20071207_Rovi_Guides_Inc__Rovi_Corp,429056000.0,7881663.5,42737939.8915,2140989440.0,0.0018975378505369,0.0018975378505369,0.9981024621494632,0.0018975378505369,,"Gemstar shares as to which the holder has not made a valid election prior to the election deadline (including due to revocation) are deemed 'non-electing shares.' Non-electing stockholders have no control over the type of consideration received; their shares may be exchanged for cash, stock, or a combination consistent with the proration procedures, and non-electing holders are likely to receive the consideration type having the lower value at the time (since other stockholders would preferentially elect the higher-value option).",,12/7/2007,,,,,1.3599999999999994,6.35,,rolling_structural_fit,51,12,1.5758515932143586,-4.84659742128545,0.2,0.3,0.3,0.30057034360373697,0.6981024621494631,0.2,,,,blocked,missing_inputs:stock_value
E000049_20140911_Conversant_Inc__Bread_Financial_Holdings_Inc,64078000.0,493192.95,13262495.661,1711523380.0,0.1548399352351821,0.1548399352351821,0.8451600647648179,0.1548399352351821,,"Any Conversant stockholder who fails to submit a proper Form of Election by the election deadline (5:00 p.m. NYC time, December 8, 2014) is deemed to have elected to receive the Base Consideration (0.07037 Alliance Data shares + formulaic cash, subject to $14.98-$18.62 cash collar) for each eligible share.",,9/11/2014,,,,,8.29,35.0,,rolling_structural_fit,151,30,4.193956605707829,-13.054864056269768,0.4,0.0,0.0,0.0,0.8451600647648179,0.4,,,,blocked,missing_inputs:stock_value
E000050_20140917_Auxilium_Pharmaceuticals_LLC__Endo_International_PLC,50355000.0,1917299.05,47583233.08,1570068900.0,0.1713947915797835,0.1713947915797835,0.8286052084202165,0.1713947915797835,cash,Shares with no valid/timely election (or non-received election form) are deemed to have made the Standard Election Consideration ($16.625 cash + 0.2440 Endo shares per share).,,9/17/2014,0.0,0.004,0.4,,2.0700000000000003,33.25,,rolling_structural_fit,152,29,4.033582870697703,-12.545925874569496,0.4,0.0,0.0,0.0,0.8286052084202165,0.4,,,,blocked,missing_inputs:stock_value
E000051_20140312_EPL_Oil___Gas_Inc__Energy_XXI_Ltd,39207000.0,1152562.4,39010569.36,1470262500.0,0.1101993779172086,0.1101993779172086,0.8898006220827914,0.1101993779172086,mixed,EPL stockholders who do not submit a valid election by the deadline are deemed to have made a Mixed Election ($25.35 cash + 0.584 EXXI shares per EPL share).,,3/12/2014,0.7888287483980737,0.757,75.7,,1.5,39.0,,rolling_structural_fit,139,30,4.030214095134715,-12.457487769574234,0.4,0.0,0.0,0.0,0.8898006220827914,0.4,,,,blocked,missing_inputs:stock_value
E000052_20240628_Infinera_Corp__Nokia_Oyj,235135000.0,4694922.9,27017823.6275,1431972150.0,0.1683480723839496,0.1683480723839496,0.8316519276160503,0.1683480723839496,cash,"Shares for which no valid election is made (including untimely, deficient, or revoked-without-replacement elections) are deemed to have elected the Cash Consideration ($6.65/share).",,6/28/2024,0.1342531940448972,0.28,28.0,-0.1146879999999992,0.6746879999999997,6.65,6.764688,rolling_structural_fit,279,33,2.98961887218214,-7.30018284927731,0.2,0.1,0.1,0.12024261193820875,0.7316519276160504,0.2,0.3146784579071597,0.6853215420928404,stock,ok,
E000053_20140428_Susser_Holdings_Corp__ETP_Legacy_LP,21442000.0,429505.7,29503333.1845,1666472240.0,0.1063791157541274,0.1063791157541274,0.8936208842458726,0.1063791157541274,mixed,"Shares for which no valid election is made by the election deadline (and for which appraisal has not been properly demanded) are deemed 'No Election Shares' and are treated as having made the Mixed (Standard Mix) Election — i.e., they receive the Standard Mix of Consideration ($40.125 cash + 0.7253 ETP units/share), not subject to proration.",,4/28/2014,0.0,0.0121,1.21,61.428465,2.530000000000001,80.25,18.821534999999997,rolling_structural_fit,142,29,3.999235728127798,-12.421925414124077,0.4,0.0,0.0,0.0,0.8936208842458726,0.4,0.46382746945247644,0.5361725305475236,cash,ok,
E000054_20240229_Sterling_Check_Corp__First_Advantage_Corp,93154000.0,478489.75,7147233.3445,1459723180.0,0.0605857504777035,0.0605857504777035,0.9394142495222964,0.0605857504777035,,Shares for which no valid election is made become 'non-election' shares and are converted into cash or stock consideration according to allocation procedures in the merger agreement; generally allocated to whichever form is undersubscribed.,,2/29/2024,0.5896303202158333,0.5842,58.42,1.3988600000000009,425168984.33,16.73,15.33114,rolling_structural_fit,276,32,2.8829811396798033,-6.994077048693992,0.1,0.2,0.2,0.21289862284045877,0.7394142495222964,0.1,0.3042343001910815,0.6957656998089186,cash,ok,
E000055_20240516_SilverBow_Resources_Inc__Crescent_Energy_Co,25524000.0,614322.1,20873920.7305,934688880.0,0.1469167450242908,0.1469167450242908,0.8530832549757092,0.1469167450242908,stock,SilverBow stockholders who did not submit a valid election form by the election deadline were deemed to have made no election and received the Stock Election Consideration (3.125 Crescent Class A shares per SilverBow share). Shares transferred during the election period were also deemed to elect only Stock Election Consideration unless a subsequent valid election was made.,,5/16/2024,,,,1.625,1.3800000000000026,38.0,36.375,rolling_structural_fit,278,33,2.98961887218214,-7.30018284927731,0.2,0.1,0.1,0.11722185310371308,0.7530832549757093,0.2,0.25061665099514185,0.7493833490048583,cash,ok,
E000056_20080609_Hilb_Rogal___Hobbs_Co__Willis_Towers_Watson_PLC,36391000.0,571455.0,22179252.25,1594653620.0,0.0012738589211618,0.0012738589211618,0.9987261410788382,0.0012738589211618,,"If a shareholder does not return a valid form of election by the election deadline (or improperly completes it), the shareholder has no control over consideration type; the shares are exchanged for cash or stock consistent with the proration procedures in the merger agreement (may be treated as no-election shares subject to allocation, potentially receiving cash if cash consideration undersubscribed).",,6/9/2008,,,,-373.2000000000001,375.38000000000005,46.0,419.2000000000001,rolling_structural_fit,63,15,1.9210918700043518,-5.870404290016957,0.3,0.1,0.1,0.10012754837074614,0.8987261410788382,0.3,0.27025477178423235,0.7297452282157676,stock,ok,
E000057_20250806_Aris_Water_Solution_Inc__Western_Midstream_Partners_LP,,,,,0.0,0.0,1.0,0.0,mixed,"Aris securityholders who fail to deliver a valid election (or revoke without a subsequent valid election), and have not demanded appraisal, are deemed to have elected the Common Unit Election Consideration (0.625 WES common units) and are not eligible for the Mixed or Cash Election Consideration.",,8/6/2025,0.5760000000000001,0.5760000000000001,57.6,,,25.0,,rolling_structural_fit,287,34,2.9908214676249587,-7.022958554295322,0.2,0.1,0.1,0.1,0.9,0.2,,,,blocked,"missing_inputs:stock_value,entry_target_price,cash_cap,stock_cap"
E000058_20160919_Isle_of_Capri_Casinos_Inc__Caesars_Entertainment_Inc,41303000.0,613985.75,11954638.102,910318120.0,0.0554041352928358,0.0554041352928358,0.9445958647071642,0.0554041352928358,,Shares with no valid election ('no election shares') are treated as available for whichever form of consideration (cash or stock) is undersubscribed; holder has no control over which form is received; realized outcome showed no-election shares received cash consideration.,,9/19/2016,0.1464096313786596,0.166,16.6,11.89436,0.9600000000000009,23.0,11.10564,rolling_structural_fit,198,27,3.293773265804346,-9.909998963677133,0.3,0.1,0.1,0.10586537982674864,0.8445958647071642,0.3,0.38108082705856716,0.6189191729414328,cash,ok,
E000059_20100118_Brink_s_Home_Security_Holdings_Inc__Johnson_Controls_International_plc,45802000.0,232330.0,7476465.95,1439098840.0,0.0,0.0,1.0,0.0,mixed,"Shares for which no valid election is made by the deadline become 'non-electing company shares' and are treated as if a Mixed Election had been made, receiving $12.75 cash plus a fraction of a Tyco share equal to $29.75/VWAP (subject to collar).",,1/18/2010,0.812,0.812,81.2,-1203.175,1214.255,42.5,1245.675,rolling_structural_fit,78,20,2.379996654027768,-7.09243874667064,0.2,0.0,0.0,0.0,1.0,0.2,0.2,0.8,stock,ok,
E000060_20070627_Chittenden_Corp__People_s_United_Financial_Inc,44605000.0,471211.4,14662503.0,1567865750.0,0.0,0.0,1.0,0.0,mixed,"Chittenden stockholders who failed to submit a properly completed election form (with stock certificates or guaranteed delivery) by the election deadline were deemed non-electing holders. Non-electing holders received merger consideration equivalent in value per share to that paid to electing holders, but the form (cash, stock, or mix) depended on the remaining pool of cash/stock after honoring other stockholders' elections, without regard to the non-electing holder's preference.",,6/27/2007,0.411,0.411,41.1,-349.40950000000004,334.6095000000001,20.35,369.75950000000006,rolling_structural_fit,36,7,1.0733892438841266,-3.36975827111296,0.2,0.3,0.3,0.3,0.7,0.2,0.14,0.86,stock,ok,
E000061_20150817_National_Penn_Bancshares_Inc__Truist_Financial_Corp,140207000.0,737979.75,8063745.391500001,1531060440.0,0.1909447394209989,0.1909447394209989,0.8090552605790011,0.1909447394209989,,"Shares for which no valid election was made (or a valid election was revoked/invalid) by the election deadline are deemed 'non-election shares' and are converted into cash or stock consideration according to the proration procedures in the merger agreement. In practice (per realized results), non-election shares received only the stock consideration.",,8/17/2015,0.8187668538431276,0.7579,75.79,,2.08,13.0,,rolling_structural_fit,174,28,3.8258838653150953,-11.864469018053237,0.4,0.0,0.0,0.0,0.8090552605790011,0.4,,,,blocked,missing_inputs:stock_value
E000062_20070129_First_Republic_Bank_Old__Merrill_Lynch___Co_Inc,30785000.0,344730.0,15952171.2,1650999550.0,9.049861945752802e-05,9.049861945752802e-05,0.9999095013805424,9.049861945752802e-05,,,,1/29/2007,,,,,25.779204999999997,,79.409205,rolling_structural_default,19,0,,,0.5,0.3,0.3,0.3000271520430597,0.6999095013805425,0.5,,,,blocked,"missing_inputs:cash_value,cash_cap,stock_cap"
E000063_20160411_Hatteras_Financial_Corp__Annaly_Capital_Management_Inc,94529000.0,2244588.35,34326621.1215,1493558200.0,0.1538501902061801,0.1538501902061801,0.8461498097938199,0.1538501902061801,mixed,"Hatteras stockholders who validly tender but do not make a valid election receive the Mixed Consideration ($5.55 cash + 0.9894 Annaly shares per share). Non-tendering stockholders (post-offer, in the merger) who do not make an election are also deemed to have elected Mixed Consideration.",,4/11/2016,,,,-4.779336,-5.360000000000001,5.55,10.329336,rolling_structural_fit,189,27,3.3591665808527575,-10.175396879698654,0.3,0.1,0.1,0.11818238194057723,0.74614980979382,0.3,0.33418893115692894,0.6658110688430712,exit,ok,
E000064_20180213_Nationstar_Mortgage_Holdings_Inc__Mr_Cooper_Group_Inc,97726000.0,523057.7,9039017.478,1625183380.0,0.0442829134518961,0.0442829134518961,0.955717086548104,0.0442829134518961,stock,"Holders who fail to make a valid and timely election are deemed to have made the Stock Election (12.7793 WMIH shares per Nationstar share, subject to proration).",,2/13/2018,,,,,1.370000000000001,18.0,,rolling_structural_fit,224,28,3.1662062845819627,-9.214893405018747,0.3,0.1,0.1,0.10463347512304493,0.855717086548104,0.3,,,,blocked,missing_inputs:stock_value
E000065_20101217_Cumulus_Intermediate_Holdings_LLC__Cumulus_Media_Inc,,,,,0.0,0.0,1.0,0.0,,"Shares/warrants for which no valid election was made ('No Election Shares') are deemed not to have elected cash or stock. If either the cash election or stock election is oversubscribed (i.e., exceeds its respective cap), No Election Shares are deemed to have elected the oversubscribed consideration type; if neither is oversubscribed, No Election Shares are deemed to have elected the consideration type selected by the majority of shares/warrants for which a valid election was made.",,12/17/2010,,,,,,37.0,,rolling_structural_fit,94,28,3.4724930539302026,-10.507634921985957,0.3,0.0,0.0,0.0,1.0,0.3,,,,blocked,"missing_inputs:stock_value,entry_target_price,cash_cap,stock_cap"
E000066_20121108_KAYAK_Software_Corp__Booking_Holdings_Inc,4588000.0,98140.45,3119567.117,142411520.0,0.0250974280732345,0.0250974280732345,0.9749025719267655,0.0250974280732345,,"Shares for which no valid election is made (""no election shares"") are used first to fill any shortfall toward the total cash number (i.e., converted to cash pro rata among no-election shares) if cash is undersubscribed. If cash is oversubscribed, no-election holders receive stock consideration. Absent a proper election form by the deadline, holder is deemed to have expressed no preference and may receive cash, stock, or a combination of both depending on other stockholders' elections.",,11/8/2012,,,,,8.96,40.0,,rolling_structural_fit,119,34,4.677481841868535,-14.522699461901956,0.3,0.0,0.0,0.0,0.9749025719267655,0.3,,,,blocked,missing_inputs:stock_value
E000067_20070906_Alabama_National_Bancorporation__Royal_Bank_of_Canada,20379000.0,340279.85,22252785.934,1571220900.0,2.7871828843417244e-05,2.7871828843417244e-05,0.9999721281711564,2.7871828843417244e-05,mixed,"Shares with no valid election ('non-election shares') are allocated stock or cash consideration based on the proration procedures/remaining pool after elections; non-electing holders receive consideration valued at $80.00 but may receive all cash, all stock, or a mix depending on other stockholders' elections.",,9/6/2007,,,,-4013.6,4016.500000000001,80.0,4093.6,rolling_structural_fit,47,10,1.2314527082236026,-3.7174325474455756,0.3,0.4,0.4,0.4000111490422816,0.5999721281711565,0.3,0.18000557436576864,0.8199944256342313,stock,ok,
E000068_20181119_Resolute_Energy_Corp__Cimarex_Energy_Co,23166000.0,850302.35,26756130.1625,803860200.0000001,0.1169694811361478,0.1169694811361478,0.8830305188638522,0.1169694811361478,mixed,"Resolute common shares for which no valid election was made (non-election shares) are deemed to receive the Mixed Election Consideration ($14.00 cash + 0.2366 Cimarex shares per share), subject to proration.",,11/19/2018,,,,0.2897710000000018,0.2999999999999971,35.0,34.710229,rolling_structural_fit,233,29,2.9323573601826327,-7.922624488467967,0.2,0.1,0.1,0.11324636902546088,0.7830305188638522,0.2,0.3735755849089183,0.6264244150910818,cash,ok,
E000069_20100819_NewAlliance_Bancshares_Inc__First_Niagara_Financial_Group_Inc,105080000.0,868500.0,10560725.85,1342922400.0,0.0874161909021697,0.0874161909021697,0.9125838090978304,0.0874161909021697,,"Shares for which no valid election was made ('non-election shares') were converted into stock or cash consideration according to the allocation/proration procedures (i.e., subject to the same 86/14 proration as electing shares), not a fixed default to cash or stock.",,8/19/2010,0.0397682976479638,0.08,8.0,1.1349999999999998,1.5,14.28,13.145,rolling_structural_fit,85,24,3.17910441551643,-9.797073154169619,0.3,0.0,0.0,0.0,0.9125838090978303,0.3,0.31748323818043395,0.6825167618195661,cash,ok,
E000070_20070603_Digene_Corp__QIAGEN_NV,24415000.0,440757.35,19269772.2075,1093059550.0,0.0,0.0,1.0,0.0,,"Non-election shares (no valid election made, or shares tendered without an effective election form) are allocated according to the proration/allocation procedures after all valid elections are processed: if cash oversubscribed, non-election shares go to stock consideration; if stock oversubscribed, non-election shares go to cash consideration; if neither cap exceeded, non-election shares are converted pro rata first into stock (until stock reaches 45% of tendered shares) with any remainder into cash.",,6/3/2007,,,,-0.0076000000000036,16.4876,61.25,61.2576,rolling_structural_default,30,0,,,0.5,0.3,0.3,0.3,0.7,0.5,0.35000000000000003,0.65,stock,ok,
E000071_20101018_AGA_Medical_Holdings_Inc__St_Jude_Medical_Inc,50268000.0,2422494.7,49513122.029,1040547600.0,0.0188460451977401,0.0188460451977401,0.98115395480226,0.0188460451977401,mixed,"AGA stockholders who tendered shares without making a valid cash or stock election were treated as making 'no election.' If 50%+ of tendered shares validly elected cash, non-electing holders were deemed to have elected stock (and vice versa if stock was oversubscribed). If neither form was oversubscribed, non-electing holders received a pro rata mix such that overall 50% cash / 50% stock was achieved across all tendered shares.",,10/18/2010,0.6335162533451761,0.631,63.1,-824.3040000000001,824.404,20.8,845.104,rolling_structural_fit,90,26,3.2751794018812257,-9.959991277276655,0.3,0.0,0.0,0.0,0.9811539548022599,0.3,0.303769209039548,0.6962307909604519,stock,ok,
E000072_20070214_TALX_Corp__Equifax_Inc,31487000.0,281387.05,8727806.269499999,1009158350.0,0.0002081811541271,0.0002081811541271,0.9997918188458728,0.0002081811541271,mixed,"Shares for which no valid election is made by the deadline are designated 'non-election shares.' Holders of non-election shares have no control over consideration type and may receive only cash, only stock, or a mix of cash and stock, determined by the proration adjustment based on other shareholders' elections.",,2/14/2007,,,,-0.5845099999999945,4.034509999999997,35.5,36.084509999999995,rolling_structural_default,23,0,,,0.5,0.3,0.3,0.3000624673507633,0.6997918188458729,0.5,0.35000000000000003,0.65,stock,ok,
E000073_20181030_WildHorse_Resource_Development_Corp__Expand_Energy_Corp,8196000.0,13415.25,156888.10111,95073600.0,0.0367049780380673,0.0367049780380673,0.9632950219619328,0.0367049780380673,cash,"Non-electing (or invalid/untimely electing) WildHorse holders are deemed to have elected the Share Consideration (5.989 Chesapeake shares per WildHorse share, no cash).",,10/30/2018,,,,,-8.6,3.0,,rolling_structural_fit,231,29,2.9323573601826327,-7.922624488467967,0.2,0.1,0.1,0.1038103568690006,0.8632950219619328,0.2,,,,blocked,"missing_inputs:stock_value,cash_cap,stock_cap"
E000074_20160303_Carmike_Cinemas_Inc__AMC_Entertainment_Holdings_Inc,24598000.0,253135.8,5489308.693499999,617655780.0,0.0733758842182291,0.0733758842182291,0.926624115781771,0.0733758842182291,mixed,"Shares for which no valid election is made (or election is revoked without replacement, or 'No Election' box checked) are designated 'non-election shares'/holder becomes 'non-electing stockholder.' These shares/holders have no control over consideration type; they receive stock or cash (or a mix) based on the proration/allocation procedures depending on whether the stock election was oversubscribed or undersubscribed - could receive all stock, all cash, or a mix.",,3/3/2016,0.013287003522996,0.049,4.9,5.25517,7.950000000000003,33.06,27.804830000000003,rolling_structural_fit,186,27,3.490245473973183,-10.692165652126189,0.4,0.0,0.0,0.0,0.926624115781771,0.4,0.407337588421823,0.5926624115781771,cash,ok,
E000075_20200806_Sirius_International_Insurance_Group_Ltd__SiriusPoint_Ltd,701783000.0,3221860.9,486532243.924012,107078050140.00002,0.1338137568450646,0.1338137568450646,0.8661862431549354,0.1338137568450646,,"Holders who fail to make a valid election, or who revoke an election without submitting a new one, are deemed 'non-electing holders' and are treated as having made the Share & CVR Election (0.743 TPRE share + 1 CVR per Sirius share).",,8/6/2020,,,,,-143.08,9.5,,rolling_structural_fit,252,31,3.5858884487875153,-10.608741537749175,0.2,0.1,0.1,0.11544861257062579,0.7661862431549354,0.2,,,,blocked,"missing_inputs:stock_value,cash_cap,stock_cap"
E000076_20070816_First_Charter_Corp__Fifth_Third_Bancorp,34684000.0,401258.3,9036769.4765,969070960.0,0.0001189885826317,0.0001189885826317,0.9998810114173684,0.0001189885826317,,"Shares for which no valid election is made (non-election shares) are allocated stock consideration or cash consideration by the exchange agent depending on the elections made by other shareholders under the proration/allocation procedures (i.e., non-election shares are treated as part of the pool used to balance the 70%/30% stock/cash split, prioritized ahead of stock-election shares in cash-undersubscribed scenarios).",,8/16/2007,,,,-1097.09,1100.15,31.0,1128.09,rolling_structural_fit,44,10,1.2314527082236026,-3.7174325474455756,0.3,0.4,0.4,0.4000476010970398,0.5998810114173683,0.3,0.18002379771652635,0.8199762022834737,stock,ok,
E000077_20060727_Fidelity_Bankshares_Inc__National_City_Corp,25248000.0,396394.05,14249984.8725,955384320.0,6.887674271229405e-05,6.887674271229405e-05,0.9999311232572876,6.887674271229405e-05,,"Shares for which no valid election is made (election form not returned/not timely completed, or holder indicates no preference) are 'no-election shares' subject to allocation under Section 3.3 (could receive cash or stock depending on proration outcome). Dissenting shares that lose appraisal rights after the election deadline are treated as non-election shares; dissenting shares generally are deemed cash election shares.",,7/27/2006,,,,0.773144000000002,1.6599999999999966,39.5,38.726856,rolling_structural_default,1,0,,,0.5,0.3,0.3,0.3000206644461134,0.6999311232572878,0.5,0.65,0.35000000000000003,cash,ok,
E000078_20201005_Eidos_Therapeutics_Inc__Bridgebio_Pharma_Inc,38592000.0,229964.3,14773859.974,2836897920.0,0.0426141169154228,0.0426141169154228,0.9573858830845772,0.0426141169154228,stock,Shares for which no valid election was made (including failure to submit a properly completed election form by the deadline) are deemed non-election shares and receive the stock consideration (1.85 BridgeBio shares per Eidos share).,,10/5/2020,,,,-0.3145000000000095,0.0645000000000095,73.26,73.57450000000001,rolling_structural_fit,253,31,3.5858884487875153,-10.608741537749175,0.2,0.1,0.1,0.10445109100398739,0.8573858830845772,0.2,0.17147717661691544,0.8285228233830846,stock,ok,
E000079_20250113_Enfusion_Inc__Clearwater_Analytics_Holdings_Inc,,,,,0.0,0.0,1.0,0.0,,"Shares for which no valid election is made by the election deadline are treated as 'non-election shares' and are converted into the right to receive the per share stock consideration or per share cash consideration according to the allocation/proration procedures; generally, non-election shares are allocated to whichever form of consideration (cash or stock) is undersubscribed, and are the first shares redesignated when reallocating to meet the cash cap.",,1/13/2025,,,,,,5.85,,rolling_structural_fit,280,34,2.9908214676249587,-7.022958554295322,0.2,0.1,0.1,0.1,0.9,0.2,,,,blocked,"missing_inputs:stock_value,entry_target_price,cash_cap,stock_cap"
E000080_20091021_Switch___Data_Facilities_Co_Inc__Equinix_Inc,34580000.0,144320.85,2029382.2595,497952000.0,0.0250886928860613,0.0250886928860613,0.9749113071139388,0.0250886928860613,mixed,"Non-electing shares (no valid election submitted by deadline) receive: if stock elections >80% of non-dissenting shares, non-electors get $19.06 cash; if cash elections >20% of non-dissenting shares, non-electors get 0.19409 Equinix shares; if within both thresholds, non-electors may receive either stock or cash (or a mix), determined by the exchange agent by lot or another reasonable method selected by Equinix.",,10/21/2009,,,,0.0877024999999989,4.659999999999998,19.06,18.9722975,rolling_structural_fit,76,19,2.292141109778954,-6.867782279003872,0.3,0.0,0.0,0.0,0.9749113071139387,0.3,0.3050177385772123,0.6949822614227877,cash,ok,
E000081_20150507_Micrel_Inc__Microchip_Technology_Inc,56865000.0,232249.25,3340887.1955,767677500.0,0.1301642954365602,0.1301642954365602,0.8698357045634398,0.1301642954365602,,"Shareholders who fail to make a valid, timely election (or whose election forms are improperly completed/unsigned or received after the deadline) are deemed non-electing holders. Non-electing holders receive merger consideration equivalent in value to that paid to electing holders, but the form of consideration (all cash, all stock, or part cash/part stock) depends on the remaining pool of cash and stock available after honoring other shareholders' valid cash and stock elections, subject to proration for cash if the minimum stock percentage is not met. Non-electing holders' preferences are not considered in the allocation. If the minimum stock percentage is not met, non-electing shares are converted to stock consideration (in the stock-cap-exceeded scenario, converted to cash).",,5/7/2015,,,,-649.74,650.24,14.0,663.74,rolling_structural_fit,167,29,4.075655662495209,-12.696386599698277,0.3,0.0,0.0,0.0,0.8698357045634398,0.3,0.326032859087312,0.673967140912688,stock,ok,
E000082_20070501_Community_Banks_Inc_PA__Susquehanna_Bancshares_Inc,24751000.0,79679.6,2224973.3159999996,795002119.9999999,7.276473677831198e-05,7.276473677831198e-05,0.9999272352632216,7.276473677831198e-05,,"Shares of holders who indicate no preference or fail to make a valid election are deemed 'non-election' (no-election) shares. No-election shares receive the per-share stock consideration unless there is an oversubscription of the stock consideration, in which case they may receive the per-share cash consideration for some or all of their shares.",,5/1/2007,,,,1.661999999999999,1.8800000000000023,34.0,32.338,rolling_structural_default,28,0,,,0.5,0.3,0.3,0.30002183100956115,0.6999272352632218,0.5,0.65,0.35000000000000003,cash,ok,
E000083_20120723_GeoEye_Inc__DigitalGlobe_Inc,22511000.0,477049.75,7995274.219,459899730.0,0.0707861045710985,0.0707861045710985,0.9292138954289016,0.0707861045710985,mixed,"Shares for which a holder does not make a valid election (or revokes without timely submitting a new election) are deemed to have made a 'non-election,' and non-electing shares are deemed to have made the mixed cash/stock election (1.137 shares of DigitalGlobe common stock + $4.10 cash per share).",,7/23/2012,,,,-1.161999999999999,1.001999999999999,20.27,21.432,rolling_structural_fit,114,34,4.677481841868535,-14.522699461901956,0.3,0.0,0.0,0.0,0.9292138954289015,0.3,,,,blocked,"missing_inputs:cash_cap,stock_cap"
E000084_20100813_Allis-Chalmers_Energy_Inc__Archer_Ltd,72430000.0,560715.0,1847656.75,267991000.0,0.0275442467209719,0.0275442467209719,0.972455753279028,0.0275442467209719,mixed,"Shares for which no valid election is made (or election form/certificates not properly submitted by the deadline) are treated as non-election shares; holders may be paid all cash, all Seawell stock, or a mix of cash and stock depending on the elections made by other stockholders (i.e., non-election shares absorb the residual consideration mix after cash/stock elections and proration are applied).",,8/13/2010,0.0166875218587531,0.03,3.0,-30.307499999999997,30.8575,4.25,34.5575,rolling_structural_fit,84,23,3.103199289449468,-9.600389274478458,0.3,0.0,0.0,0.0,0.9724557532790281,0.3,0.30550884934419437,0.6944911506558056,stock,ok,
E000085_20180607_AV_Homes_Inc__Taylor_Morrison_Home_Corp,22348000.0,384912.7,7650667.0725,474895000.0,0.05417021657419,0.05417021657419,0.94582978342581,0.05417021657419,mixed,"Shares with no election, untimely election, invalid election, or unrevoked prior election are deemed to have made a Mixed Election ($12.64 cash + 0.4034 shares, subject to proration).",,6/7/2018,0.5063436361437762,0.506,50.6,0.9542859999999996,0.25,21.5,20.545714,rolling_structural_fit,228,28,2.775379368310755,-7.370440047457861,0.2,0.1,0.1,0.10572726906293696,0.8458297834258101,0.2,0.32333617325935204,0.6766638267406481,cash,ok,
E000086_20101222_Sonic_Solutions_LLC__Rovi_Corp,48812000.0,910299.25,9663021.9365,546938460.0,0.0611546906498402,0.0611546906498402,0.9388453093501598,0.0611546906498402,mixed,"Non-electing tendered shares receive whatever consideration form remains after all valid elections are satisfied (or pro rata share of each if neither is oversubscribed). If cash elections >= 55% of tendered shares (oversubscribed), non-electing shares are treated as stock elections. If stock elections >= 45% of tendered shares (oversubscribed), non-electing shares are treated as cash elections. If neither is oversubscribed, non-electing shares receive a pro rata mix such that overall 55%/45% cash/stock split is maintained.",,12/22/2010,,,,-0.5245595000000005,3.3195595000000004,14.0,14.5245595,rolling_structural_fit,95,28,3.4724930539302026,-10.507634921985957,0.3,0.0,0.0,0.0,0.9388453093501598,0.3,0.3122309381299681,0.687769061870032,stock,ok,
E000087_20200113_Primo_Water_Operations_Inc__Primo_Water_Corp,,,,,0.0,0.0,1.0,0.0,mixed,"Shares tendered without a valid election (or not tendered but converted in back-end merger without election) are deemed to have elected, and will receive, the Mixed Consideration ($5.04 cash + 0.6549 Cott shares per share, subject to the same aggregate proration).",,1/13/2020,0.012,0.012,1.2,-0.2285389999999996,,14.0,14.228539,rolling_structural_fit,248,30,3.2124671524252726,-9.124108014043815,0.2,0.1,0.1,0.1,0.9,0.2,,,,blocked,missing_inputs:entry_target_price
E000088_20160825_AEP_Industries_Inc__Berry_Global_Group_Inc,5114000.0,66461.55,6301547.1225000005,567960840.0,0.0666778646851779,0.0666778646851779,0.933322135314822,0.0666778646851779,,"Shares for which no valid election is made ('non-election shares') are allocated per proration rules: generally, non-election shares are allocated first to whichever form of consideration (cash or stock) is undersubscribed, before any oversubscribed-electing shares are switched; non-election shares have lower priority than validly and timely made elections.",,8/25/2016,,,,-3.524929,2.464928999999998,110.0,113.524929,rolling_structural_fit,196,27,3.3591665808527575,-10.175396879698654,0.3,0.1,0.1,0.10714414264509933,0.8333221353148221,0.3,0.2833355729370356,0.7166644270629644,stock,ok,
E000089_20170828_IXYS_Corp__Littelfuse_Inc,32603000.0,836884.5,17506501.374999996,730307200.0,0.0492286292672453,0.0492286292672453,0.9507713707327548,0.0492286292672453,,"Shares for which no valid election is made become 'non-election shares' and are allocated to whichever form of consideration (cash or stock) is undersubscribed, ahead of electing shareholders of the oversubscribed form, per proration procedures in the merger agreement.",,8/28/2017,0.0,0.01,1.0,0.9561112650000004,0.6000000000000014,23.0,22.043888735,rolling_structural_fit,217,27,3.2348067965919127,-9.666126950328069,0.3,0.1,0.1,0.10517775679649514,0.8507713707327548,0.3,0.37984572585344906,0.620154274146551,cash,ok,
E000090_20200115_Pope_Resources_a_Delaware_LP__Rayonier_Inc,4367000.0,12985.4,1542358.4883499998,552250820.0,0.0004103503549347,0.0004103503549347,0.9995896496450652,0.0004103503549347,stock,"Pope units for which a valid election is not timely received by the election deadline are deemed to have made the Stock Election Consideration (3.929 Rayonier shares per unit), subject to proration.",,1/15/2020,0.7913247203798764,0.7909999999999999,79.1,-3.871199999999987,2.411199999999994,125.0,128.8712,rolling_structural_fit,249,30,3.2124671524252726,-9.124108014043815,0.2,0.1,0.1,0.10004105188114748,0.8995896496450653,0.2,0.17991792992901307,0.820082070070987,stock,ok,
E000091_20070923_C-COR_Inc_Old__ARRIS_Group_Inc,50288000.0,683543.35,7369084.989499999,496845440.00000006,7.626073814826599e-05,7.626073814826599e-05,0.9999237392618516,7.626073814826599e-05,mixed,"Shareholders who make no election or an invalid election are deemed 'non-election shares.' Non-election shares are allocated stock or cash consideration per the proration formula (Section 2.3(b)): they are treated similarly to a buffer used to fill any shortfall between stock elections and the stock conversion number before cash election shares are affected. Holders with non-election shares have no control over what type of consideration (cash, stock, or mix) they receive.",,9/23/2007,,,,0.0005080000000017,3.869999999999999,13.75,13.749491999999998,rolling_structural_fit,49,11,1.5037640475014238,-4.663742179365091,0.3,0.2,0.2,0.2000152533108584,0.7999237392618517,0.3,0.44001525214762965,0.5599847478523704,cash,ok,
E000092_20100419_GEO_Reentry_Inc__GEO_Group_Inc_The,14971000.0,229725.0,4955409.7,366789500.0,0.0463719858392892,0.0463719858392892,0.9536280141607107,0.0463719858392892,,Cornell stockholders who fail to make a valid election (non-election shares) will receive the stock consideration (1.3 GEO shares per Cornell share); non-election shares are not pro-rated into cash.,,4/19/2010,,,,-23.583,0.0830000000000019,1.0,24.583,rolling_structural_fit,82,23,3.103199289449468,-9.600389274478458,0.3,0.0,0.0,0.0,0.9536280141607107,0.3,0.3092743971678578,0.6907256028321422,stock,ok,
E000093_20130909_MTR_Gaming_Group_Inc__Caesars_Entertainment_Inc,27923000.0,54620.65,209821.4695,113088150.0,0.0276060788597213,0.0276060788597213,0.9723939211402788,0.0276060788597213,,Shares for which no valid election is made (no-election shares) are treated as having elected stock consideration and will receive ERI common stock (not subject to being selected into the cash pool).,,9/9/2013,0.8373118577452341,0.828,82.8,-18.198,20.198,6.05,24.248,rolling_structural_fit,132,35,4.379383201803289,-13.29014571300341,0.3,0.0,0.0,0.0,0.9723939211402787,0.3,,,,blocked,"missing_inputs:cash_cap,stock_cap"
E000094_20170710_Hawaiian_Telcom_Holdco_Inc__Cincinnati_Bell_Inc,11588000.0,37483.1,1001308.819,334545560.0,0.0731662927166033,0.0731662927166033,0.9268337072833968,0.0731662927166033,mixed,"Shares for which no valid election is made by the election deadline (non-election shares) are deemed to have made a Mixed Election and receive the Mixed Consideration (0.6522 Cincinnati Bell shares + $18.45 cash per share), not subject to proration.",,7/10/2017,,,,19.0104,1.879999999999999,30.75,11.7396,rolling_structural_fit,214,26,3.171846597157423,-9.543228102708602,0.3,0.2,0.2,0.21578844017899562,0.7268337072833968,0.3,0.49121640490162227,0.5087835950983777,cash,ok,
E000095_20080520_China_Water___Drinks_Inc__Nuverra_Environmental_Solutions_Inc,,,,,0.0,0.0,1.0,0.0,stock,"Under the August 2008 form of election, shares for which no valid election is made are deemed 'No Election' and receive only stock consideration (0.8 Heckmann shares per China Water share). Under the earlier July 2008 form of election and letter of transmittal, no-election shares were deemed to have 'no preference' and would receive merger consideration based on the allocation/proration procedures set forth in the merger agreement (not automatically all-stock).",,5/20/2008,0.296,0.296,29.6,,,5.0,,rolling_structural_fit,62,15,1.9210918700043518,-5.870404290016957,0.3,0.1,0.1,0.1,0.9,0.3,,,,blocked,"missing_inputs:stock_value,entry_target_price,cash_cap,stock_cap"
E000096_20120206_SureWest_Communications_Old__Consolidated_Communications_Holdings_Inc,14060000.0,95126.25,1754570.0850000002,318740200.0,0.0449070533428165,0.0449070533428165,0.9550929466571836,0.0449070533428165,mixed,"Shareholders who do not make a valid election (non-electing) will have no control over the type of consideration received; their shares will be allocated cash, stock, or a mix based on the proration procedures and the elections made by other shareholders. Because other shareholders tend to elect based on relative values, non-electing shareholders are likely to receive the form of consideration with the lower relative value at the effective time.",,2/6/2012,0.6916043884948563,0.6829999999999999,68.3,-3.679237000000001,4.009236999999999,23.0,26.679237,rolling_structural_fit,107,30,4.1451230758046735,-12.879182482323683,0.3,0.0,0.0,0.0,0.9550929466571835,0.3,0.3089814106685633,0.6910185893314367,stock,ok,
E000097_20070719_Partners_Trust_Financial_Group_Inc__M_T_Bank_Corp,11196000.0,109069.5,2260756.63814,214179480.0,0.0,0.0,1.0,0.0,mixed,"Shares for which no valid election is made (non-election/no preference shares) are allocated cash, M&T stock, or a combination thereof based on the remaining pool of cash and stock available after honoring valid cash and stock elections, per the allocation/proration procedures; non-electing holders receive equivalent value ($12.50/share) but consideration mix depends on other stockholders' elections.",,7/19/2007,,,,-1371.75,1365.12,12.5,1384.25,rolling_structural_fit,40,9,1.2260357482236026,-3.7999731806217176,0.3,0.4,0.4,0.4,0.6,0.3,0.18,0.8200000000000001,stock,ok,
E000098_20100826_Wesco_Financial_Corp__Berkshire_Hathaway_Inc,7120000.0,8885.0,3106122.4391,2584560000.0,0.0066590688202247,0.0066590688202247,0.9933409311797752,0.0066590688202247,cash,Shares for which no valid election is made (or an invalid/untimely election form is submitted) are deemed not to have made an election and default to receiving 100% cash consideration.,,8/26/2010,,,,,22.0,385.0,,rolling_structural_fit,87,25,3.2355027039330944,-9.9148194095492,0.3,0.0,0.0,0.0,0.9933409311797753,0.3,,,,blocked,"missing_inputs:stock_value,cash_cap,stock_cap"
E000099_20170501_Angie_s_List_Inc__Match_Group_Inc,59867000.0,463678.85,2701772.6240000003,352616630.0,0.0651420816142449,0.0651420816142449,0.934857918385755,0.0651420816142449,stock,"Shares for which no valid election is made by the election deadline are deemed non-electing shares and are treated as if the holder elected the share consideration (i.e., converted into ANGI Homeservices Class A common stock).",,5/1/2017,0.0039578206775944,0.0037,0.37,-10.670000000000002,13.28,8.5,19.17,rolling_structural_fit,210,27,3.2645083053031567,-9.789516308342307,0.3,0.1,0.1,0.1069681264214703,0.8348579183857551,0.3,0.2504573755157265,0.7495426244842734,stock,ok,
E000100_20110726_S1_Corp__ACI_Worldwide_Inc,53926000.0,2027517.5,18072737.217,499354760.0,0.1429701999035715,0.1429701999035715,0.8570298000964285,0.1429701999035715,,"S1 stockholders who do not make a valid election are deemed to have elected the cash consideration (non-election shares treated as cash election shares, subject to proration).",,7/26/2011,,,,-0.5504000000000016,1.2904000000000018,10.0,10.550400000000002,rolling_structural_fit,102,30,4.1451230758046735,-12.879182482323683,0.3,0.0,0.0,0.0,0.8570298000964285,0.3,0.3285940399807143,0.6714059600192857,stock,ok,
E000101_20150622_Martha_Stewart_Living_Omnimedia_Inc__SQBG_Inc,32404000.0,784077.0,4799382.0935,198312480.0,0.0678268115047525,0.0678268115047525,0.9321731884952476,0.0678268115047525,,"MSLO stockholders who do not make a valid election (non-electing holders) receive, for each share, either $6.15 cash or the same number of Holdings shares as if they had made a stock election, subject to proration; treated as 'non-election shares' for purposes of proration formula (Scenario 1/2 rules based on shortfall vs. non-election share count).",,6/22/2015,,,,,0.0300000000000002,6.15,,rolling_structural_fit,170,29,3.9860388567913447,-12.373998494002127,0.4,0.0,0.0,0.0,0.9321731884952476,0.4,,,,blocked,missing_inputs:stock_value
E000102_20250424_HarborOne_Bancorp_Inc__Eastern_Bankshares_Inc,,,,,0.0,0.0,1.0,0.0,mixed,"Shares with no valid election, improperly completed elections, or elections not timely received are deemed 'non-election shares.' These shares are allocated cash or stock (or a mix) depending on the proration outcome of other shareholders' elections — non-election shares are treated as cash-first in the base case (if Stock Election Number is within Min/Max range) but may receive stock if there's a shortfall in the stock election pool.",,4/24/2025,,,,,,12.0,,rolling_structural_fit,282,34,2.9908214676249587,-7.022958554295322,0.2,0.1,0.1,0.1,0.9,0.2,,,,blocked,"missing_inputs:stock_value,entry_target_price"
E000103_20210729_Misonix_Inc__Bioventus_Inc,17410000.0,38309.8,865447.1695000001,415054400.0,0.0821458357265939,0.0821458357265939,0.9178541642734062,0.0821458357265939,,"Shares with no valid election are treated as 'no election' shares; in the actual (cash-oversubscribed) scenario they received the stock consideration (1.6839 Bioventus shares); had cash been undersubscribed, no-election shares would have received priority cash allocation before stock-election shares.",,7/29/2021,0.622350591598502,0.6123,61.23,-1.047274999999999,5.207274999999999,28.0,29.047275,rolling_structural_fit,260,30,3.015348037389662,-8.18533021158145,0.2,0.1,0.1,0.10894976990071428,0.8178541642734062,0.2,,,,blocked,"missing_inputs:cash_cap,stock_cap"
E000104_20110120_Danvers_Bancorp_Inc__People_s_United_Financial_Inc,20724000.0,52143.05,912809.3395,352722480.0,0.0785878551437946,0.0785878551437946,0.9214121448562054,0.0785878551437946,,"Shares as to which a holder made a valid 'no preference' election, or as to which no valid election was made (including due to revocation), are deemed 'non-election shares.' Depending on whether cash elections exceed or fall short of the fixed cash conversion number, non-election/no-preference shares will receive stock consideration (if cash oversubscribed) or may receive cash consideration despite no cash election (if cash undersubscribed).",,1/20/2011,0.8418665596698408,0.815,81.5,0.763379999999998,5.98,23.0,22.23662,rolling_structural_fit,96,28,3.4724930539302026,-10.507634921985957,0.3,0.0,0.0,0.0,0.9214121448562054,0.3,0.3157175710287589,0.684282428971241,cash,ok,
E000105_20170630_Sun_Bancorp_Inc_NJ__OceanFirst_Financial_Corp,19061000.0,51489.9,1279449.87,469853650.0,0.0512144168721473,0.0512144168721473,0.9487855831278528,0.0512144168721473,,"Shares for which no valid election is made become 'non-election shares' and are allocated to whichever form of consideration (cash or stock) is undersubscribed, before oversubscribed-electing shares are reallocated to that undersubscribed form.",,6/30/2017,0.4374990503075455,0.4407,44.07,-131.82,110.95,3.78,135.6,rolling_structural_fit,213,27,3.2296335566472636,-9.644519896864754,0.3,0.2,0.2,0.21079578311114494,0.7487855831278527,0.3,,,,blocked,"missing_inputs:cash_cap,stock_cap"
E000106_20160112_Anchor_BanCorp_Wisconsin_Inc__Old_National_Bancorp_IN,9597000.0,58443.55,2575923.6174999997,423899490.0,0.0566032093362509,0.0566032093362509,0.9433967906637492,0.0566032093362509,,"Anchor stockholders who did not submit a valid, timely election form were deemed 'non-election' shares. Non-election shares are allocated first to whichever form of consideration (cash or stock) is undersubscribed, before shares of stockholders who affirmatively elected the oversubscribed form are switched/prorated. Thus, electing shareholders have priority over non-election shares when proration is necessary.",,1/12/2016,,,,4.18976,4.329999999999998,48.5,44.31024,rolling_structural_fit,184,27,3.5451516468403823,-10.902885351447164,0.4,0.0,0.0,0.0,0.9433967906637492,0.4,0.4056603209336251,0.594339679066375,cash,ok,
E000107_20210622_County_Bancorp_Inc__Nicolet_Bankshares_Inc,6078000.0,26462.0,752780.866,209387100.00000003,0.0814995064165844,0.0814995064165844,0.9185004935834156,0.0814995064165844,,"Shares for which no valid election is made (or election is revoked without a new valid election) are treated as 'no election shares.' No-election shares are used first to fill any shortfall toward the cash election threshold (before stock election shares are reallocated), but in the proration/allocation process, no-election shares are deprioritized relative to shares for which a timely election was properly made when oversubscription occurs (i.e., they generally get the undersubscribed form of consideration before oversubscribed-electing shares are switched).",,6/22/2021,,,,,2.729999999999997,37.18,,rolling_structural_fit,258,31,3.5858884487875153,-10.608741537749175,0.2,0.1,0.1,0.10887310425916313,0.8185004935834156,0.2,,,,blocked,missing_inputs:stock_value
E000108_20100202_COMSYS_IT_Partners_Inc__ManpowerGroup_Inc,21062000.0,841287.45,14308234.661000002,366268180.0,0.0016415345171398,0.0016415345171398,0.9983584654828602,0.0016415345171398,,Shares tendered without a valid election are deemed to have made a stock election (subject to proration and cash-in-lieu of fractional shares).,,2/2/2010,0.8999565424698202,0.8993000000000001,89.93,-956.1005,956.3605,17.65,973.7505,rolling_structural_fit,79,21,2.6473205778004365,-8.05247787180967,0.3,0.0,0.0,0.0,0.9983584654828602,0.3,0.30032830690342793,0.6996716930965721,stock,ok,
E000109_20151123_CommunityOne_Bancorp__Capital_Bank_Financial_Corp,24292000.0,48611.25,674994.396,343245960.0,0.0374959575168779,0.0374959575168779,0.9625040424831222,0.0374959575168779,,Shares for which no valid election is made by the election deadline ('non-election shares') are converted into the cash consideration or the stock consideration according to the proration procedures set forth in the merger agreement (generally allocated first to the undersubscribed form of consideration).,,11/23/2015,,,,-0.1291999999999991,0.2491999999999983,14.25,14.3792,rolling_structural_fit,180,26,3.5348359140782937,-10.951816318850218,0.4,0.0,0.0,0.0,0.9625040424831222,0.4,0.4037495957516878,0.5962504042483122,stock,ok,
E000110_20070702_North_Pittsburgh_Systems_Inc__Consolidated_Communications_Holdings_Inc,15005000.0,128619.8,2789252.4035,363421100.0,0.0,0.0,1.0,0.0,,"Shares for which no valid election is made (non-election) are not automatically cash or stock; instead they receive consideration based on the results of the proration procedures, filling whatever allocation (cash or stock) remains after processing valid elections. Because other shareholders' elections are taken into account, non-electing holders are likely to receive the form of consideration having the lower value.",,7/2/2007,0.826,0.826,82.6,0.1991148259999953,0.7800000000000011,25.0,24.800885174000005,rolling_structural_fit,38,8,1.1155471149404323,-3.471121981359167,0.3,0.2,0.2,0.2,0.8,0.3,0.44,0.5599999999999999,cash,ok,
E000111_20110620_Tower_Bancorp_Inc__Susquehanna_Bancshares_Inc,11994000.0,27663.7,553820.0465,244317780.0,0.0280652034350508,0.0280652034350508,0.9719347965649492,0.0280652034350508,,"Shares of holders who indicate no preference or fail to make a valid election ('non-election shares') default to the per-share stock consideration, unless there is an oversubscription of the stock consideration pool, in which case some or all of such shares may instead receive the per-share cash consideration.",,6/20/2011,,,,-0.9364639999999972,8.566463999999996,28.0,28.936463999999997,rolling_structural_fit,100,30,4.1451230758046735,-12.879182482323683,0.3,0.0,0.0,0.0,0.9719347965649492,0.3,,,,blocked,"missing_inputs:cash_cap,stock_cap"
E000112_20161024_Merchants_Bancshares_Inc_VT__Community_Financial_System_Inc,6886000.0,23264.2,957471.613,296786600.0,0.0580250784199825,0.0580250784199825,0.9419749215800176,0.0580250784199825,mixed,"Merchants stockholders who fail to make a timely/valid election, or make no election, receive the mixed election consideration (0.6741 CBU shares + $12.00 cash per share).",,10/24/2016,,,,-4.962469999999996,1.8624699999999947,40.0,44.96247,rolling_structural_fit,201,27,3.279758432866233,-9.85243461622863,0.3,0.1,0.1,0.10615993877232469,0.8419749215800175,0.3,0.2816050156839965,0.7183949843160035,stock,ok,
E000113_20080220_ProCentury_Corp__Ameritrust_Group_Inc,13364000.0,40751.35,612915.924,205538320.0,4.70667464830889e-05,4.70667464830889e-05,0.9999529332535168,4.70667464830889e-05,,Shares for which no valid election is made (or election form not properly submitted/received by deadline) are treated as 'no-election shares' and are subject to allocation/proration along with cash- and stock-election shares to achieve the 45% cash/55% stock aggregate split; no-election shareholders may not receive the same form of consideration as if they had elected.,,2/20/2008,,,,,4.619999999999999,20.0,,rolling_structural_fit,57,14,1.693394825207177,-5.078885162090273,0.2,0.2,0.2,0.20000941379237322,0.7999529332535169,0.2,,,,blocked,missing_inputs:stock_value
E000114_20150127_Courier_Corp__RR_Donnelley___Sons_Co,11509000.0,166709.95,3419612.7445,271267130.0,0.0474255799808845,0.0474255799808845,0.9525744200191156,0.0474255799808845,,"Shares for which no valid election is made (non-election) receive no guaranteed consideration type; treatment depends on whether the stock election is oversubscribed or undersubscribed. In the oversubscription example given, non-election shares (along with cash-election shares) are converted entirely into cash consideration. The undersubscription example in the same filing assumes no non-election shares.",,1/27/2015,0.1000312500598594,0.119,11.9,0.5226959999999998,-0.5700000000000003,23.0,22.477304,rolling_structural_fit,159,28,3.9508673692032206,-12.31450777454101,0.4,0.0,0.0,0.0,0.9525744200191155,0.4,0.40474255799808845,0.5952574420019116,exit,ok,
E000115_20100410_Boots___Coots_LLC__Halliburton_Co,80128000.0,707540.0,1614630.8,188300800.0,0.0447403030151757,0.0447403030151757,0.9552596969848244,0.0447403030151757,mixed,"Stockholders who fail to submit a valid, timely election (or submit an improperly completed/unsigned election form) are deemed non-electing 'non-election shares' and receive the mixed cash-and-stock consideration ($1.73 cash + stock valued at $1.27 via exchange ratio), same as mixed electors, subject to proration.",,4/10/2010,0.3398341304642829,0.347,34.7,-37.0939,37.7439,3.0,40.0939,rolling_structural_fit,80,22,3.0060876669314105,-9.322214747329626,0.3,0.0,0.0,0.0,0.9552596969848243,0.3,,,,blocked,"missing_inputs:cash_cap,stock_cap"
E000116_20150422_Palmetto_Bancshares_Inc__United_Community_Banks_Inc_GA,12815000.0,17995.7,330451.34650000004,231310750.0,0.0172496152945766,0.0172496152945766,0.9827503847054234,0.0172496152945766,,"Shares as to which no valid election is made (non-election shares) will receive the stock consideration and/or cash consideration as determined pursuant to the allocation provisions of the merger agreement without regard to preference. Specifically, non-electing shareholders will be treated as though they elected all cash, unless cash has been fully subscribed by electing shareholders, in which case they will be treated as if they elected all stock.",,4/22/2015,,,,,1.1999999999999993,19.25,,rolling_structural_fit,164,28,3.9352453189314187,-12.25904090549161,0.4,0.0,0.0,0.0,0.9827503847054234,0.4,,,,blocked,missing_inputs:stock_value
E000117_20151208_Fox_Chase_Bancorp_Inc__Univest_Financial_Corp,11591000.0,17525.85,316145.9464999999,213969860.0,0.0574903787421275,0.0574903787421275,0.9425096212578724,0.0574903787421275,stock,"Shareholders who did not make a valid election (or whose forms were not timely/properly completed) had no control over the consideration received; per the S-4, non-election shares would receive merger consideration based on the allocation/proration procedures. Per the actual completion 8-K, non-electing shareholders ultimately received only stock consideration (because stock was undersubscribed relative to the 60% target in the actual results).",,12/8/2015,0.783015879471942,0.738,73.8,1.6645029999999998,2.539999999999999,21.0,19.335497,rolling_structural_fit,183,26,3.414833425444845,-10.502820157684537,0.4,0.0,0.0,0.0,0.9425096212578725,0.4,0.37700384850314905,0.622996151496851,cash,ok,
E000118_20110420_Bancorp_Rhode_Island_Inc__Brookline_Bancorp_Inc,4688000.0,35303.7,1413454.7165,206272000.0,0.0517436390784982,0.0517436390784982,0.9482563609215018,0.0517436390784982,,"Shares for which no valid election is made (non-election/no-election shares) are allocated cash and/or stock based on the elections of other shareholders and the allocation/proration procedures; non-electing shareholders are subordinate in priority to electing shareholders when re-allocation is needed. Per the December 2011 results release, non-electing shares were ultimately treated as receiving stock consideration (4.686 shares per share).",,4/20/2011,0.9861554522576648,0.961,96.1,6.029139999999998,4.25,48.25,42.22086,rolling_structural_fit,98,29,3.7217759978096248,-11.379342038415189,0.3,0.0,0.0,0.0,0.9482563609215018,0.3,0.3103487278156996,0.6896512721843003,cash,ok,
E000119_20220524_PCSB_Financial_Corp__Brookline_Bancorp_Inc,15335000.0,92280.05,1772802.8985,302099500.0,0.1057728073035539,0.1057728073035539,0.8942271926964461,0.1057728073035539,mixed,Shares for which no valid election is made are 'non-election shares.' They receive a mix of cash and stock consideration depending on the aggregate elections of other stockholders (used to fill any shortfall in the 60%/40% target before pro rata reallocation of electing shareholders' consideration).,,5/24/2022,0.9059371074429222,0.863,86.3,3.2031399999999977,2.3000000000000007,22.0,18.79686,rolling_structural_fit,267,31,3.0434251804802064,-8.095093935959405,0.2,0.1,0.1,0.11182840425424856,0.7942271926964461,0.2,0.3117318421910662,0.6882681578089339,cash,ok,
E000120_20250403_Old_Point_Financial_Corp__Towne_Bank_Portsmouth_VA,,,,,0.0,0.0,1.0,0.0,,"Shares for which no valid election is made (non-election shares) are deemed non-election shares and are allocated per the proration formula: if stock election number is within min/max range, non-election shares receive cash consideration; if stock election number is below minimum (shortfall), non-election shares are first used to fill the stock shortfall (converted to stock consideration) up to the shortfall amount, with any remainder receiving cash.",,4/3/2025,,,,,,41.0,,rolling_structural_fit,281,34,2.9908214676249587,-7.022958554295322,0.2,0.1,0.1,0.1,0.9,0.2,,,,blocked,"missing_inputs:stock_value,entry_target_price"
E000121_20070129_Premier_Community_Bankshares_Inc__United_Bankshares_Inc_WV,5705000.0,25620.85,810961.501615,189291900.0,0.0,0.0,1.0,0.0,mixed,"Shares for which no valid election is made ('no election'/non-election shares) are used first to satisfy any shortfall needed to reach the 50% stock floor (converted to stock/cash mix); if the shortfall exceeds non-election shares, all non-election shares are converted to stock. If the stock election number is between 50%-65%, non-election shares receive cash or stock at United's discretion. If stock elections exceed 65%, non-election shares are deemed cash elections.",,1/29/2007,,,,0.5943999999999932,0.8200000000000003,34.0,33.40560000000001,rolling_structural_default,20,0,,,0.5,0.3,0.3,0.3,0.7,0.5,0.65,0.35000000000000003,cash,ok,
E000122_20070720_Oak_Hill_Financial_Inc__WesBanco_Inc,5346000.0,21504.65,616118.9299999999,176685299.99999997,0.0,0.0,1.0,0.0,,"Shareholders who did not make a timely or valid election were deemed to have made 'no election'; such non-election shares were used first in the allocation/proration process to balance the mandated 90% stock / 10% cash split. In the final results, all non-election shares were allocated all-stock consideration because cash elections alone exceeded the 10% cash pool.",,7/20/2007,0.6536,0.6536,65.36,4.439680000000003,4.950000000000003,38.0,33.56032,rolling_structural_fit,41,9,1.2260357482236026,-3.7999731806217176,0.3,0.4,0.4,0.4,0.6,0.3,0.5800000000000001,0.42,cash,ok,
E000123_20130306_Asset_Acceptance_Capital_Corp__Encore_Capital_Group_Inc,30771000.0,84294.5,524418.8665,198780660.0,0.0167634785999805,0.0167634785999805,0.9832365214000196,0.0167634785999805,,"Shares for which no valid cash or stock election was made (non-election shares), or for which the election form was not timely/properly submitted, are automatically converted into the right to receive cash consideration only ($6.50/share), not subject to proration.",,3/6/2013,0.4786419650379764,0.479,47.9,-0.1762559999999995,0.2162559999999995,6.5,6.6762559999999995,rolling_structural_fit,124,34,4.31456033121457,-13.14970345639886,0.3,0.0,0.0,0.0,0.9832365214000195,0.3,0.3033526957199961,0.6966473042800039,stock,ok,
E000124_20070702_First_Mutual_Bancshares_Inc__WaFd_Inc,6695000.0,2012.55,44721.259260000006,149834100.0,0.0,0.0,1.0,0.0,,"Shares for which no valid election is made (or where broker fails to instruct) are treated as 'no-election shares' and are subject to the allocation procedures — i.e., they are allocated cash and/or stock depending on the elections made by other shareholders and the average WaFd share price, to fill whatever shortfall remains after honoring cash/stock elections, subject to the overall 50/50 split requirement. In an oversubscription-of-cash scenario, no-election shares are converted entirely to WaFd stock.",,7/2/2007,,,,,4.640000000000001,27.02,,rolling_structural_fit,39,9,1.2260357482236026,-3.7999731806217176,0.3,0.4,0.4,0.4,0.6,0.3,,,,blocked,missing_inputs:stock_value
E000125_20141215_LNB_Bancorp_Inc__Northwest_Bancshares_Inc,9665000.0,17358.85,281052.83050000004,164981550.0,0.0120159068804966,0.0120159068804966,0.9879840931195034,0.0120159068804966,mixed,"Non-election shares are treated as follows: if stock is oversubscribed, non-election shares receive cash; if stock is undersubscribed and non-election shares are sufficient to cover the shortfall, non-election shareholders receive a mix of cash and stock to make up the shortfall (cash electors get cash); if non-election shares are insufficient to cover the shortfall, non-election shareholders receive all stock and cash electors receive a mix of cash/stock.",,12/15/2014,,,,0.6566499999999991,1.629999999999999,18.7,18.04335,rolling_structural_fit,157,27,3.933605178362504,-12.30655347850498,0.4,0.0,0.0,0.0,0.9879840931195034,0.4,0.40120159068804967,0.5987984093119503,cash,ok,
E000126_20071217_IBT_Bancorp_Inc_PA__S_T_Bancorp_Inc,5853000.0,9755.0,231886.077,162713400.0,5.125576627370579e-05,5.125576627370579e-05,0.9999487442337264,5.125576627370579e-05,mixed,"Non-electing (or invalid-election) IBT shareholders will receive merger consideration equal in value to that paid to electing holders, but may be paid all cash, all stock, or a mix, depending on the remaining pool of cash and stock available after honoring valid cash and stock elections; per the post-election press release, shares with no election were converted into cash consideration at $31.00 per share.",,12/17/2007,0.2631878620124045,0.2632,26.32,4.3740999999999985,3.1999999999999993,31.0,26.6259,rolling_structural_fit,53,12,1.5758515932143586,-4.84659742128545,0.2,0.3,0.3,0.30001537751806856,0.6999487442337262,0.2,0.4400153767298821,0.5599846232701179,cash,ok,
E000127_20060919_Summit_Bank_Corp__UCBH_Holdings_Inc,7132000.0,55856.25,1139969.24145,159614160.0,0.0,0.0,1.0,0.0,,"Shares with no valid election submitted by the deadline are treated as 'non-electing' shares. UCBH first uses these non-electing shares as a buffer to satisfy shareholders who did make elections (allocating them to cash or stock as needed to preserve others' specific elections and to reach the mandated 50%/50% cash/stock split). If there are insufficient non-electing shares to absorb an oversubscription, specific elections themselves are prorated instead.",,9/19/2006,,,,,2.120000000000001,24.5,,rolling_structural_default,6,0,,,0.5,0.3,0.3,0.3,0.7,0.5,,,,blocked,missing_inputs:stock_value
E000128_20170126_Centrue_Financial_Corp__Midland_States_Bancorp_Inc,6514000.0,359.4,7933.76432,146043880.0,0.0301438440282468,0.0301438440282468,0.9698561559717532,0.0301438440282468,mixed,"Shares for which no valid election is made ('non-electing shares') are converted into a combination of cash and Midland stock, determined by dividing any excess available cash (after mixed-election shares) by the number of non-electing shares, plus 0.65x the exchange ratio in stock (i.e., non-electing shares are treated similarly to mixed-consideration electing shares based on residual availability).",,1/26/2017,,,,0.3489120000000021,4.329999999999998,26.75,26.401088,rolling_structural_fit,206,27,3.2645083053031567,-9.789516308342307,0.3,0.1,0.1,0.10310807369140675,0.8698561559717533,0.3,0.3760287688056494,0.6239712311943507,cash,ok,
E000129_20191001_Altera_Infrastructure_LP__Brookfield_Business_Partners_LP,410708000.0,1243723.5,1851638.4545,628383240.0,0.0,0.0,1.0,0.0,cash,"Any common unit for which a properly completed election form and letter of transmittal is not submitted by the election deadline, or with respect to which no election is made, is deemed to have elected to receive the cash merger consideration ($1.55/unit).",,10/1/2019,,,,-37.55,37.57,1.55,39.1,rolling_structural_fit,242,30,3.3122570422907978,-9.57761392079106,0.2,0.1,0.1,0.1,0.9,0.2,,,,blocked,"missing_inputs:cash_cap,stock_cap"
E000130_20060914_Vision_Bancshares_Inc_AL__Park_National_Corp,,,,,0.0,0.0,1.0,0.0,,"Vision shareholders who do not make a valid election (non-electing shares) will be deemed to have elected the form of merger consideration (cash or Park stock) for which less than 50% of total Vision shares have elected — i.e., they are allocated to the undersubscribed consideration type.",,9/14/2006,,,,-0.9875000000000008,,25.0,25.9875,rolling_structural_default,5,0,,,0.5,0.3,0.3,0.3,0.7,0.5,,,,blocked,missing_inputs:entry_target_price
E000131_20170501_ASB_Bancorp_Inc__First_Bancorp_Southern_Pines_NC,3788000.0,1485.6842105263158,51902.44775789473,,0.0130802534318901,0.0130802534318901,0.98691974656811,0.0130802534318901,mixed,"If a holder does not make an election by the deadline (4:00 p.m. local time on September 18, 2017), First Bancorp has the authority to determine the type of consideration (cash, stock, or mix) for such non-election shares.",,5/1/2017,,,,-1.6599999999999966,,41.9,43.559999999999995,rolling_structural_fit,211,28,3.325397507674566,-9.901664841272495,0.3,0.1,0.1,0.1013253614062719,0.8869197465681099,0.3,,,,blocked,missing_inputs:entry_target_price
E000132_20070125_Civitas_BankGroup_Inc__Green_Bankshares_Inc,15912000.0,8013.6,63465.3215,127296000.0,0.0,0.0,1.0,0.0,mixed,"Shareholders who do not make a timely, valid election are deemed to have elected to receive the mixed consideration of cash and stock (no-election shares are prorated as needed to achieve the 70%/30% stock/cash split).",,1/25/2007,,,,0.530009999999999,2.25,10.25,9.71999,rolling_structural_default,18,0,,,0.5,0.3,0.3,0.3,0.7,0.5,0.65,0.35000000000000003,cash,ok,
E000133_20061101_Business_Bank_Corp__City_National_Corp_CA,,,,,0.0,0.0,1.0,0.0,,"Shares for which no valid election was made (non-election shares) are allocated to cash or stock based on the shortfall/oversubscription mechanics described in the merger agreement — i.e., non-electing shares fill any shortfall in the cash or stock pools on a pro rata basis; if cash election shares are less than the cash conversion number, non-election shares (along with stock election shares) are allocated pro rata to cash to make up the shortfall.",,11/1/2006,,,,29.909672,,66.5,36.590328,rolling_structural_default,10,0,,,0.5,0.3,0.3,0.3,0.7,0.5,,,,blocked,missing_inputs:entry_target_price
E000135_20090908_Intellon_Corp__Qualcomm_Atheros_Inc,31344000.0,615276.6,4067744.894500001,223169280.0,0.0005512059724349,0.0005512059724349,0.9994487940275651,0.0005512059724349,,"Shares without a valid election (or with no-election box checked) are deemed to have made the Cash Election, entitling holder to up to $7.30 cash per share (balance paid in Atheros stock, subject to proration).",,9/8/2009,,,,-4.987708160000001,5.167708160000001,7.3,12.28770816,rolling_structural_fit,75,19,2.292141109778954,-6.867782279003872,0.3,0.0,0.0,0.0,0.9994487940275651,0.3,0.300110241194487,0.699889758805513,stock,ok,
E000136_20130422_Met-Pro_Corp__CECO_Environmental_Corp,14697000.0,98375.0,1226195.1,196645860.0,0.0695622943457848,0.0695622943457848,0.9304377056542152,0.0695622943457848,,"Shares for which no valid election is made (non-election) are not entitled to a fixed form of consideration; they receive cash, stock, or a combination depending on the proration results and elections of other shareholders. Per the August 26, 2013 press release, non-electing shares (and stock electors) received all-stock consideration because cash was oversubscribed.",,4/22/2013,0.6784106544599683,0.6659999999999999,66.6,10.9784,0.3699999999999992,13.75,2.7716,rolling_structural_fit,127,35,4.345412306715402,-13.153868898796379,0.3,0.0,0.0,0.0,0.9304377056542152,0.3,0.3139124588691569,0.686087541130843,cash,ok,
E000137_20070910_Great_Lakes_Bancorp_Inc__First_Niagara_Financial_Group_Inc,10925000.0,55560.0,706412.7,143117500.0,0.0,0.0,1.0,0.0,,"Stockholders who do not submit a properly completed election form (or who revoke it) prior to the election deadline are designated 'non-election shares.' Per the oversubscription provision, non-election shares are allocated to whichever consideration type (cash or stock) is undersubscribed relative to the 50/50 target.",,9/10/2007,,,,0.7037300000000002,0.9000000000000004,14.0,13.29627,rolling_structural_fit,48,10,1.2314527082236026,-3.7174325474455756,0.3,0.4,0.4,0.4,0.6,0.3,0.5800000000000001,0.42,cash,ok,
E000138_20141030_Integrity_Bancshares_Inc_PA__S_T_Bancorp_Inc,,,,,0.0,0.0,1.0,0.0,,"Shares whose holders do not make a valid election (fail to submit a properly completed election form and certificates by the deadline, select 'no election', or revoke without resubmitting) are deemed 'non-election shares' and are convertible, at S&T's discretion, into cash, stock, or a combination thereof, subject to the allocation/proration provisions of the merger agreement.",,10/30/2014,,,,-2.9660030000000006,,52.5,55.466003,rolling_structural_fit,153,28,4.014867228313666,-12.539475678420864,0.4,0.0,0.0,0.0,1.0,0.4,,,,blocked,missing_inputs:entry_target_price
E000139_20151116_High_Point_Bank_Corp__BNC_Bancorp,,,,,0.0,0.0,1.0,0.0,,"If a holder does not make a timely valid election, the shares are treated as though the holder elected to receive all stock, unless the stock option has been fully subscribed by electing HPTB shareholders, in which case the non-electing shares are treated as though the holder elected all cash.",,11/16/2015,,,,3.397172000000012,,300.0,296.602828,rolling_structural_fit,179,26,3.5348359140782937,-10.951816318850218,0.4,0.0,0.0,0.0,1.0,0.4,,,,blocked,"missing_inputs:entry_target_price,cash_cap,stock_cap"
E000140_20150504_PMFG_Inc__CECO_Environmental_Corp,21299000.0,91723.85,570231.1245,136739580.0,0.0263518681628245,0.0263518681628245,0.9736481318371756,0.0263518681628245,,PMFG stockholders who fail to make a valid election by the election deadline are deemed to have made a non-election; they have no control over the form of consideration received. The consideration received by non-electing holders depends on which form of merger consideration (cash or stock) is oversubscribed or undersubscribed at the election deadline.,,5/4/2015,,,,-22.056999999999995,22.486999999999995,6.85,28.906999999999996,rolling_structural_fit,166,28,3.9352453189314187,-12.25904090549161,0.4,0.0,0.0,0.0,0.9736481318371755,0.4,0.40263518681628246,0.5973648131837175,stock,ok,
E000141_20061106_Traffic.com_Inc__NAVTEQ_Corp,20597000.0,189487.2,1291375.292,152417800.0,0.0,0.0,1.0,0.0,mixed,"If cash elections exceed the cash cap, non-electing shares receive stock; if stock elections exceed the stock cap, non-electing shares receive cash; otherwise (no proration triggered), non-electing shares receive a pro rata mix of remaining cash and stock consideration after allocations to electing holders.",,11/6/2006,,,,0.6492000000000004,0.5999999999999996,8.0,7.3508,rolling_structural_default,11,0,,,0.5,0.3,0.3,0.3,0.7,0.5,0.65,0.35000000000000003,cash,ok,
E000142_20251020_CNB_Bank_Shares_Inc__HBT_Financial_Inc,,,,,0.0,0.0,1.0,0.0,,"Shares with no valid election become 'non-election shares' and are converted into cash, stock, or a combination as needed to satisfy the aggregate cash and aggregate stock consideration requirements per the proration methodology (i.e., allocated to whichever side needs filling to meet the caps).",,10/20/2025,,,,,,27.73,,rolling_structural_fit,290,32,2.9812594447296417,-7.524546350929647,0.2,0.1,0.1,0.1,0.9,0.2,,,,blocked,"missing_inputs:stock_value,entry_target_price,cash_cap,stock_cap"
E000143_20070205_Capital_Bancorp_Inc_TN__Renasant_Corp,,,,,0.0,0.0,1.0,0.0,,"Holders who fail to submit a valid, timely election form are deemed to have elected the combination option: cash for 40% of their shares and Renasant stock for the remaining 60% of their shares, at the same price/exchange ratio.",,2/5/2007,,,,3.9246860000000017,,38.0,34.075314,rolling_structural_default,22,0,,,0.5,0.3,0.3,0.3,0.7,0.5,,,,blocked,missing_inputs:entry_target_price
E000144_20150224_Oneida_Financial_Corp__Community_Financial_System_Inc,7025000.0,2397.15,31529.68848,93080547.5,0.0007003558718861,0.0007003558718861,0.999299644128114,0.0007003558718861,mixed,"Shares for which no valid election is made before the election deadline are converted into the right to receive CBU common stock (at the 0.5635 ratio), $20.00 cash, or a combination of both, as determined by CBU pursuant to the same allocation/proration procedures applied to all shares (not a fixed pre-set 'mixed' default).",,2/24/2015,,,,-0.0436949999999995,6.793794999999999,20.0,20.043695,rolling_structural_fit,161,28,3.9352453189314187,-12.25904090549161,0.4,0.0,0.0,0.0,0.9992996441281139,0.4,0.4000700355871886,0.5999299644128113,stock,ok,
E000145_20070516_East_Penn_Financial_Corp__Harleysville_National_Corp,6305000.0,12295.2,153140.599,85117500.0,0.0,0.0,1.0,0.0,,"Shares with no valid/timely election ('no-election shares') are allocated cash and/or Harleysville stock in amounts necessary to satisfy the aggregate cash and stock consideration allocation requirements under the merger agreement (i.e., no-election shares absorb whatever consideration type is needed to balance the aggregate cap). At closing, remaining no-election/cash-election shareholders received $14.50 cash per share.",,5/16/2007,,,,-301.5,302.5,14.5,316.0,rolling_structural_default,29,0,,,0.5,0.3,0.3,0.3,0.7,0.5,0.35000000000000003,0.65,stock,ok,
E000146_20190107_HopFed_Bancorp_Inc__First_Financial_Corp,6649000.0,6801.15,94773.948,103724400.0,0.0240302301097909,0.0240302301097909,0.9759697698902092,0.0240302301097909,,"Non-election shares (shares for which no election, or an untimely/incomplete election, was made) are allocated according to the proration/allocation mechanism depending on whether stock or cash consideration is oversubscribed - they are not automatically deemed cash or stock but are subject to the same 50/50 balancing mechanism, generally absorbed into whichever pool is needed to restore the 50/50 split (e.g., in a stock oversubscription scenario, non-election shares are converted to cash consideration).",,1/7/2019,,,,2.116679999999999,5.4,21.0,18.88332,rolling_structural_fit,234,30,3.0719055767502152,-8.384666442379151,0.2,0.1,0.1,0.10246219000333322,0.8759697698902091,0.2,0.2872090690329373,0.7127909309670628,cash,ok,
E000147_20151130_HF_Financial_Corp__Great_Western_Bancorp_Inc,7054000.0,1405.2,22661.258039999997,114486420.0,0.0056447405727246,0.0056447405727246,0.9943552594272754,0.0056447405727246,mixed,"Shares for which no valid election is made (or delivery of certificates fails) are deemed 'non-election shares' and are converted into cash and/or stock consideration according to the proration procedures — i.e., they receive whichever form of consideration is undersubscribed, or a mix if neither election is oversubscribed.",,11/30/2015,0.1938719867833483,0.1956,19.56,-0.1430000000000006,3.4130000000000003,19.5,19.643,rolling_structural_fit,182,26,3.5348359140782937,-10.951816318850218,0.4,0.0,0.0,0.0,0.9943552594272754,0.4,0.40056447405727247,0.5994355259427275,stock,ok,
E000148_20081215_American_Bancorp_of_New_Jersey_Inc__Investors_Bancorp_Inc,10860000.0,41496.55,458452.5351,121414800.0,0.0019691528545119,0.0019691528545119,0.998030847145488,0.0019691528545119,,"Shares for which no valid election is made (or election revoked) are designated 'non-election shares' and are allocated cash or stock consistent with overall proration mechanics; per final election results release, non-electing shareholders received 0.9218 shares of Investors stock per share.",,12/15/2008,,,,0.8853200000000001,1.3200000000000005,12.5,11.61468,rolling_structural_fit,69,16,2.0356815998742066,-6.208952363982913,0.3,0.1,0.1,0.10019730380680558,0.8980308471454881,0.3,0.3703938305709024,0.6296061694290976,cash,ok,
E000149_20140604_TF_Financial_Corp__National_Penn_Bancshares_Inc,3152000.0,25585.95,1048707.484425,132699515.2,0.009927347715736,0.009927347715736,0.990072652284264,0.009927347715736,,Shares for which a holder does not submit a properly completed election form (or revokes without resubmitting) by the election deadline are designated 'no-election shares.' These are allocated per the proration formula: first deemed cash election shares (pro rata) to the extent needed to fill the 40% cash cap; any remainder is treated as common stock election shares.,,6/4/2014,,,,-2.0145999999999944,1.9144999999999968,42.0,44.014599999999994,rolling_structural_fit,145,30,4.203293434785736,-13.088220808351458,0.4,0.0,0.0,0.0,0.990072652284264,0.4,0.4009927347715736,0.5990072652284264,stock,ok,
E000150_20140805_Peoples_Federal_Bancshares_Inc__Independent_Bank_Corp,6241000.0,8191.95,149871.12099999998,113336560.0,0.0253060406986059,0.0253060406986059,0.974693959301394,0.0253060406986059,,Shares for which no election is made (or an election form is not properly completed/timely returned) are 'non-election shares'; the consideration a non-electing stockholder receives depends on the elections made by other Peoples stockholders and the proration/allocation procedures used to achieve the 60% stock/40% cash split (non-election shares are allocated to whichever pool — cash or stock — is undersubscribed after cash/stock electing shares are processed).,,8/5/2014,,,,0.9459869999999988,2.84,21.0,20.054013,rolling_structural_fit,148,30,4.193956605707829,-13.054864056269768,0.4,0.0,0.0,0.0,0.9746939593013941,0.4,0.40253060406986063,0.5974693959301394,cash,ok,
E000151_20120531_Beacon_Federal_Bancorp_Inc__Beacon_Financial_Corp,6199000.0,15645.1,208747.292415,82446700.0,0.0019106307468946,0.0019106307468946,0.9980893692531054,0.0019106307468946,,"Shares for which no valid election was made by the election deadline are deemed 'non-election shares' and are converted to cash and/or stock per the proration formula (Section 3.2.6), not automatically all-cash or all-stock. Dissenting shares are deemed cash-election shares.",,5/31/2012,,,,-7.302399999999999,14.502399999999998,20.5,27.8024,rolling_structural_fit,112,33,4.587710971537769,-14.268386642601794,0.3,0.0,0.0,0.0,0.9980893692531054,0.3,0.3003821261493789,0.699617873850621,stock,ok,
E000152_20061016_First_Morris_Bank_NJ__Provident_Financial_Services_Inc,,,,,0.0,0.0,1.0,0.0,,Shares with no valid election are 'non-election shares' and are allocated cash or stock (or a combination) depending on the proration needed to reach the 50% stock / 50% cash target — non-election holders are treated similarly to cash electors in oversubscription scenarios (receive cash if stock oversubscribed) but may receive stock to fill shortfall if stock undersubscribed and shortfall <= non-election shares.,,10/16/2006,,,,0.1698649999999943,,39.75,39.580135000000006,rolling_structural_default,9,0,,,0.5,0.3,0.3,0.3,0.7,0.5,,,,blocked,missing_inputs:entry_target_price
E000153_20190816_Bancorp_of_New_Jersey_Inc__ConnectOne_Bancorp_Inc,7293000.0,35814.05,545555.8686050001,113089633.8,0.0086706430824077,0.0086706430824077,0.9913293569175924,0.0086706430824077,,"Shareholders who do not submit a properly completed and signed form of election by the election deadline (non-election or invalid election) will have no control over the type of consideration received; if the cash election is oversubscribed, non-electing/invalid-electing holders receive stock consideration (subject to proration).",,8/16/2019,,,,0.5953999999999997,0.7433999999999994,16.25,15.6546,rolling_structural_fit,240,29,3.0139920988032416,-8.320777369314621,0.2,0.1,0.1,0.10087464806947391,0.8913293569175923,0.2,0.2826011929247223,0.7173988070752777,cash,ok,
E000154_20070604_Community_Bank___Trust_Co_Wolfeboro_NH__Chittenden_Corp,,,,,0.0,0.0,1.0,0.0,,"Shares for which no valid election is made ('non-election shares') are allocated cash and/or Chittenden common stock depending on the elections made by other Community Bank shareholders, per the allocation procedures; non-electing shareholders are subordinate (lower priority) to electing shareholders when re-allocation is required.",,6/4/2007,,,,0.0330639999999959,,33.37,33.336936,rolling_structural_fit,32,7,1.0733892438841266,-3.36975827111296,0.2,0.3,0.3,0.3,0.7,0.2,,,,blocked,missing_inputs:entry_target_price
E000155_20220119_Denmark_Bancshares_Inc__Bank_First_Corp,,,,,0.0,0.0,1.0,0.0,stock,"Shares for which no valid election is made by the election deadline are deemed ""non-election shares"" and are converted into the right to receive stock consideration only.",,1/19/2022,,,,0.2183200000000056,,38.1,37.88168,rolling_structural_fit,264,30,3.015348037389662,-8.18533021158145,0.2,0.1,0.1,0.1,0.9,0.2,,,,blocked,"missing_inputs:entry_target_price,cash_cap,stock_cap"
E000156_20220324_Emclaire_Financial_Corp__Farmers_National_Banc_Corp,2735000.0,15202.45,489067.32644,104394950.0,0.0193122486288848,0.0193122486288848,0.9806877513711152,0.0193122486288848,,Shares for which no valid election is made are 'non-election shares' and are allocated cash or stock according to the allocation/proration procedures (used first to fill any undersubscribed form of consideration); non-electing shareholders do not get priority over electing shareholders in proration.,,3/24/2022,,,,2.7620000000000005,1.8299999999999983,40.0,37.238,rolling_structural_fit,265,30,3.015348037389662,-8.18533021158145,0.2,0.1,0.1,0.10196925561697738,0.8806877513711152,0.2,0.28579367458866545,0.7142063254113347,cash,ok,
E000157_20060718_Westbank_Corp__NewAlliance_Bancshares_Inc,4823000.0,8627.8,154736.9267,86814000.0,0.0,0.0,1.0,0.0,,"Non-electing shares (or shares making a 'no preference election') are treated as follows: if >50% of exchanged shares elect stock, non-electors get all cash ($23.00/share); if <50% elect stock, non-electors get stock if non-election shares are insufficient to reach the 50% stock threshold, or a combination of cash and stock if sufficient.",,7/18/2006,,,,-300.84,305.84,23.0,323.84,rolling_structural_default,0,0,,,0.5,0.3,0.3,0.3,0.7,0.5,0.35000000000000003,0.65,stock,ok,
E000158_20151001_First_Capital_Bancorp_Inc_VA__Park_Sterling_Corp,12923000.0,15893.6,80248.63306,66165760.0,0.0027594985684438,0.0027594985684438,0.9972405014315562,0.0027594985684438,,"Shareholders/warrant holders who do not make a valid election (or make a 'no preference' election) are allocated cash, stock, or a combination thereof by the exchange agent, based on the elections made by other holders, subject to the 70%/30% stock/cash allocation and proration procedures. Dissenting shares are treated as cash election shares.",,10/1/2015,,,,0.3178479999999997,0.4199999999999999,5.54,5.222152,rolling_structural_fit,176,26,3.5348359140782937,-10.951816318850218,0.4,0.0,0.0,0.0,0.9972405014315562,0.4,0.4002759498568444,0.5997240501431556,cash,ok,
E000159_20070119_Merrill_Merchants_Bancshares_Inc__Chittenden_Corp,3550000.0,822.85,23119.4275,107565000.0,0.0,0.0,1.0,0.0,,"Shareholders who do not properly deliver an election (or fail to guarantee delivery) by the deadline forfeit the right to select consideration; their shares are deemed 'no election'/non-electing shares and are allocated cash and/or Chittenden common stock depending on the elections made by other shareholders, in accordance with the merger agreement's allocation provisions.",,1/19/2007,,,,0.5020000000000024,0.6999999999999993,31.0,30.498,rolling_structural_default,17,0,,,0.5,0.3,0.3,0.3,0.7,0.5,0.65,0.35000000000000003,cash,ok,
E000160_20120417_SRS_Labs_Inc__DTS_Inc_CA,14324000.0,130391.9,1150233.654,134502360.0,0.0491005515219212,0.0491005515219212,0.9508994484780788,0.0491005515219212,mixed,"Shares for which no valid election is made ('no election shares') receive consideration in whatever form or mix remains after taking into account other stockholders' elections and proration; in practice, if cash is oversubscribed, no-election shares receive stock consideration.",,4/17/2012,0.8785889250184996,0.86,86.0,0.0871952,0.1099999999999994,9.5,9.4128048,rolling_structural_fit,108,31,4.285012980970151,-13.314708372192975,0.3,0.0,0.0,0.0,0.9508994484780788,0.3,0.3098201103043842,0.6901798896956157,cash,ok,
E000161_20151124_Cheviot_Financial_Corp__MainSource_Financial_Group_Inc,6803000.0,44720.75,662850.5811150001,101364700.0,0.020714037924445,0.020714037924445,0.979285962075555,0.020714037924445,,"Non-election shares (shares where holder made no valid election or election form not timely/properly submitted) are allocated to cash or stock based on the aggregate election results: if overall elections would push stock conversion below the 50% target, non-election shares are converted to stock first; if elections would push stock conversion above 50%, non-election shares are converted to cash first (before pro rata reallocation of cash/stock elections).",,11/24/2015,,,,-0.8030600000000003,0.90306,15.0,15.80306,rolling_structural_fit,181,26,3.5348359140782937,-10.951816318850218,0.4,0.0,0.0,0.0,0.979285962075555,0.4,0.40207140379244455,0.5979285962075555,stock,ok,
E000162_20080317_Value_Financial_Services_Inc__EZCORP_Inc,,,,,0.0,0.0,1.0,0.0,,"Shares for which no valid election is made, multiple elections are made, or the holder fails to follow instructions/submit certificates by the election deadline are deemed 'No Election' shares. No Election shares are subject to the allocation procedures set forth in the merger agreement and proxy statement/prospectus (i.e., holders who make no election will receive merger consideration based on the results of the allocation/proration procedures, generally implying stock unless reallocation to cash is needed to satisfy the cash pool).",,3/17/2008,,,,2.4125000000000014,,11.0,8.587499999999999,rolling_structural_fit,60,14,1.693394825207177,-5.078885162090273,0.2,0.2,0.2,0.2,0.8,0.2,,,,blocked,missing_inputs:entry_target_price
E000163_20070627_Web.com_Holding_Co_Inc__Web.com_Group_Inc,16796000.0,50526.8,289394.895905,103631320.0,0.0,0.0,1.0,0.0,stock,"Shares for which no valid election was made by the election deadline (or an invalid election was made) were deemed to have elected stock consideration (i.e., treated as 'no election shares' receiving the stock consideration, subject to adjustment).",,6/27/2007,,,,,0.3532999999999999,6.5233,,rolling_structural_fit,37,8,1.1155471149404323,-3.471121981359167,0.3,0.2,0.2,0.2,0.8,0.3,,,,blocked,missing_inputs:stock_value
E000164_20161003_DCB_Financial_Corp_OH__First_Commonwealth_Financial_Corp,,,,,0.0,0.0,1.0,0.0,,"Shares without a valid election become 'non-election' shares. They are allocated to the undersubscribed form of consideration first; if one form (cash or stock) is undersubscribed, non-election shares are allocated to that form before oversubscribed electing shares are switched. Non-election shares have lower priority than validly-elected shares in proration.",,10/3/2016,,,,0.5724800000000005,,14.5,13.92752,rolling_structural_fit,199,27,3.279758432866233,-9.85243461622863,0.3,0.1,0.1,0.1,0.9,0.3,,,,blocked,missing_inputs:entry_target_price
E000165_20170816_First_Atlantic_Financial_Holdings_Inc__National_Commerce_Corp,,,,,0.0,0.0,1.0,0.0,,"Non-electing shares are generally deemed a stock election (NCC common stock); however, if valid stock elections (including deemed non-election shares) exceed the maximum issuable shares, non-election shares may instead be converted to cash under the proration procedure.",,8/16/2017,,,,-0.1519999999999974,,17.25,17.401999999999997,rolling_structural_fit,216,27,3.2348067965919127,-9.666126950328069,0.3,0.1,0.1,0.1,0.9,0.3,,,,blocked,"missing_inputs:entry_target_price,cash_cap,stock_cap"
E000166_20071011_Slade_s_Ferry_Bancorp__Independent_Bank_Corp,1726437000.0,7485632.05,247912678.297,56644397970.00001,0.0046691075318705,0.0046691075318705,0.9953308924681294,0.0046691075318705,mixed,"Shares with no valid election ('non-election shares') are allocated cash and/or stock based on elections of other shareholders and the required 25%/75% cash/stock ratio, with electing shareholders getting priority in reallocation. If holders of more than 75% of shares elect stock, non-electing shareholders get cash. If less than 75% elect stock, non-electing shareholders get stock (if capacity remains) or a mix of cash and stock if needed to reach 75% stock.",,10/11/2007,,,,0.7555000000000014,-7.310000000000002,25.5,24.7445,rolling_structural_fit,50,11,1.5037640475014238,-4.663742179365091,0.3,0.2,0.2,0.20093820207273835,0.7953308924681295,0.3,0.3011672768829676,0.6988327231170324,exit,ok,
E000167_20101025_Wilber_Corp__Community_Financial_System_Inc,10715000.0,26400.0,196717.38,95149200.0,0.0019832477834811,0.0019832477834811,0.9980167522165188,0.0019832477834811,mixed,"Shares for which no valid election is made (or an invalid/late election) are automatically deemed to have made the Mixed Election (80% stock / 20% cash), and are allocated pro rata among non-electing holders to achieve the overall 80%/20% split.",,10/25/2010,,,,-1.6968599999999991,2.3168599999999984,9.5,11.19686,rolling_structural_fit,92,27,3.382259392433829,-10.267885969386613,0.3,0.0,0.0,0.0,0.9980167522165189,0.3,0.30039664955669626,0.6996033504433038,stock,ok,
E000169_20220823_Town_and_Country_Financial_Corp__HBT_Financial_Inc,,,,,0.0,0.0,1.0,0.0,,"Shares for which no valid election is made by the deadline are treated as 'non-election shares' and are converted into the right to receive cash consideration or stock consideration according to the proration methodology specified in the merger agreement (i.e., allocated to whichever consideration type is undersubscribed to help meet the Aggregate Cash/Stock Consideration targets).",,8/23/2022,,,,0.4344699999999974,,35.66,35.22553,rolling_structural_fit,269,32,2.9901341211633348,-7.5715845695349095,0.1,0.2,0.2,0.2,0.8,0.1,,,,blocked,"missing_inputs:entry_target_price,cash_cap,stock_cap"
E000170_20080910_American_Community_Bancshares_Inc__Yadkin_Financial_Corp,6542000.0,34808.6,357622.88665999996,68756420.0,0.0,0.0,1.0,0.0,,"If a shareholder does not make a valid election by the election deadline, the shares are designated 'non-election shares' and the exchange agent has discretion to determine the consideration type, subject to the requirement that aggregate cash consideration equals 19.5% and aggregate stock consideration equals 80.5% of total outstanding shares (non-election shares fill in whichever pool is undersubscribed).",,9/10/2008,,,,,1.84,12.35,,rolling_structural_fit,66,16,2.0356815998742066,-6.208952363982913,0.3,0.1,0.1,0.1,0.9,0.3,,,,blocked,missing_inputs:stock_value
E000171_20160622_Carolina_Bank_Holdings_Inc__First_Bancorp_Southern_Pines_NC,5037000.0,16344.55,281629.69935,91320810.0,0.0266834663490172,0.0266834663490172,0.9733165336509828,0.0266834663490172,mixed,"If a CLBH shareholder does not make a valid election by the deadline (4:00 p.m. EST on [date]), First Bancorp has the authority to determine the type of consideration (cash, stock, or mix) to be exchanged for such non-election shares.",,6/22/2016,,,,1.8637999999999977,1.870000000000001,20.0,18.1362,rolling_structural_fit,194,27,3.3591665808527575,-10.175396879698654,0.3,0.1,0.1,0.10274149934029432,0.8733165336509828,0.3,0.37533669326980346,0.6246633067301965,cash,ok,
E000172_20130715_Saehan_Bancorp__Wilshire_Bancorp_Inc,,,,,0.0,0.0,1.0,0.0,mixed,"Shares with no valid election ('no election shares') are allocated cash, Wilshire stock, or a mix, depending on the aggregate cash and stock elections made by other shareholders (i.e., filled from whichever pool remains undersubscribed).",,7/15/2013,,,,-0.04042,,0.4247,0.46512,rolling_structural_fit,130,35,4.379383201803289,-13.29014571300341,0.3,0.0,0.0,0.0,1.0,0.3,,,,blocked,"missing_inputs:entry_target_price,cash_cap,stock_cap"
E000173_20190715_Carolina_Trust_Bancshares_Inc__Carolina_Financial_Corp,9302000.0,23069.3,219384.37348,94229260.0,0.0495138303590625,0.0495138303590625,0.9504861696409376,0.0495138303590625,,"Shares for which no valid election is made (non-election shares) are allocated by the exchange agent at its discretion among cash and stock according to the allocation procedures, to help balance the aggregate 90%/10% stock/cash split.",,7/15/2019,,,,0.2920000000000016,0.4399999999999995,10.57,10.278,rolling_structural_fit,239,29,3.0139920988032416,-8.320777369314621,0.2,0.1,0.1,0.10520931623631802,0.8504861696409375,0.2,0.2948541491077188,0.7051458508922813,cash,ok,
E000174_20141113_Foster_Wheeler_AG__Amec_Foster_Wheeler_Ltd,100127000.0,882591.95,27111604.898,3145990340.0,0.0733224213249173,0.0733224213249173,0.9266775786750828,0.0733224213249173,,"Tendering shareholders who make no valid election receive the type of consideration (cash or stock) that is NOT oversubscribed; if neither type is oversubscribed, no-election shareholders receive cash and AMEC shares in proportion to the amounts remaining after satisfying valid elections. No-election shareholders (or those failing to specify AMEC shares vs. ADSs) who receive share consideration receive AMEC shares (not ADSs).",,11/13/2014,0.9717930055295896,0.9372,93.72,3.7282839999999986,0.5799999999999983,32.0,28.271716,rolling_structural_fit,155,28,4.014867228313666,-12.539475678420864,0.4,0.0,0.0,0.0,0.9266775786750827,0.4,,,,blocked,"missing_inputs:cash_cap,stock_cap"
E000175_20210623_Cortland_Bancorp__Farmers_National_Banc_Corp,4262000.0,20431.6,552123.223,116778800.0,0.0143305959643359,0.0143305959643359,0.985669404035664,0.0143305959643359,,"Shares for which no valid/timely election is made are deemed 'no election' shares; the form of consideration for such shares is determined by Farmers (or at Farmers' direction, the exchange agent) in accordance with the merger agreement's allocation/proration procedures, intended to preserve the 75% stock / 25% cash aggregate split.",,6/23/2021,,,,0.0174999999999982,0.6000000000000014,28.0,27.9825,rolling_structural_fit,259,30,3.015348037389662,-8.18533021158145,0.2,0.1,0.1,0.1014538947750292,0.8856694040356641,0.2,0.2842991787893008,0.7157008212106992,cash,ok,
E000176_20160310_LaPorte_Bancorp_Inc__Horizon_Bancorp_Inc_IN,5578000.0,3326.55,48354.83061,81494580.0,0.0024419146647543,0.0024419146647543,0.9975580853352456,0.0024419146647543,,"Shares for which no valid election is made (or an election form is not properly completed/returned) are 'non-election shares.' These shares are used first to satisfy any shortfall needed to reach the 65% stock / 35% cash aggregate split before proration is applied to shares with an affirmative election; ultimately a non-electing holder may receive cash, stock, or a combination as determined by the allocation and proration procedures.",,3/10/2016,,,,2.473189999999999,2.890000000000001,17.5,15.02681,rolling_structural_fit,187,27,3.3591665808527575,-10.175396879698654,0.3,0.1,0.1,0.10024478922086363,0.8975580853352457,0.3,0.37048838293295083,0.6295116170670492,cash,ok,
E000177_20191025_Empire_Bancorp_Inc__Flushing_Financial_Corp,,,,,0.0,0.0,1.0,0.0,,"Shares with no valid election become 'non-election shares' and are converted to whichever form of consideration (cash or stock) is undersubscribed first, before electing shares in the oversubscribed form are subject to proration; non-election shares thus have lower priority than validly electing shares in the oversubscribed pool.",,10/25/2019,,,,0.3153919999999974,,14.04,13.724608000000002,rolling_structural_fit,243,30,3.3122570422907978,-9.57761392079106,0.2,0.1,0.1,0.1,0.9,0.2,,,,blocked,missing_inputs:entry_target_price
E000178_20131010_Camco_Financial_Corp__Huntington_Bancshares_Inc_OH,14455000.0,26215.0,1165444.15,653221450.0,0.1339579716361121,0.1339579716361121,0.8660420283638879,0.1339579716361121,,"Shares for which no valid election is made are 'non-election shares' and are converted to stock or cash consideration per the allocation procedures. Non-election shares are allocated to the undersubscribed form of consideration first, ahead of electing shares in the oversubscribed form being switched/prorated.",,10/10/2013,,,,-0.0836000000000005,-39.106399999999994,6.0,6.083600000000001,rolling_structural_fit,134,33,4.151798190764961,-12.621032231248423,0.4,0.0,0.0,0.0,0.8660420283638879,0.4,0.41339579716361124,0.5866042028363888,exit,ok,
E000179_20250924_1st_Colonial_Bancorp_Inc__Mid_Penn_Bancorp_Inc,,,,,0.0,0.0,1.0,0.0,,"Shareholders who make no election or an invalid election ('non-election shares') are not automatically deemed cash or stock; instead they are allocated whichever consideration type is under-subscribed as part of the proration mechanism (Section 3.4), so as to achieve the target 60% stock / 40% cash split.",,9/24/2025,,,,,,18.5,,rolling_structural_fit,288,33,2.990631335563779,-7.305710532664794,0.2,0.1,0.1,0.1,0.9,0.2,,,,blocked,"missing_inputs:stock_value,entry_target_price"
E000180_20191218_MSB_Financial_Corp_MD__Kearny_Financial_Corp_MD,5185000.0,4794.1,72278.41589,78812000.0,0.0103901639344262,0.0103901639344262,0.9896098360655738,0.0103901639344262,,"If a stockholder does not submit a properly completed election form (or online election) by the election deadline, such holder is deemed to have made no election. Non-electing (or invalid election) shares are then allocated according to the proration mechanics; per the July 2020 press release, shareholders who made no election or an invalid election ultimately received 1.3 shares of Kearny common stock per MSB share (i.e., were treated as stock consideration recipients since cash was oversubscribed), plus cash in lieu of fractional shares.",,12/18/2019,,,,-0.2650000000000005,3.0650000000000013,18.0,18.265,rolling_structural_fit,244,30,3.3122570422907978,-9.57761392079106,0.2,0.1,0.1,0.10104992528931753,0.8896098360655739,0.2,0.1831170491803279,0.8168829508196722,stock,ok,
E000181_20221221_Brunswick_Bancorp__Mid_Penn_Bancorp_Inc,,,,,0.0,0.0,1.0,0.0,,"Brunswick shareholders who made no election or an invalid election were deemed non-electing; non-election shares factored into the proration formula and received whichever form of consideration (cash or stock) was underelected, to bring the aggregate split to 50/50.",,12/21/2022,,,,-0.6994599999999984,,18.0,18.69946,rolling_structural_fit,271,32,2.8829811396798033,-6.994077048693992,0.1,0.2,0.2,0.2,0.8,0.1,,,,blocked,missing_inputs:entry_target_price
E000182_20150303_Alliance_Bancorp_Inc_of_Pennsylvania__WSFS_Financial_Corp,4027000.0,32700.1,679940.5487500001,85412670.0,0.0157442264713186,0.0157442264713186,0.9842557735286814,0.0157442264713186,,"Shares for which no valid election is made ('non-election shares') are not automatically deemed cash or stock; instead they are allocated via the proration mechanism -- first converted to stock election shares if the cash cap is oversubscribed, or converted to cash election shares (pro rata) if the cash cap is undersubscribed, to help reach the targeted ~30% cash / 70% stock split.",,3/3/2015,,,,0.0723784999999992,0.7899999999999991,22.0,21.9276215,rolling_structural_fit,162,28,3.9352453189314187,-12.25904090549161,0.4,0.0,0.0,0.0,0.9842557735286814,0.4,0.4015744226471319,0.5984255773528682,cash,ok,
E000183_20250723_TC_Bancshares_Inc__Colony_Bankcorp_Inc,,,,,0.0,0.0,1.0,0.0,,"Shares for which no valid election is made by the election deadline are designated 'no-election shares.' No-election shares are treated according to the allocation waterfall: if stock elections exceed the cap, no-election shares are converted to cash; if stock elections are below the cap (shortfall exists), no-election shares are first in line to be converted to stock (up to the shortfall) before cash election shares are reallocated.",,7/23/2025,,,,,,21.25,,rolling_structural_fit,286,34,2.9908214676249587,-7.022958554295322,0.2,0.1,0.1,0.1,0.9,0.2,,,,blocked,"missing_inputs:stock_value,entry_target_price"
E000184_20160426_First_Clover_Leaf_Financial_Corp__First_Mid_Bancshares_Inc,7006000.0,2753.75,26082.82525,68098320.0,0.0049250642306594,0.0049250642306594,0.9950749357693406,0.0049250642306594,stock,Shares for which no valid election is made (non-election / 'no election shares') are deemed to have elected stock consideration.,,4/26/2016,,,,0.3613499999999998,3.1499999999999986,12.87,12.50865,rolling_structural_fit,190,27,3.3591665808527575,-10.175396879698654,0.3,0.1,0.1,0.10049494405432408,0.8950749357693406,0.3,0.3685224807308022,0.6314775192691978,cash,ok,
E000185_20080903_Lincoln_Bancorp_IN__First_Merchants_Corp,5313000.0,8268.15,106730.24497,74382000.0,0.0006580086580086,0.0006580086580086,0.9993419913419914,0.0006580086580086,,"Non-electing shares deemed to have elected the Share Option (First Merchants common stock); however, non-electing shares are the first to be converted to cash if proration requires reducing stock elections.",,9/3/2008,,,,2.0111480000000004,1.7599999999999998,15.76,13.748852,rolling_structural_fit,65,15,1.9210918700043518,-5.870404290016957,0.3,0.1,0.1,0.10006584419184918,0.8993419913419914,0.3,0.37013160173160176,0.6298683982683982,cash,ok,
E000186_20080215_Iron___Glass_Bancorp_Inc__FNB_Corp_PA,,,,,0.0,0.0,1.0,0.0,,"Shares for which no effective, properly completed election form is received by the exchange agent prior to the election deadline become 'undesignated shares.' Undesignated shares are deemed to have made an all cash election ($75.00/share) unless there is an oversubscription of the cash consideration, in which case undesignated shares are deemed to have made an all stock election (5 FNB shares/share), subject to proration.",,2/15/2008,,,,0.5,,75.0,74.5,rolling_structural_fit,56,14,1.693394825207177,-5.078885162090273,0.2,0.2,0.2,0.2,0.8,0.2,,,,blocked,"missing_inputs:entry_target_price,cash_cap,stock_cap"
E000187_20080409_EP_Medsystems_Inc__St_Jude_Medical_Inc,30405000.0,425311.05,1204189.1745,86958300.0,0.0001723400756454,0.0001723400756454,0.9998276599243546,0.0001723400756454,,"Shareholders who fail to make a valid election (or fail to timely deliver shares/guarantee of delivery) are deemed 'non-electing' and receive merger consideration based on proration procedures: if neither cash nor stock is oversubscribed, non-electing shareholders receive cash and stock in the standard 60%/40% ratio; otherwise they receive whichever consideration remains available after electing shareholders are allocated their preferences.",,4/9/2008,0.7119365251567774,0.7119,71.19,-0.2553179999999999,0.395318,3.0,3.255318,rolling_structural_fit,61,14,1.693394825207177,-5.078885162090273,0.2,0.2,0.2,0.20003447395637333,0.7998276599243546,0.2,0.16005170202269361,0.8399482979773063,stock,ok,
E000188_20120514_Citizens_South_Banking_Corp__Park_Sterling_Corp,11506000.0,31488.2,177838.80184,71567320.0,0.0040898392143229,0.0040898392143229,0.9959101607856772,0.0040898392143229,,"Shares for which no valid election is made by the election deadline are deemed 'non-election shares.' These shares receive whatever combination of cash/stock consideration remains after satisfying the elections of stockholders who did make an election, as determined by the exchange agent to achieve the 70% stock / 30% cash allocation.",,5/14/2012,0.3002831903601755,0.3011,30.11,0.8584149999999999,0.7800000000000002,7.0,6.141585,rolling_structural_fit,111,32,4.5877108919956315,-14.328357551054324,0.3,0.0,0.0,0.0,0.9959101607856771,0.3,0.3008179678428646,0.6991820321571354,cash,ok,
E000190_20161104_First_Menasha_Bancshares_Inc__Nicolet_Bankshares_Inc,,,,,0.0,0.0,1.0,0.0,,"Shares for which no valid election is made ('no-election shares') are prioritized to receive the undersubscribed form of consideration (cash or stock) before oversubscribed-election shares are switched; if cash is between the min/max thresholds without proration needed, no-election shares default to stock consideration.",,11/4/2016,,,,,,131.5,,rolling_structural_fit,202,27,3.2645083053031567,-9.789516308342307,0.3,0.1,0.1,0.1,0.9,0.3,,,,blocked,"missing_inputs:stock_value,entry_target_price"
E000191_20101012_Rome_Bancorp_Inc__Beacon_Financial_Corp,6778000.0,21003.15,211875.76015,68796700.0,0.020950525228681,0.020950525228681,0.979049474771319,0.020950525228681,,"Shares for which no valid election was made by the election deadline are designated 'non-election shares' and are allocated stock or cash consideration according to the proration/allocation procedures (in an oversubscribed-stock scenario, non-election shares receive cash; in undersubscribed scenarios, non-election shares are first used to fill the stock shortfall).",,10/12/2010,0.0965474573261357,0.105,10.5,-2.2273559999999986,3.327355999999998,11.25,13.477356,rolling_structural_fit,89,25,3.2355027039330944,-9.9148194095492,0.3,0.0,0.0,0.0,0.979049474771319,0.3,0.30419010504573624,0.6958098949542638,stock,ok,
E000192_20060829_Old_Florida_Bankshares_Inc__Bank_of_Florida_Corp,,,,,0.0,0.0,1.0,0.0,cash,"Shareholders who fail to timely return a properly completed form of election are deemed to have made an all-cash election, subject to the same redesignation (proration) procedures as affirmative cash elections.",,8/29/2006,,,,,,38.5,,rolling_structural_default,2,0,,,0.5,0.3,0.3,0.3,0.7,0.5,,,,blocked,"missing_inputs:stock_value,entry_target_price,cash_cap,stock_cap"
E000193_20070814_Union_Bankshares_Co_ME__Camden_National_Corp,,,,,0.0,0.0,1.0,0.0,,"Shares as to which no valid election is made (or as to which the election form/letter of transmittal is not properly and timely submitted, or as to which delivery is not guaranteed by the deadline) are designated 'no election'/'non-electing' shares and are allocated cash and/or Camden common stock depending on the elections made by other Union Bankshares shareholders, subject to the merger agreement's 40%/60% allocation procedures. Non-electing shareholders are subordinate in priority to electing shareholders when reallocation is required.",,8/14/2007,,,,0.5176079999999956,,68.0,67.482392,rolling_structural_fit,42,10,1.2314527082236026,-3.7174325474455756,0.3,0.4,0.4,0.4,0.6,0.3,,,,blocked,missing_inputs:entry_target_price
E000194_20150127_National_Bancshares_Corp_OH__Farmers_National_Banc_Corp,,,,,0.0,0.0,1.0,0.0,,NBOH shares for which no valid election is made are 'non-election shares' and are converted into cash or stock consideration per the allocation procedures; electing shares generally have priority over non-electing shares in proration (non-election shares are allocated to the undersubscribed form first).,,1/27/2015,,,,1.4109200000000008,,32.15,30.73908,rolling_structural_fit,160,28,3.9352453189314187,-12.25904090549161,0.4,0.0,0.0,0.0,1.0,0.4,,,,blocked,missing_inputs:entry_target_price
E000195_20210422_SouthCrest_Financial_Group_Inc__Colony_Bankcorp_Inc,,,,,0.0,0.0,1.0,0.0,,"Shares for which no valid election was made by the election deadline are 'no-election shares.' If stock is oversubscribed, no-election shares are treated as cash election shares (receive cash). If stock is undersubscribed, no-election shares are converted to stock consideration (pro rata) first to fill the shortfall before cash election shares are affected.",,4/22/2021,,,,-0.5196820000000013,,10.45,10.969682,rolling_structural_fit,256,31,3.5858884487875153,-10.608741537749175,0.2,0.1,0.1,0.1,0.9,0.2,,,,blocked,"missing_inputs:entry_target_price,cash_cap,stock_cap"
E000196_20221019_HV_Bancorp_Inc__Citizens_Financial_Services_Inc,2239000.0,11510.6,292606.953965,57206450.0,0.003317999106744,0.003317999106744,0.996682000893256,0.003317999106744,mixed,"HVBC shareholders who do not submit a valid election (or revoke without resubmitting) are deemed 'non-election shares' and will be paid cash or stock (or a mix) in accordance with the proration procedures — i.e., if cash elections are oversubscribed, non-election shares receive stock consideration; if cash elections are undersubscribed, non-election shares receive a prorated mix including some cash.",,10/19/2022,0.4394992585940577,0.4397,43.97,4.099999999999998,4.949999999999999,30.5,26.4,rolling_structural_fit,270,32,2.9901341211633348,-7.5715845695349095,0.1,0.2,0.2,0.2006658089749329,0.796682000893256,0.1,0.2813271996426976,0.7186728003573024,cash,ok,
E000197_20061011_Potomac_Bank_of_Virginia_Fairfax_VA__Sandy_Spring_Bancorp_Inc,,,,,0.0,0.0,1.0,0.0,,"Shares with no valid election (or multiple/invalid elections) are designated 'non-election shares.' In the shortfall scenario (cash elections <50%), non-election shares are the first pool converted to cash (pro rata) to reach the 50/50 target before touching stock-election shares; conversely if there is a cash over-election, non-election shares (along with stock-election shares) are converted to stock consideration.",,10/11/2006,,,,-0.3156560000000006,,21.75,22.065656,rolling_structural_default,8,0,,,0.5,0.3,0.3,0.3,0.7,0.5,,,,blocked,missing_inputs:entry_target_price
E000198_20070608_Futura_Banc_Corp__Civista_Bancshares_Inc,,,,,0.0,0.0,1.0,0.0,,"Futura shareholders who fail to make a valid election (or revoke and withdraw) by the election deadline are deemed 'non-electing' and will receive all cash, all First Citizens common shares, or a combination, as determined by First Citizens or the exchange agent, allocated pro rata among non-electing holders to achieve the overall 80%/20% stock/cash ratio and satisfy elections to the greatest extent possible.",,6/8/2007,,,,,,23.0,,rolling_structural_fit,33,7,1.0733892438841266,-3.36975827111296,0.2,0.3,0.3,0.3,0.7,0.2,,,,blocked,"missing_inputs:stock_value,entry_target_price"
E000199_20130129_Somerset_Hills_Bancorp__Lakeland_Bancorp_Inc,5370000.0,12512.05,137820.775435,62292000.0,0.0,0.0,1.0,0.0,,"Shares with no election, late/invalid election, or revoked-and-not-resubmitted elections are treated as 'non-election shares' (also called 'no election shares'). These are allocated pro rata to fill the Stock Number first (as 'stock exchanged shares'), with any remainder converted to cash; if stock or cash elections are oversubscribed, non-election shares are simply converted to cash (in stock oversubscription) or stock (in cash oversubscription). The prospectus explicitly stated they could not predict which consideration non-election shares would receive.",,1/29/2013,,,,0.1576199999999996,0.4000000000000003,12.0,11.84238,rolling_structural_fit,122,34,4.677481841868535,-14.522699461901956,0.3,0.0,0.0,0.0,1.0,0.3,0.3,0.7,cash,ok,
E000200_20130305_Newport_Bancorp_Inc__SI_Financial_Group_Inc,3500000.0,3527.8,56066.206000000006,55195000.0,0.0,0.0,1.0,0.0,,,,3/5/2013,,,,0.0306180000000004,1.7800000000000011,17.55,17.519382,rolling_structural_fit,123,34,4.31456033121457,-13.14970345639886,0.3,0.0,0.0,0.0,1.0,0.3,0.3,0.7,cash,ok,
E000201_20100517_South_Financial_Group_Inc_The__Toronto-Dominion_Bank_The,215671000.0,8627209.5,5883213.029115,64636598.7,0.0131520232205535,0.0131520232205535,0.9868479767794464,0.0131520232205535,,Shares for which the exchange agent does not receive a properly completed cash election form (with stock certificates/book-entry delivery/guarantee of delivery) by the election deadline are exchanged for stock consideration (0.004 TD common shares plus cash in lieu of fractional shares).,,5/17/2010,,,,0.00052,-0.0196999999999999,0.28,0.27948,rolling_structural_fit,83,23,3.103199289449468,-9.600389274478458,0.3,0.0,0.0,0.0,0.9868479767794465,0.3,,,,blocked,"missing_inputs:cash_cap,stock_cap"
E000203_20160823_Commercial_Bancshares_Inc_OH__Premier_Financial_Corp,,,,,0.0,0.0,1.0,0.0,,Shares without a valid election ('non-election shares') are converted into cash or stock consideration per the allocation procedures in the merger agreement; non-election shares are generally allocated to the undersubscribed form of consideration before electing shareholders in the oversubscribed form are switched/prorated. Electing shareholders have priority over non-election shares if proration is necessary.,,8/23/2016,,,,,,51.0,,rolling_structural_fit,195,27,3.3591665808527575,-10.175396879698654,0.3,0.1,0.1,0.1,0.9,0.3,,,,blocked,"missing_inputs:stock_value,entry_target_price"
E000206_20170329_Scottdale_Bank___Trust_Co_The__Mid_Penn_Bancorp_Inc,,,,,0.0,0.0,1.0,0.0,stock,No-election shares default to stock (common stock) consideration under the disclosed oversubscription mechanics: 'each common stock election share and each no-election share shall be converted into the right to receive the per share common stock consideration.',,3/29/2017,,,,-31540.3,,1166.0,32706.3,rolling_structural_fit,208,27,3.2645083053031567,-9.789516308342307,0.3,0.1,0.1,0.1,0.9,0.3,,,,blocked,missing_inputs:entry_target_price
E000207_20081205_Old_Forge_Bank__Penseco_Financial_Services_Corp,,,,,0.0,0.0,1.0,0.0,mixed,"Shareholders who do not make a valid election (non-election shares) are paid merger consideration equivalent in value to electing holders, but may receive all cash, all stock, or a mix, depending on the remaining pool of cash and stock available after honoring valid cash and stock elections (used first to fill any cash shortfall before stock election shares).",,12/5/2008,,,,,,31.127,,rolling_structural_fit,68,16,2.0356815998742066,-6.208952363982913,0.3,0.1,0.1,0.1,0.9,0.3,,,,blocked,"missing_inputs:stock_value,entry_target_price,cash_cap,stock_cap"
E000208_20080109_Shore_Financial_Corp__Xenith_Bankshares_Inc,2501000.0,3377.65,54656.982,45018000.0,0.0007137145141943,0.0007137145141943,0.9992862854858056,0.0007137145141943,,"Any First Bankshares share for which no valid cash election is made (or for which the election is revoked and not resubmitted) by the election deadline is deemed a 'non-electing share' and automatically converts into one share of the combined company (Xenith Bankshares) common stock — i.e., default is stock/retention, not cash.",,1/9/2008,,,,,-8.77,9.23,,rolling_structural_fit,55,14,1.693394825207177,-5.078885162090273,0.2,0.2,0.2,0.20014284485328396,0.7992862854858056,0.2,,,,blocked,missing_inputs:stock_value
E000209_20070625_Christiana_Bank___Trust_Co_DE__National_Penn_Bancshares_Inc,,,,,0.0,0.0,1.0,0.0,,"Shares of holders who do not make a valid election (or fail to perfect dissenters' rights) are designated 'no-election shares.' No-election shares are converted into stock consideration as needed to fill the 80% stock pool, unless the stock consideration is oversubscribed, in which case no-election shares are converted into cash consideration instead.",,6/25/2007,,,,20.63,,37.69,17.06,rolling_structural_fit,35,7,1.0733892438841266,-3.36975827111296,0.2,0.3,0.3,0.3,0.7,0.2,,,,blocked,missing_inputs:entry_target_price
E000210_20151005_Community_Bank_of_South_Florida_Inc__CenterState_Bank_Corp,,,,,0.0,0.0,1.0,0.0,,"If a shareholder does not submit a properly completed and signed election form by the election deadline, the shares are deemed to elect CenterState common stock (stock consideration). However, non-election shares may instead be converted to cash if the aggregate shares electing (or defaulting to) stock exceed the maximum allocable to stock consideration under the 50/50 allocation, subject to proration.",,10/5/2015,,,,-0.411999999999999,,13.31,13.722,rolling_structural_fit,178,26,3.5348359140782937,-10.951816318850218,0.4,0.0,0.0,0.0,1.0,0.4,,,,blocked,missing_inputs:entry_target_price
E000211_20140910_Colonial_Financial_Services_Inc__Cape_Bancorp_Inc,3860000.0,1637.3,20647.021279999997,50469500.0,0.005091968911917,0.005091968911917,0.994908031088083,0.005091968911917,mixed,"Non-election shares are treated as cash-election shares if stock is oversubscribed. If stock is undersubscribed, non-election shares are first used to absorb the stock shortfall (receiving a mix of cash and stock); only if non-election shares are insufficient to cover the shortfall do cash electors also receive a mix.",,9/10/2014,,,,0.29528,1.4250000000000007,14.5,14.20472,rolling_structural_fit,150,30,4.193956605707829,-13.054864056269768,0.4,0.0,0.0,0.0,0.994908031088083,0.4,0.40050919689119174,0.5994908031088083,cash,ok,
E000212_20070827_Carolina_National_Corp__First_National_Bancshares_Inc_SC,2579000.0,3753.25,63966.4375,50290500.0,0.0,0.0,1.0,0.0,,"Shareholders who fail to make a valid or timely election ('non-election shares') will have the exchange agent choose the form of consideration to distribute according to allocation procedures, so that in total 70% of Carolina National shares are exchanged for stock and 30% for cash.",,8/27/2007,0.7579,0.7579,75.79,,2.1499999999999986,21.65,,rolling_structural_fit,45,10,1.2314527082236026,-3.7174325474455756,0.3,0.4,0.4,0.4,0.6,0.3,,,,blocked,missing_inputs:stock_value
E000214_20140414_FedFirst_Financial_Corp__CB_Financial_Services_Inc,2316000.0,1935.1,39276.917839999995,48937080.0,0.0125315198618307,0.0125315198618307,0.9874684801381692,0.0125315198618307,,"Shares for which no valid election was made ('non-election shares') are allocated cash and/or stock depending on the elections made by other FedFirst stockholders, and are treated together with cash election shares in the proration formula (i.e., non-election shares generally receive stock consideration unless stock is oversubscribed, in which case they receive cash along with cash electors).",,4/14/2014,0.6417766772468634,0.64,64.0,,1.870000000000001,23.0,,rolling_structural_fit,141,29,3.999235728127798,-12.421925414124077,0.4,0.0,0.0,0.0,0.9874684801381693,0.4,,,,blocked,missing_inputs:stock_value
E000216_20120501_Central_Bancorp_Inc_MA__Independent_Bank_Corp,1691000.0,5079.4,123901.723815,51829150.0,0.0036102897693672,0.0036102897693672,0.9963897102306328,0.0036102897693672,,"Shares for which no valid election is made (non-election shares) receive merger consideration that may be cash, stock, or a combination, depending on the elections of other shareholders and the proration procedures, in order to achieve the overall 40% cash/60% stock split.",,5/1/2012,,,,-864.0,1.3500000000000014,32.0,896.0,rolling_structural_fit,109,32,4.5877108919956315,-14.328357551054324,0.3,0.0,0.0,0.0,0.9963897102306328,0.3,0.3007220579538734,0.6992779420461266,stock,ok,
E000217_20080108_MFB_Corp__MutualFirst_Financial_Inc,1334000.0,880.75,28787.327509999996,45222600.0,0.0006499250374812,0.0006499250374812,0.9993500749625188,0.0006499250374812,,"Shares with no valid election (non-election shares) are allocated stock and/or cash consideration pursuant to the merger agreement's allocation provisions, without regard to the holder's preference. In undersubscription scenarios, stock consideration is first allocated to non-election shares to fill the shortfall.",,1/8/2008,,,,6.889700000000005,7.100000000000001,41.0,34.110299999999995,rolling_structural_fit,54,13,1.6071152706624887,-4.85789540258417,0.2,0.3,0.3,0.3001951043144232,0.6993500749625188,0.2,0.44019497751124437,0.5598050224887556,cash,ok,
E000219_20151001_Jacksonville_Bancorp_Inc_FL__Ameris_Bancorp,3481000.0,10148.9,155157.44851,55678595.0,0.0064737144498707,0.0064737144498707,0.9935262855501292,0.0064737144498707,,"Shares for which no valid election is made (including those where holder checks 'no preference,' makes no selection, makes multiple selections, or fails to timely and properly submit the election statement/letter of transmittal) are deemed 'non-election shares.' Non-election shares receive stock and/or cash consideration as determined by ABCB in its discretion to complete the prorations necessary to achieve both the cash election maximum and stock election maximum.",,10/1/2015,,,,-0.0749080000000006,0.5799080000000014,16.5,16.574908,rolling_structural_fit,177,26,3.5348359140782937,-10.951816318850218,0.4,0.0,0.0,0.0,0.9935262855501293,0.4,0.4006473714449871,0.5993526285550129,stock,ok,
E000220_20131002_Investors_Capital_Holdings_Ltd__Aretec_Group_Inc,7097000.0,46935.0,275639.85,45775650.0,0.0065858813583204,0.0065858813583204,0.9934141186416796,0.0065858813583204,stock,"Shares for which no election (or no valid election) was made prior to the election deadline (Non-Electing Shares) are automatically converted into the right to receive Stock Consideration (RCAP Class A common stock), subject to proration mechanics (i.e., treated same as Stock Election Shares).",,10/2/2013,0.146665924377257,0.1457,14.57,,0.7999999999999998,7.25,,rolling_structural_fit,133,34,4.289358694783786,-13.050114177774706,0.3,0.0,0.0,0.0,0.9934141186416796,0.3,,,,blocked,missing_inputs:stock_value
E000221_20250708_PB_Bankshares_Inc__Norwood_Financial_Corp,,,,,0.0,0.0,1.0,0.0,,"Shares for which no valid election is made (or election form not properly returned by the deadline) are deemed 'non-election shares.' Non-election shares are first deemed cash election shares to the extent necessary to fill the 20% aggregate cash limit; if fewer non-election shares are needed, they are allocated pro rata between deemed cash and deemed stock election shares.",,7/8/2025,,,,,,19.75,,rolling_structural_fit,285,34,2.9908214676249587,-7.022958554295322,0.2,0.1,0.1,0.1,0.9,0.2,,,,blocked,"missing_inputs:stock_value,entry_target_price"
E000222_20210729_Royal_Financial_Inc__Finward_Bancorp,,,,,0.0,0.0,1.0,0.0,,"Shares with no valid election ('non-election shares') are first used to fill any shortfall toward the 65% stock conversion number: if the shortfall is less than or equal to non-election shares, non-election holders receive stock pro-rata for the shortfall portion and cash for the remainder; if the shortfall exceeds non-election shares, all non-election shares convert to stock. If stock is oversubscribed, non-election shares (along with cash-election shares) convert entirely to cash.",,7/29/2021,0.033,0.033,3.3,,,20.14,,rolling_structural_fit,261,30,3.015348037389662,-8.18533021158145,0.2,0.1,0.1,0.1,0.9,0.2,,,,blocked,"missing_inputs:stock_value,entry_target_price"
E000224_20171116_First_West_Virginia_Bancorp_Inc__CB_Financial_Services_Inc,,,,,0.0,0.0,1.0,0.0,,"Non-election shares (no valid election made) are allocated cash or stock depending on proration outcome: if stock is oversubscribed, non-election shares (along with cash election shares) receive cash; if stock is undersubscribed (shortfall), non-election shares are first reallocated to stock to fill the shortfall before cash election shares are touched. Dissenting shares are deemed cash election shares.",,11/16/2017,0.107,0.107,10.7,-0.6421904900000008,,28.5,29.14219049,rolling_structural_fit,220,28,3.196462516788966,-9.34804207485276,0.3,0.1,0.1,0.1,0.9,0.3,,,,blocked,missing_inputs:entry_target_price
E000225_20120910_WSB_Holdings_Inc__Old_Line_Bancshares_Inc,7995000.0,9333.75,23848.775,23345400.0,0.0,0.0,1.0,0.0,mixed,"Shares for which no valid election is made ('no-election shares') are allocated by the exchange agent to whichever consideration type (cash or stock) is needed to balance the 2,792,974 cash-share target after accounting for elections made by other stockholders — i.e., they absorb the shortfall/excess first before pro-rata reduction of over-elected category. Holders receiving no-election treatment could ultimately receive cash, stock, or a mix.",,9/10/2012,,,,-346629306.66,346629309.83,6.09,346629312.75,rolling_structural_fit,116,34,4.677481841868535,-14.522699461901956,0.3,0.0,0.0,0.0,1.0,0.3,0.3,0.7,stock,ok,
E000226_20150826_Hopewell_Valley_Community_Bank__Northfield_Bancorp_Inc,,,,,0.0,0.0,1.0,0.0,mixed,"Shares for which no election is made (or election form not properly completed/returned) are designated ""non-election shares."" Non-election shares are treated flexibly depending on oversubscription/undersubscription: if stock oversubscribed, non-election shares receive cash; if stock undersubscribed, non-election shares are first used to fill any stock shortfall (receiving stock, or a mix of stock and cash) before cash election shares are affected.",,8/26/2015,,,,0.3134320000000006,,14.5,14.186568,rolling_structural_fit,175,27,3.6712201326088305,-11.374617623667735,0.4,0.0,0.0,0.0,1.0,0.4,,,,blocked,missing_inputs:entry_target_price
E000227_20190624_Shore_Community_Bank__1st_Constitution_Bancorp,,,,,0.0,0.0,1.0,0.0,,"Shares for which no election form is timely/properly submitted (or election is revoked without a timely replacement) are designated 'non-election shares' and are subject to the same allocation procedures as other shares (i.e., allocated cash or stock pro rata to achieve the target 55%/45% split, subject to the stock cap); election-made shares are given priority over non-election shares in the allocation. Unexercised Shore stock options are deemed to have elected cash consideration (net of exercise price).",,6/24/2019,,,,0.6061259999999997,,16.5,15.893874,rolling_structural_fit,238,29,3.0139920988032416,-8.320777369314621,0.2,0.1,0.1,0.1,0.9,0.2,,,,blocked,missing_inputs:entry_target_price
E000228_20121018_Luzerne_National_Bank_Corp__Penns_Woods_Bancorp_Inc,,,,,0.0,0.0,1.0,0.0,,"Shareholders who do not submit a valid, properly completed and signed election form by the election deadline (or whose forms are incomplete/unsigned, or not accompanied by certificates/guaranteed delivery) are deemed non-electing. Non-electing shareholders have no control over the type of consideration received and, at Penns Woods' discretion, may receive only cash, only Penns Woods stock, or a combination, depending on the proration adjustment resulting from other shareholders' valid elections.",,10/18/2012,,,,-4.314840000000004,,61.86,66.17484,rolling_structural_fit,118,34,4.677481841868535,-14.522699461901956,0.3,0.0,0.0,0.0,1.0,0.3,,,,blocked,missing_inputs:entry_target_price
E000229_20230518_Cincinnati_Bancorp_Inc__LCNB_Corp,,,,,0.0,0.0,1.0,0.0,,"Shares for which no valid/effective election form was submitted by the election deadline are deemed 'no election shares.' No election shares are treated as receiving per share stock consideration unless needed as a reallocation pool to reach the 20% cash / 80% stock target, in which case a pro rata portion of no-election shares are redesignated as reallocated cash shares.",,5/18/2023,,,,3.345370000000001,,17.21,13.86463,rolling_structural_fit,274,32,2.8829811396798033,-6.994077048693992,0.1,0.2,0.2,0.2,0.8,0.1,,,,blocked,missing_inputs:entry_target_price
E000230_20160426_Foundation_Bancorp_Inc_WA__Pacific_Continental_Corp,,,,,0.0,0.0,1.0,0.0,,"Shares for which no valid election is made are 'no-election shares.' A shareholder is deemed to have made 'no election' if they fail to follow election form/letter of transmittal instructions, if the properly completed election form and transmittal materials (or notice of guaranteed delivery) are not received by the exchange agent by the election deadline, or if a prior election is revoked without a new one being made. No-election shares are then paid in cash, stock, or a combination depending on, and after giving effect to, the valid cash and stock elections made by other shareholders (subject to proration).",,4/26/2016,,,,-0.7430139999999987,,12.5,13.243014,rolling_structural_fit,191,27,3.3591665808527575,-10.175396879698654,0.3,0.1,0.1,0.1,0.9,0.3,,,,blocked,"missing_inputs:entry_target_price,cash_cap,stock_cap"
E000231_20160601_First_Century_Bankshares_Inc__Summit_Financial_Group_Inc,,,,,0.0,0.0,1.0,0.0,,"Shares for which no valid election is received by the exchange agent by the election deadline are deemed 'no election shares' and are allocated cash or stock consideration according to the proration/allocation procedures (used first to fill any stock shortfall before cash election shares are converted, or converted to stock if cash is oversubscribed).",,6/1/2016,,,,0.9909099999999996,,22.5,21.50909,rolling_structural_fit,192,27,3.3591665808527575,-10.175396879698654,0.3,0.1,0.1,0.1,0.9,0.3,,,,blocked,missing_inputs:entry_target_price
E000232_20161108_Greer_Bancshares_Inc__Carolina_Financial_Corp,,,,,0.0,0.0,1.0,0.0,,,,11/8/2016,,,,,,,11.7156,rolling_structural_fit,203,27,3.2645083053031567,-9.789516308342307,0.3,0.1,0.1,0.1,0.9,0.3,,,,blocked,"missing_inputs:cash_value,entry_target_price,cash_cap,stock_cap"
E000233_20061214_CN_Bancorp_Inc__Sandy_Spring_Bancorp_Inc,,,,,0.0,0.0,1.0,0.0,,"CNB stockholders who do not make a valid cash election are treated as non-election shares and will receive Bancorp common stock, subject to proration procedures (non-election shares serve as the first pool converted to cash if the minimum cash election number is not met).",,12/14/2006,,,,-0.1102039999999959,,25.0,25.110203999999996,rolling_structural_default,13,0,,,0.5,0.3,0.3,0.3,0.7,0.5,,,,blocked,missing_inputs:entry_target_price
E000234_20070830_TSB_Financial_Corp__SOUTHSTATE_BANK_CORP,,,,,0.0,0.0,1.0,0.0,,"Shares for which no valid election is made ('nonelection shares') are allocated cash and/or SCBT stock depending on the elections made by other TSB shareholders, and are used first (ahead of cash-election shares) to fill any shortfall in the stock allocation if total stock elections fall below 945,994 shares. Non-electing shareholders do not get priority over electing shareholders in reallocation.",,8/30/2007,0.3379999999999999,0.3379999999999999,33.8,,,35.0,,rolling_structural_fit,46,10,1.2314527082236026,-3.7174325474455756,0.3,0.4,0.4,0.4,0.6,0.3,,,,blocked,"missing_inputs:stock_value,entry_target_price,cash_cap,stock_cap"
E000235_20111116_Hampshire_First_Bank__NBT_Bancorp_Inc,,,,,0.0,0.0,1.0,0.0,,"Shares for which no valid election is made by the election deadline are treated as 'non-election shares' and are converted into stock and/or cash as determined by NBT according to the allocation procedures, allocated pro rata among non-electing holders to achieve the overall 65% stock / 35% cash ratio (after accounting for dissenting shares).",,11/16/2011,,,,0.3092330000000007,,15.0,14.690767,rolling_structural_fit,105,30,4.1451230758046735,-12.879182482323683,0.3,0.0,0.0,0.0,1.0,0.3,,,,blocked,missing_inputs:entry_target_price
E000236_20141119_Capital_Pacific_Bancorp__Pacific_Continental_Corp,,,,,0.0,0.0,1.0,0.0,,"Shares for which a shareholder does not submit a valid, timely election (or fails to perfect dissenters' rights) are designated 'no-election shares.' The exchange agent allocates no-election shares between cash and stock consideration as needed to satisfy the aggregate cash consideration target; the shareholder may end up receiving cash, stock, or a combination depending on other shareholders' elections.",,11/19/2014,,,,0.4123600000000014,,16.0,15.58764,rolling_structural_fit,156,27,3.933605178362504,-12.30655347850498,0.4,0.0,0.0,0.0,1.0,0.4,,,,blocked,"missing_inputs:entry_target_price,cash_cap,stock_cap"
E000237_20070614_Cardinal_State_Bank_Durham_NC__Yadkin_Financial_Corp,2263000.0,303.05,3878.6825,28943769.999999996,0.0,0.0,1.0,0.0,stock,"Shares for which no valid election is made ('non-electing shares') are, in all proration scenarios, first deemed to be stock election shares (i.e., default treatment is stock consideration, subject to subsequent proration).",,6/14/2007,,,,,4.830000000000002,17.62,,rolling_structural_fit,34,7,1.0733892438841266,-3.36975827111296,0.2,0.3,0.3,0.3,0.7,0.2,,,,blocked,missing_inputs:stock_value
E000238_20070201_ICNB_Financial_Corp__Firstbank_Corp,11166000.0,42040.25,920099.6925,230019600.00000003,0.0001253806197384,0.0001253806197384,0.9998746193802616,0.0001253806197384,,"Shares for which no valid election was made (non-election shares) are allocated according to the proration mechanics: if stock elections exceed the 621,706-share cap, non-election shares are converted 100% to cash ($31.50/share); if stock elections are under the cap, non-election shares are converted first to stock (pro rata) to help fill the 621,706-share stock cap.",,2/1/2007,,,,1.2494999999999976,10.9,31.5,30.2505,rolling_structural_default,21,0,,,0.5,0.3,0.3,0.30003761890260283,0.6998746193802616,0.5,0.65,0.35000000000000003,cash,ok,
E000239_20160602_Polonia_Bancorp_Inc__Prudential_Bancorp_Inc,,,,,0.0,0.0,1.0,0.0,,"Shares for which no valid cash or stock election is made by the election deadline are deemed 'non-election shares' and are allocated cash and/or stock consideration according to the proration procedures (used first to fill any stock 'shortfall' before cash-election shares are touched; if stock is oversubscribed, non-election shares are treated like cash-election shares and converted to cash).",,6/2/2016,,,,-0.0837270000000014,,11.28,11.363727,rolling_structural_fit,193,27,3.3591665808527575,-10.175396879698654,0.3,0.1,0.1,0.1,0.9,0.3,,,,blocked,missing_inputs:entry_target_price
E000240_20130514_Mayflower_Bancorp_Inc__Independent_Bank_Corp,2058000.0,530.6,5468.8958999999995,21958860.0,0.000279397473275,0.000279397473275,0.999720602526725,0.000279397473275,,"Shares for which no valid election is made (non-election shares) receive cash, stock, or a combination thereof depending on the proration results and elections made by other shareholders; there is no fixed default to all-cash or all-stock.",,5/14/2013,,,,-0.9133500000000012,7.743350000000001,17.5,18.41335,rolling_structural_fit,128,35,4.379383201803289,-13.29014571300341,0.3,0.0,0.0,0.0,0.999720602526725,0.3,0.300055879494655,0.699944120505345,stock,ok,
E000241_20120604_First_Trust_Bank__BNC_Bancorp,130047000.0,1056900.0,34035611.6,3840287910.0,0.0126126741870246,0.0126126741870246,0.9873873258129754,0.0126126741870246,mixed,"Shareholders who fail to submit a valid election by the deadline (or revoke without resubmitting) are treated as 'non-electing'/'no election' shareholders; their shares are allocated cash, stock, or a combination based on the elections made by other shareholders and the proration formula, to achieve the target 75%/25% stock/cash mix.",,6/4/2012,,,,2.8889400000000003,-23.630000000000003,5.9,3.01106,rolling_structural_fit,113,34,4.677481841868535,-14.522699461901956,0.3,0.0,0.0,0.0,0.9873873258129754,0.3,0.30252253483740493,0.697477465162595,exit,ok,
E000242_20160908_Ohio_Legacy_Corp__United_Community_Financial_Corp_OH,,,,,0.0,0.0,1.0,0.0,,,,9/8/2016,,,,,,,,rolling_structural_fit,197,27,3.293773265804346,-9.909998963677133,0.3,0.1,0.1,0.1,0.9,0.3,,,,blocked,"missing_inputs:cash_value,stock_value,entry_target_price,cash_cap,stock_cap"
E000244_20191219_FSB_Bancorp_Inc_NY__Evans_Bancorp_Inc,1941000.0,2375.2,40004.77638,32647620.0,0.0027382792375064,0.0027382792375064,0.9972617207624936,0.0027382792375064,,Shares for which no valid election is made by the election deadline are deemed 'non-election shares' and are allocated cash consideration or stock consideration through the proration procedures (used first to fill any oversubscription/undersubscription of cash vs. stock elections) so that ultimately ~50% cash/~50% stock overall.,,12/19/2019,,,,0.0130880000000033,0.9800000000000004,17.8,17.786911999999997,rolling_structural_fit,246,30,3.2124671524252726,-9.124108014043815,0.2,0.1,0.1,0.10027457979991579,0.8972617207624937,0.2,0.28082148377125193,0.7191785162287482,cash,ok,
E000245_20171024_ASB_Financial_Corp__Peoples_Bancorp_Inc_OH,,,,,0.0,0.0,1.0,0.0,cash,"Shares for which no valid election is made ('no election shares') are treated as a distinct category and may be converted into the right to receive Peoples common shares, or, in some cases, be designated to receive cash on a pro rata basis if the exchange agent must reallocate to satisfy the cash cap.",,10/24/2017,,,,-0.0747199999999956,,20.0,20.074719999999996,rolling_structural_fit,218,28,3.371592657523977,-10.094809026828896,0.3,0.1,0.1,0.1,0.9,0.3,,,,blocked,missing_inputs:entry_target_price
E000246_20161122_New_Windsor_Bancorp_Inc__ACNB_Corp,,,,,0.0,0.0,1.0,0.0,,"Shares for which no valid election is made ('no election shares') are allocated cash or stock based on the overall proration outcome: if stock is oversubscribed, no election shares receive cash; if cash is oversubscribed, no election shares receive stock. Dissenting shares that lose appraisal rights are treated as no election shares.",,11/22/2016,,,,-4.430000000000007,,30.0,34.43000000000001,rolling_structural_fit,205,27,3.2645083053031567,-9.789516308342307,0.3,0.1,0.1,0.1,0.9,0.3,,,,blocked,missing_inputs:entry_target_price
E000247_20110331_Community_Capital_Corp__Park_Sterling_Corp,10061000.0,20540.05,61485.437785,31692150.0,0.0178777139449358,0.0178777139449358,0.9821222860550642,0.0178777139449358,,"Shares for which no valid election is made (non-election shares) are treated as 'no preference' shares; the exchange agent allocates them to cash or stock (or a combination) as needed, applying the proration formula (Section 1.5) first to non-election shares before dipping into stock-election shares, in order to achieve the ~60% stock/40% cash aggregate split.",,3/31/2011,,,,0.0665050000000002,0.1499999999999999,3.3,3.2334949999999996,rolling_structural_fit,97,29,3.7217759978096248,-11.379342038415189,0.3,0.0,0.0,0.0,0.9821222860550642,0.3,0.3035755427889872,0.6964244572110129,cash,ok,
E000248_20130701_NorCal_Community_Bancorp__Bank_of_Marin_Bancorp,,,,,0.0,0.0,1.0,0.0,,"Shares for which no valid election is submitted by the election deadline become 'undesignated shares' and are allocated first to satisfy any shortfall/excess in the required stock amount (i.e., undesignated shares may be converted to cash or stock as needed to balance the 50/50 target) before proration is applied to elected shares.",,7/1/2013,,,,-0.1157516000000002,,3.01,3.1257516,rolling_structural_fit,129,35,4.379383201803289,-13.29014571300341,0.3,0.0,0.0,0.0,1.0,0.3,,,,blocked,missing_inputs:entry_target_price
E000249_20240307_Superior_Drilling_Products_Inc__Drilling_Tools_International_Corp,30391000.0,124903.8,106677.5723,27959720.0,0.0180016452239149,0.0180016452239149,0.9819983547760852,0.0180016452239149,,"Shares with no valid election (""No Election Shares"") receive cash or stock consideration as determined by the proration mechanics (generally treated similar to cash election shares unless reallocated to satisfy a stock shortfall). Restricted stock holders are deemed to have elected cash consideration to satisfy withholding obligations.",,3/7/2024,0.0448057546879243,0.053,5.3,0.0703899999999999,0.0799999999999999,1.0,0.92961,rolling_structural_fit,277,32,2.9184376645683403,-7.18751472719126,0.2,0.2,0.2,0.20366632899869158,0.7819983547760851,0.2,0.3654004935671745,0.6345995064328256,cash,ok,
E000250_20150529_Premier_Valley_Bank__Heartland_Financial_USA_Inc,,,,,0.0,0.0,1.0,0.0,,"Shares as to which no election is made, or an election form is not timely submitted/perfected, or dissenter's rights are not perfected, are designated 'no election shares.' Dissenting shares are deemed cash election shares. No-election shares are then allocated to cash or stock as needed to satisfy the targeted cash consideration (30%/70% split), minimizing proration.",,5/29/2015,,,,-985.0204,,7.73,992.7504,rolling_structural_fit,169,29,3.9860388567913447,-12.373998494002127,0.4,0.0,0.0,0.0,1.0,0.4,,,,blocked,missing_inputs:entry_target_price
E000251_20231129_Eagle_Financial_Bancorp_Inc__LCNB_Corp,,,,,0.0,0.0,1.0,0.0,mixed,"Shares for which no valid election is submitted by the election deadline are deemed 'No Election Shares.' No Election Shares are allocated by the exchange agent at its discretion (pro rata among no-election holders) to cash or stock as needed to help achieve the required 60-70% stock / 30-40% cash consideration mix, prior to any rebalancing of shares that did make an election.",,11/29/2023,,,,2.0783070000000023,,19.1,17.021693,rolling_structural_fit,275,32,2.8829811396798033,-6.994077048693992,0.1,0.2,0.2,0.2,0.8,0.1,,,,blocked,missing_inputs:entry_target_price
E000252_20061221_Citizens_Bancorp_Inc_PA__Citizens___Northern_Corp,,,,,0.0,0.0,1.0,0.0,mixed,"If a shareholder does not make a valid or timely election, the shares are treated as 'no election shares' and are converted into cash, stock, or a mix of cash and stock consideration depending on the elections made by other Citizens shareholders (used to balance the 50/50 cash/stock allocation).",,12/21/2006,,,,0.6845000000000034,,28.57,27.885499999999997,rolling_structural_default,15,0,,,0.5,0.3,0.3,0.3,0.7,0.5,,,,blocked,missing_inputs:entry_target_price
E000254_20170412_Cornerstone_Bancorp_SC__First_Community_Corp_SC,,,,,0.0,0.0,1.0,0.0,,"Shares with no valid election (non-election shares) are allocated at exchange agent's discretion (delegated by acquirer) to bring the aggregate consideration to exactly 30% cash / 70% stock; if elections do not already exceed caps, non-election shares are split between cash and stock as needed to reach the caps.",,4/12/2017,,,,0.0649999999999995,,11.0,10.935,rolling_structural_fit,209,27,3.2645083053031567,-9.789516308342307,0.3,0.1,0.1,0.1,0.9,0.3,,,,blocked,missing_inputs:entry_target_price
E000255_20131218_South_Street_Financial_Corp__BNC_Bancorp,,,,,0.0,0.0,1.0,0.0,,"Shares for which no valid election form is received by the election deadline ('no election shares') are allocated cash or stock (or a combination) based on the elections made by other South Street shareholders, in accordance with the allocation/proration procedures, so that in aggregate approximately 80% of outstanding shares are exchanged for BNC stock and 20% for cash.",,12/18/2013,,,,-128.4135,,8.85,137.2635,rolling_structural_fit,136,32,4.127095948811158,-12.635442610486411,0.4,0.0,0.0,0.0,1.0,0.4,,,,blocked,missing_inputs:entry_target_price
E000257_20101215_North_Penn_Bancorp_Inc__Norwood_Financial_Corp,,,,,0.0,0.0,1.0,0.0,,"Shares for which no valid election is made (or election form not properly completed by the deadline) become 'non-election shares.' Under the proration formula, non-election shares are converted to cash first if the cash pool is undersubscribed; otherwise they are converted to stock consideration.",,12/15/2010,0.6029,0.6029,60.29,0.4426850000000009,,19.12,18.677315,rolling_structural_fit,93,28,3.4724930539302026,-10.507634921985957,0.3,0.0,0.0,0.0,1.0,0.3,,,,blocked,"missing_inputs:entry_target_price,cash_cap,stock_cap"
E000258_20111220_Commercefirst_Bancorp_Inc__Sandy_Spring_Bancorp_Inc,1821000.0,121.25,939.6804,14112750.0,0.0,0.0,1.0,0.0,,"Shares for which no valid election was made (non-election shares) were allocated cash or stock depending on the aggregate elections of other shareholders and the proration formula: if stock was oversubscribed, non-election shares received cash; if stock was undersubscribed (shortfall), non-election shares were first tapped to fill the stock shortfall (pro rata) before cash election shares.",,12/20/2011,,,,-1.3921520000000012,7.242152000000001,13.6,14.992152,rolling_structural_fit,106,30,4.1451230758046735,-12.879182482323683,0.3,0.0,0.0,0.0,1.0,0.3,0.3,0.7,stock,ok,
E000259_20120503_Alliance_Bankshares_Corp__WashingtonFirst_Bankshares_Inc,5110000.0,903.95,3749.04575,20848800.0,0.000958904109589,0.000958904109589,0.999041095890411,0.000958904109589,,Alliance shareholders who do not return a valid election form by the election deadline (or who submit a materially defective form) are deemed to have elected stock consideration (WashingtonFirst common stock); no cash (other than cash in lieu of fractional shares).,,5/3/2012,0.1997120526532291,0.2,20.0,,1.2199999999999998,5.3,,rolling_structural_fit,110,32,4.5877108919956315,-14.328357551054324,0.3,0.0,0.0,0.0,0.999041095890411,0.3,,,,blocked,missing_inputs:stock_value
E000260_20130306_San_Diego_Trust_Bank__Pacific_Premier_Bancorp_Inc,,,,,0.0,0.0,1.0,0.0,,"Shares for which no valid election is made (failure to submit timely election form, revoked election not resubmitted, or failure to perfect dissenters' rights) are designated 'no-election shares.' No-election shares are subject to the allocation procedure: they are first deemed cash election shares to the extent needed to satisfy the minimum cash consideration target; any remaining no-election shares are treated as stock election shares (i.e., receive PPBI stock).",,3/6/2013,,,,-0.3590400000000002,,13.41,13.76904,rolling_structural_fit,125,35,4.345412306715402,-13.153868898796379,0.3,0.0,0.0,0.0,1.0,0.3,,,,blocked,missing_inputs:entry_target_price
E000261_20200106_Community_Shores_Bank_Corp__ChoiceOne_Financial_Services_Inc,,,,,0.0,0.0,1.0,0.0,,"Shares for which no valid election form is timely submitted are deemed 'non-election shares' and are allocated cash or stock consideration (or split) pursuant to the proration formula in the merger agreement, not a fixed default.",,1/6/2020,,,,,,5.0,,rolling_structural_fit,247,30,3.2124671524252726,-9.124108014043815,0.2,0.1,0.1,0.1,0.9,0.2,,,,blocked,"missing_inputs:stock_value,entry_target_price"
E000262_20110914_Mainline_Bancorp_Inc__S_T_Bancorp_Inc,,,,,0.0,0.0,1.0,0.0,mixed,"Shares for which no valid election is made (no election checked, improperly completed, certificates not submitted, or election revoked without timely resubmission) are deemed 'non-election shares.' Non-electing holders will receive all cash, all S&T stock, or a mix, as determined under the merger agreement's allocation/proration procedures (at S&T's discretion), and shares with an affirmative election have priority over non-election shares if reallocation is necessary.",,9/14/2011,,,,-1115.04,,69.0,1184.04,rolling_structural_fit,103,30,4.1451230758046735,-12.879182482323683,0.3,0.0,0.0,0.0,1.0,0.3,,,,blocked,missing_inputs:entry_target_price
E000263_20061215_First_Brandon_Financial_Corp__Lake_Sunapee_Bank_Group,,,,,0.0,0.0,1.0,0.0,,"Shares for which no valid election is made (non-election shares, including those without properly completed election forms/certificates or guarantee of delivery by the deadline) are allocated cash, stock, or a combination depending on the elections made by other stockholders, in order to achieve the overall 80% stock / 20% cash split; if stock is oversubscribed, non-election shares receive cash.",,12/15/2006,,,,,,44.01,,rolling_structural_default,14,0,,,0.5,0.3,0.3,0.3,0.7,0.5,,,,blocked,"missing_inputs:stock_value,entry_target_price"
E000264_20060906_BUCS_Financial_Corp__Community_Banks_Inc_PA,11805000.0,48070.0,1508271.0,373038000.0,0.0,0.0,1.0,0.0,,,,9/6/2006,,,,-594.48,586.88,24.0,618.48,rolling_structural_default,4,0,,,0.5,0.3,0.3,0.3,0.7,0.5,0.35000000000000003,0.65,stock,ok,
E000265_20101018_Fort_Orange_Financial_Corp__Chemung_Financial_Corp,,,,,0.0,0.0,1.0,0.0,,Shares for which no valid election is made by the deadline are 'non-election shares' and are allocated by Chemung Financial on a pro rata basis among non-electing holders to achieve the overall 75% stock / 25% cash ratio (after accounting for dissenting shares).,,10/18/2010,,,,,,7.5,,rolling_structural_fit,91,27,3.382259392433829,-10.267885969386613,0.3,0.0,0.0,0.0,1.0,0.3,,,,blocked,"missing_inputs:stock_value,entry_target_price"
E000266_20130815_Rumson-Fair_Haven_Bank___Trust_Co__1st_Constitution_Bancorp,,,,,0.0,0.0,1.0,0.0,,"Shares for which no valid election is made (or election form not timely submitted/revoked without cure) are treated as 'non-election shares.' Non-election shares are allocated per the proration formula: if neither cash nor stock is oversubscribed, non-election shares are first allocated to stock (up to filling the Stock Number) on a pro rata basis, with the remainder converted to cash. If stock is oversubscribed, non-election shares receive cash; if cash is oversubscribed, non-election shares receive stock.",,8/15/2013,,,,-0.1554199999999994,,7.5,7.65542,rolling_structural_fit,131,35,4.379383201803289,-13.29014571300341,0.3,0.0,0.0,0.0,1.0,0.3,,,,blocked,missing_inputs:entry_target_price
E000268_20130313_Miscor_Group_Ltd__IES_Holdings_Inc,,,,,0.0,0.0,1.0,0.0,,"Shares with no valid election are deemed to have elected stock consideration; however, if the IES common stock value (VWAP) is less than $4.024, non-election shares are instead deemed to have elected cash consideration (subject to the maximum cash amount).",,3/13/2013,0.2379,0.2379,23.79,-0.3007432000000001,,1.484,1.7847432,rolling_structural_fit,126,35,4.345412306715402,-13.153868898796379,0.3,0.0,0.0,0.0,1.0,0.3,,,,blocked,missing_inputs:entry_target_price
E000269_20100902_Maryland_Bankcorp_Inc__Old_Line_Bancshares_Inc,,,,,0.0,0.0,1.0,0.0,stock,"Shares whose holders do not make a valid/timely election (no-election shares) or who fail to properly submit an election form by the deadline are deemed to have elected Old Line Bancshares common stock (stock election), subject to the 95%/5% allocation and proration rules.",,9/2/2010,,,,-680.0702,,30.9298,711.0,rolling_structural_fit,88,25,3.2355027039330944,-9.9148194095492,0.3,0.0,0.0,0.0,1.0,0.3,,,,blocked,missing_inputs:entry_target_price
E000270_20080310_River_City_Bank_Mechanicsville_VA__Village_Bank_and_Trust_Financial_Corp,1801000.0,658.05,5877.335,17873124.0,0.0,0.0,1.0,0.0,mixed,"Shareholders who do not submit a valid election (or revoke without resubmitting) by the election deadline are deemed 'non-electing'/'no election' shareholders and receive Village Bank and Trust Financial Corp. common stock for 80% of their RCB shares and cash for the remaining 20% of their RCB shares (i.e., treated as a mixed/combination election), subject to further re-allocation only if needed to satisfy the 80/20 aggregate requirement.",,3/10/2008,,,,0.1050000000000004,1.0760000000000003,11.0,10.895,rolling_structural_fit,58,14,1.693394825207177,-5.078885162090273,0.2,0.2,0.2,0.2,0.8,0.2,0.36,0.64,cash,ok,
E000271_20121009_First_Capital_Bancshares_Inc_OH__LCNB_Corp,,,,,0.0,0.0,1.0,0.0,,"Shares for which no valid election is submitted (or an election is revoked without resubmission) by the election deadline are deemed 'no election shares,' which are subject to the merger agreement's allocation/proration provisions (may be designated cash or stock on a pro rata basis as needed to satisfy the 40-60% cash/stock bands). Dissenting shareholders' shares are deemed cash election shares for reallocation purposes.",,10/9/2012,,,,-0.4483671000000022,,30.76,31.208367100000004,rolling_structural_fit,117,34,4.677481841868535,-14.522699461901956,0.3,0.0,0.0,0.0,1.0,0.3,,,,blocked,missing_inputs:entry_target_price
E000272_20080919_American_Home_Bank_National_Association__First_Chester_County_Corp,,,,,0.0,0.0,1.0,0.0,,"Shares for which no valid election is made become 'undesignated shares.' If stock elections exceed the Stock Amount cap (oversubscribed for stock), undesignated shares are deemed cash elections. If stock elections are under the cap, undesignated shares are allocated pro rata toward the Stock Amount (i.e., treated preferentially as stock, up to the cap). Holders are told they may receive stock, cash, or a combination depending on other shareholders' elections.",,9/19/2008,,,,,,11.0,,rolling_structural_fit,67,16,2.0356815998742066,-6.208952363982913,0.3,0.1,0.1,0.1,0.9,0.3,,,,blocked,"missing_inputs:stock_value,entry_target_price,cash_cap,stock_cap"
E000274_20211109_Guaranty_Federal_Bancshares_Inc__QCR_Holdings_Inc,4384000.0,10854.0,325984.18117999996,140419520.0,0.016235401459854,0.016235401459854,0.983764598540146,0.016235401459854,mixed,"Stockholders who fail to make a valid election by the election deadline are deemed to have elected to receive cash and stock consideration in amounts depending on the amount of cash and stock consideration remaining available after other stockholders' elections (i.e., default/non-election shares are allocated the residual mix after prorating elected shares).",,11/9/2021,,,,-3.236849999999997,1.7068499999999958,30.5,33.73685,rolling_structural_fit,262,30,3.015348037389662,-8.18533021158145,0.2,0.1,0.1,0.101650333980705,0.883764598540146,0.2,0.1848706204379562,0.8151293795620438,stock,ok,
E000275_20100825_California_Oaks_State_Bank__CU_Bancorp_Los_Angeles_CA,,,,,0.0,0.0,1.0,0.0,,,,8/25/2010,,,,,,,,rolling_structural_fit,86,25,3.2355027039330944,-9.9148194095492,0.3,0.0,0.0,0.0,1.0,0.3,,,,blocked,"missing_inputs:cash_value,stock_value,entry_target_price"
E000276_20210218_Bank_of_Fincastle_The__First_National_Corp_VA,,,,,0.0,0.0,1.0,0.0,,"For non-election shares, Parent (First National) has authority (delegable to exchange agent) to determine consideration type; ultimately non-election shares are allocated as needed to fill the aggregate cash/stock limits (typically default to stock consideration if cash limit already filled, or cash if stock limit filled).",,2/18/2021,,,,0.3169590000000002,,3.3,2.9830409999999996,rolling_structural_fit,255,31,3.5858884487875153,-10.608741537749175,0.2,0.1,0.1,0.1,0.9,0.2,,,,blocked,missing_inputs:entry_target_price
E000277_20160310_Delaware_Bancshares_Inc__Norwood_Financial_Corp,,,,,0.0,0.0,1.0,0.0,,"Shares for which no valid election is made ('non-election shares') are converted into cash or stock consideration according to the allocation procedures; specifically, non-election shares are the first source drawn upon to fill an undersubscribed cash pool (converted to cash consideration) before stock-election shares are converted.",,3/10/2016,,,,0.19435,,16.68,16.48565,rolling_structural_fit,188,27,3.3591665808527575,-10.175396879698654,0.3,0.1,0.1,0.1,0.9,0.3,,,,blocked,missing_inputs:entry_target_price
E000278_20090421_Endocare_Inc__HealthTronics_Inc,11811000.0,25102.4,18469.2625,10748010.0,0.0,0.0,1.0,0.0,,"Non-electing shares: allocated (1) stock if cash election is oversubscribed, (2) cash if stock election is oversubscribed, (3) stock if neither is oversubscribed until the stock maximum is reached, after which remaining non-electing shares are deemed tendered for cash. Holders who fail to submit a valid letter of election and transmittal within 30 days after such letters are sent are deemed to have made no election.",,4/21/2009,,,,0.22422,0.44,1.35,1.12578,rolling_structural_fit,73,19,2.292141109778954,-6.867782279003872,0.3,0.0,0.0,0.0,1.0,0.3,0.3,0.7,cash,ok,
E000282_20121228_Roebling_Financial_Corp_Inc__TF_Financial_Corp,,,,,0.0,0.0,1.0,0.0,,Shares for which no valid election is made by the deadline become 'non-election shares' and are first in line to be converted to cash consideration (if cash pool is undersubscribed) or otherwise allocated per the allocation procedures; effectively non-election shares are treated preferentially for cash conversion ahead of stock-election shares when cash is undersubscribed.,,12/28/2012,,,,-0.4429248000000001,,8.6,9.0429248,rolling_structural_fit,121,34,4.677481841868535,-14.522699461901956,0.3,0.0,0.0,0.0,1.0,0.3,,,,blocked,"missing_inputs:entry_target_price,cash_cap,stock_cap"
E000283_20140827_Phoenix_Bancorp_Inc__Mid_Penn_Bancorp_Inc,,,,,0.0,0.0,1.0,0.0,,"Shares for which no valid election is made by the election deadline are deemed 'non-election shares' and are convertible at Mid Penn's discretion into cash, stock, or a combination, subject to the proration/allocation procedures designed to meet the 80%/20% stock/cash split.",,8/27/2014,,,,1.339393300000005,,51.6,50.2606067,rolling_structural_fit,149,30,4.193956605707829,-13.054864056269768,0.4,0.0,0.0,0.0,1.0,0.4,,,,blocked,missing_inputs:entry_target_price
E000284_20150626_FNBPA_Bancorp_Inc__Juniata_Valley_Financial_Corp,,,,,0.0,0.0,1.0,0.0,,"Shares with no valid election by the election deadline are 'non-electing shares.' If aggregate cash elections (excluding non-electing shares) are between 15% and 25% of outstanding shares, non-electing shares default to STOCK consideration. If aggregate cash elections exceed 25% (max cash), non-electing shares are also converted to STOCK. If aggregate cash elections are below 15% (min cash), non-electing shares are converted to CASH first (pro-rata) to help reach the 15% minimum, and only afterward, if still below minimum, remaining shares are prorated per formula.",,6/26/2015,,,,,,50.34,,rolling_structural_fit,171,28,3.8258838653150953,-11.864469018053237,0.4,0.0,0.0,0.0,1.0,0.4,,,,blocked,"missing_inputs:stock_value,entry_target_price"
E000285_20071211_Longleaf_Community_Bank__Four_Oaks_Fincorp_Inc,,,,,0.0,0.0,1.0,0.0,mixed,"Shares for which no valid election is submitted by the election deadline are deemed 'mixed election shares' and receive the per share mixed consideration (0.60 shares × exchange ratio + $6.60 cash), subject to the same allocation/proration procedures as other shares.",,12/11/2007,,,,,,16.5,,rolling_structural_fit,52,12,1.5758515932143586,-4.84659742128545,0.2,0.3,0.3,0.3,0.7,0.2,,,,blocked,"missing_inputs:stock_value,entry_target_price"
E000286_20140121_Midwest_Bancshares_Inc_OH__Peoples_Bancorp_Inc_OH,,,,,0.0,0.0,1.0,0.0,,"Shares with no valid election become 'no election shares' and are allocated to whichever form of consideration (cash or stock) is undersubscribed, before switching properly-electing shares of the oversubscribed form; electing shares have priority over no-election shares in any needed proration.",,1/21/2014,,,,,,65.5,,rolling_structural_fit,138,30,4.030214095134715,-12.457487769574234,0.4,0.0,0.0,0.0,1.0,0.4,,,,blocked,"missing_inputs:stock_value,entry_target_price"
E000287_20150804_Pascack_Bancorp_Inc__Lakeland_Bancorp_Inc,,,,,0.0,0.0,1.0,0.0,,Shares for which no valid election form is timely received (or a revoked election with no replacement) are deemed 'non-election shares.' These are not automatically cash or stock; they are subject to the allocation procedures and are given lower priority than validly-elected shares (elections receive priority in allocation over non-election shares). The ultimate treatment of non-election shares depends on whether cash/stock elections exceed their respective caps.,,8/4/2015,,,,0.5195439999999998,,11.35,10.830456,rolling_structural_fit,172,28,3.8258838653150953,-11.864469018053237,0.4,0.0,0.0,0.0,1.0,0.4,,,,blocked,missing_inputs:entry_target_price
E000288_20111103_CKF_Bancorp_Inc__Kentucky_First_Federal_Bancorp,,,,,0.0,0.0,1.0,0.0,,"Shares with no valid election (non-election shares) are allocated per the proration formula—generally treated like cash-election shares when stock is oversubscribed (all converted to cash), or used to fill any stock shortfall (pro-rated to stock) when stock is undersubscribed. In the actual outcome, non-electing shareholders received all-stock (1.1743 shares per CKF share), same as stock electors, since stock was not oversubscribed.",,11/3/2011,,,,2.744159999999999,,9.5,6.755840000000001,rolling_structural_fit,104,30,4.1451230758046735,-12.879182482323683,0.3,0.0,0.0,0.0,1.0,0.3,,,,blocked,missing_inputs:entry_target_price
E000289_20150303_Patapsco_Bancorp_Inc__Howard_Bancorp_Inc,,,,,0.0,0.0,1.0,0.0,mixed,"Shares for which no valid election is made (or election is not timely/properly submitted) are designated 'no-election shares' and are converted into cash or stock (or a mix) depending on the elections of other stockholders and the allocation/proration procedures, in order to achieve the target cash conversion number.",,3/3/2015,,,,-58.026,,5.09,63.116,rolling_structural_fit,163,28,3.9352453189314187,-12.25904090549161,0.4,0.0,0.0,0.0,1.0,0.4,,,,blocked,missing_inputs:entry_target_price
E000290_20140529_Virginia_Co_Bank__Eastern_Virginia_Bankshares_Inc,,,,,0.0,0.0,1.0,0.0,,Shares for which no valid cash or stock election is made (non-election shares) are deemed to elect and receive stock consideration.,,5/29/2014,,,,0.0566549000000007,,6.25,6.193345099999999,rolling_structural_fit,143,30,4.203293434785736,-13.088220808351458,0.4,0.0,0.0,0.0,1.0,0.4,,,,blocked,missing_inputs:entry_target_price
E000291_20070814_Sycamore_National_Bank_Cincinnati_Ohio__LCNB_Corp,,,,,0.0,0.0,1.0,0.0,,"Shares of shareholders who make no election (or check the non-election box) receive a presumptive 50% cash / 50% LCNB stock allocation, subject to the overall allocation procedures (i.e., non-electing shares are also used to fill the cash pool to reach the 50% aggregate cash requirement if needed).",,8/14/2007,,,,,,33.75,,rolling_structural_fit,43,10,1.2314527082236026,-3.7174325474455756,0.3,0.4,0.4,0.4,0.6,0.3,,,,blocked,"missing_inputs:stock_value,entry_target_price"
E000292_20141030_Citizens_National_Bank_of_Meyersdale_The__Riverview_Financial_Corp,,,,,0.0,0.0,1.0,0.0,stock,"Citizens shareholders who did not submit a properly completed election form prior to the election deadline would receive Riverview stock (i.e., default treatment is stock consideration).",,10/30/2014,,,,,,38.46,,rolling_structural_fit,154,28,4.014867228313666,-12.539475678420864,0.4,0.0,0.0,0.0,1.0,0.4,,,,blocked,"missing_inputs:stock_value,entry_target_price"
E000293_20090115_Apple_Valley_Bank___Trust_Co_The__New_England_Bancshares_Inc,,,,,0.0,0.0,1.0,0.0,,"Shares for which no valid election is submitted (or election is revoked and not resubmitted) by the election deadline are designated 'non-election shares.' Non-election shares are treated as cash-election shares if the stock election is oversubscribed; if undersubscribed, non-election shares may receive some stock consideration on a pro-rata basis per the shortfall formula.",,1/15/2009,,,,0.5499999999999998,,8.5,7.95,rolling_structural_fit,70,17,2.1298382638468207,-6.4660330171639115,0.3,0.0,0.0,0.0,1.0,0.3,,,,blocked,missing_inputs:entry_target_price
E000294_20090630_Community_National_Corp_OH__NB_T_Financial_Group_Inc,,,,,0.0,0.0,1.0,0.0,,"Shares with no valid election (no box checked, multiple boxes checked, or election form/certificates not timely received) are deemed 'non-electing' / 'no election shares'. Non-electing shares are allocated cash, stock, or a combination by NB&T/exchange agent to achieve the overall 50% cash / 50% stock ratio, satisfying other shareholders' elections to the greatest extent possible subject to that ratio.",,6/30/2009,,,,0.9537838999999996,,11.41,10.4562161,rolling_structural_fit,74,19,2.292141109778954,-6.867782279003872,0.3,0.0,0.0,0.0,1.0,0.3,,,,blocked,missing_inputs:entry_target_price
E000295_20170721_Liberty_Bell_Bank__Partners_Bancorp,,,,,0.0,0.0,1.0,0.0,,,,7/21/2017,,,,,,,,rolling_structural_fit,215,27,3.2348067965919127,-9.666126950328069,0.3,0.1,0.1,0.1,0.9,0.3,,,,blocked,"missing_inputs:cash_value,stock_value,entry_target_price,cash_cap,stock_cap"
E000296_20150805_Regal_Bancorp_Inc_MD__Old_Line_Bancshares_Inc,,,,,0.0,0.0,1.0,0.0,,"Shares of Regal Bancorp common stock for which no valid election is made ('no-election shares') are automatically converted into the right to receive Old Line Bancshares common stock (the stock consideration), not cash.",,8/5/2015,,,,0.4932780000000001,,12.68,12.186722,rolling_structural_fit,173,28,3.8258838653150953,-11.864469018053237,0.4,0.0,0.0,0.0,1.0,0.4,,,,blocked,missing_inputs:entry_target_price
E000297_20201210_GNB_Financial_Services_Inc__LINKBANCORP_Inc,,,,,0.0,0.0,1.0,0.0,stock,GNB shareholders who make no election or an invalid election are deemed non-electing and will receive LINK common stock (stock consideration) as default.,,12/10/2020,,,,,,87.68,,rolling_structural_fit,254,31,3.5858884487875153,-10.608741537749175,0.2,0.1,0.1,0.1,0.9,0.2,,,,blocked,"missing_inputs:stock_value,entry_target_price"
E000298_20180531_Mercersburg_Financial_Corp__Orrstown_Financial_Services_Inc,,,,,0.0,0.0,1.0,0.0,,"Shares for which no valid election is made (or an improperly completed/late election form) are designated 'non-election shares' and are allocated cash and/or Orrstown stock depending on the elections made by other stockholders, in order to achieve the 85%/15% stock/cash target; electing stockholders are given priority over non-electing stockholders in any required re-allocation.",,5/31/2018,,,,0.319855000000004,,40.0,39.680145,rolling_structural_fit,227,28,2.775379368310755,-7.370440047457861,0.2,0.1,0.1,0.1,0.9,0.2,,,,blocked,missing_inputs:entry_target_price
E000299_20180126_NewDominion_Bank__Park_National_Corp,,,,,0.0,0.0,1.0,0.0,,"Shares for which no valid election is made (no election, improperly completed, untimely, or revoked election) are deemed 'non-election shares.' If cash election is oversubscribed, non-election shares receive stock consideration. If cash election is undersubscribed, non-election shares are first in line (before stock-election shares) to be converted to cash to fill the shortfall, prorated if necessary.",,1/26/2018,,,,0.0174099,,1.08,1.0625901,rolling_structural_fit,222,27,2.7826486941712094,-7.633486469700073,0.3,0.0,0.0,0.0,1.0,0.3,,,,blocked,missing_inputs:entry_target_price
E000300_20190514_Virginia_Community_Bankshares_Inc__Blue_Ridge_Bankshares_Inc,,,,,0.0,0.0,1.0,0.0,mixed,"Shares with no valid election (non-election / no-election shares) are deemed to have made no election and will receive whatever consideration (cash, stock, or mix) is necessary to satisfy the 60%/40% proration and allocation provisions of the merger agreement; no-election shares are used first (before cash-election shares) to fill any stock undersubscription.",,5/14/2019,,,,,,58.0,,rolling_structural_fit,236,30,3.0719055767502152,-8.384666442379151,0.2,0.1,0.1,0.1,0.9,0.2,,,,blocked,"missing_inputs:stock_value,entry_target_price"
E000301_20190918_MidCoast_Community_Bancorp_Inc__Citizens_Financial_Services_Inc,,,,,0.0,0.0,1.0,0.0,,Shares for which no valid election is made (or election form not returned properly completed) by the election deadline are treated as 'non-election shares' and are converted into stock consideration or cash consideration as necessary to achieve the 75% stock / 25% cash allocation (used first to fill any stock shortfall before cash election shares are converted).,,9/18/2019,,,,,,6.5,,rolling_structural_fit,241,30,3.3122570422907978,-9.57761392079106,0.2,0.1,0.1,0.1,0.9,0.2,,,,blocked,"missing_inputs:stock_value,entry_target_price"
E000302_20200121_Virginia_Bank_Bankshares_Inc__Pinnacle_Bankshares_Corp,,,,,0.0,0.0,1.0,0.0,,"Shares for which no valid election is made (including failure to submit form, revocation without resubmission, or checking 'no election' box) are deemed 'no election shares' and are subject to allocation/proration procedures; no-election shares receive lower priority than validly-elected shares in the allocation.",,1/21/2020,,,,,,16.0,,rolling_structural_fit,250,31,3.5858884487875153,-10.608741537749175,0.2,0.1,0.1,0.1,0.9,0.2,,,,blocked,"missing_inputs:stock_value,entry_target_price"
E000303_20191218_Bank_of_Akron__CNB_Financial_Corp_PA,,,,,0.0,0.0,1.0,0.0,,"Akron shareholders who make no election (or an invalid election) are deemed non-electing and are treated as having made a Stock Election; they receive CNB common stock (Stock Consideration), subject to overall proration mechanics (non-election shares are never converted to cash under the proration formula).",,12/18/2019,,,,-6.139906000000025,,215.0,221.139906,rolling_structural_fit,245,30,3.2124671524252726,-9.124108014043815,0.2,0.1,0.1,0.1,0.9,0.2,,,,blocked,missing_inputs:entry_target_price
E000304_20210527_Aquesta_Financial_Holdings_Inc__United_Community_Banks_Inc_GA,,,,,0.0,0.0,1.0,0.0,mixed,"Shares for which no valid election is made (non-election shares) are allocated per formula: if cash elections are oversubscribed (>30%), non-election shares receive stock consideration entirely; if cash elections are undersubscribed (<30%), non-election shares are allocated a prorated mix of cash (to fill remaining cash pool up to 30% cap) and stock, using a fraction based on the shortfall percentage.",,5/27/2021,,,,,,21.5,,rolling_structural_fit,257,31,3.5858884487875153,-10.608741537749175,0.2,0.1,0.1,0.1,0.9,0.2,,,,blocked,"missing_inputs:stock_value,entry_target_price"
E000305_20070223_Landmark_National_Bank_Solana_Beach_CA__1st_Pacific_Bancorp,,,,,0.0,0.0,1.0,0.0,,"Shares with no valid, timely election became 'undesignated shares.' Undesignated shares were used by the exchange agent (via random lot selection) to fill any shortfall needed to reach the Aggregate Company Share Amount (stock) or otherwise; if all undesignated shares are allocated to one side and a shortfall/excess still remains, the proration factor mechanism is applied. If exactly at target, undesignated shares are converted to cash consideration by default.",,2/23/2007,,,,,,12.45,,rolling_structural_default,26,0,,,0.5,0.3,0.3,0.3,0.7,0.5,,,,blocked,"missing_inputs:stock_value,entry_target_price"
E000306_20070110_Bank_of_Richmond_NA_The__Gateway_Financial_Holdings_Inc,,,,,0.0,0.0,1.0,0.0,,"Bank of Richmond shareholders who do not submit a properly completed election form (or revoke it) by the election deadline are designated 'non-election shares.' Non-electing shares are allocated to cash or stock (or both) as needed to satisfy the 50% cash/50% stock aggregate requirement, per the proration mechanics (treated first as stock if cash election number=50%, or filling shortfalls in cash or stock as applicable).",,1/10/2007,,,,-409.2809999999999,,30.05,439.331,rolling_structural_default,16,0,,,0.5,0.3,0.3,0.3,0.7,0.5,,,,blocked,missing_inputs:entry_target_price
E000307_20061117_Independent_Community_Bank_Tequesta_FL__Sun_American_Bancorp,14683000.0,35832.95,1218602.0505,520806010.0,1.9410202274739495e-05,1.9410202274739495e-05,0.9999805897977252,1.9410202274739495e-05,,"Shares as to which no valid cash or stock election is made (or election is deemed invalid/revoked, including failure to timely deliver certificates under a guarantee of delivery) are 'non-election shares' and receive stock and/or cash consideration as determined by the proration formula (Section 2.5(b)) — i.e., non-election shares are treated as a residual pool allocated to balance the 42% cash cap, not automatically defaulted to cash or stock.",,11/17/2006,,,,,-0.6599999999999966,34.81,,rolling_structural_default,12,0,,,0.5,0.3,0.3,0.3000058231737114,0.6999805897977254,0.5,,,,blocked,missing_inputs:stock_value
E000311_20140703_FNBM_Financial_Corp__GNB_Financial_Services_Inc,,,,,0.0,0.0,1.0,0.0,,"Shares for which no valid election is made (or election form not timely/properly submitted) become 'no election shares.' No election shares are allocated cash, stock, or a combination depending on the elections made by other shareholders (per the proration formula), not a fixed default.",,7/3/2014,,,,,,276.57,,rolling_structural_fit,146,30,4.203293434785736,-13.088220808351458,0.4,0.0,0.0,0.0,1.0,0.4,,,,blocked,"missing_inputs:stock_value,entry_target_price"
E000313_20161020_Island_Bancorp_Inc__Independent_Bank_Corp,,,,,0.0,0.0,1.0,0.0,,"Shares of Island common stock for which no valid election was made (or an election form not properly completed/returned) were deemed 'non-election shares'; the consideration received by non-electing/non-election shareholders would depend on the elections made by other shareholders and the allocation/proration procedures (i.e., non-election shares are allocated cash and/or stock as needed to achieve the 80%/20% stock/cash split).",,10/20/2016,,,,-10.06374999999997,,500.0,510.06375,rolling_structural_fit,200,27,3.279758432866233,-9.85243461622863,0.3,0.1,0.1,0.1,0.9,0.3,,,,blocked,missing_inputs:entry_target_price
E000314_20251010_SWK_Holdings_Corp__Runway_Growth_Finance_Corp,,,,,0.0,0.0,1.0,0.0,mixed,"Shares of a non-electing holder default to a mix: the holder is deemed to have elected cash consideration for a percentage of shares equal to (aggregate cash consideration) / (closing SWK NAV), with the remainder of shares defaulting to the per share stock consideration. Effectively, non-election shares default toward stock consideration for the balance beyond the deemed-cash percentage, subject to the same proration if aggregate elections exceed caps.",,10/10/2025,,,,,,0.74,,rolling_structural_fit,289,33,2.990631335563779,-7.305710532664794,0.2,0.1,0.1,0.1,0.9,0.2,,,,blocked,"missing_inputs:stock_value,entry_target_price,cash_cap,stock_cap"
E000315_20250605_Provident_Bancorp_Inc__NB_Bancorp_Inc,,,,,0.0,0.0,1.0,0.0,,"Shares for which no valid election is made (or an invalid/late election) are deemed 'non-election shares.' Non-election shares are allocated cash and/or stock consideration as needed to balance the 50%/50% cash-stock split; if stock is oversubscribed, non-election shares receive cash; if cash is oversubscribed, non-election shares receive stock; if neither is oversubscribed, non-election shares are split to make the aggregate cash and stock totals equal the Cash/Stock Conversion Numbers.",,6/5/2025,,,,,,13.0,,rolling_structural_fit,284,34,2.9908214676249587,-7.022958554295322,0.2,0.1,0.1,0.1,0.9,0.2,,,,blocked,"missing_inputs:stock_value,entry_target_price"
E000316_20150428_Magna_Bank__Pinnacle_Financial_Partners_In,,,,,0.0,0.0,1.0,0.0,mixed,"Shares for which no valid election is made (non-election shares) are deemed to receive 'mixed consideration' — i.e., 75% converted to stock consideration and 25% to cash consideration (subject to cash in lieu of fractional shares).",,4/28/2015,,,,-1.6086319999999985,,14.32,15.928632,rolling_structural_fit,165,28,3.9352453189314187,-12.25904090549161,0.4,0.0,0.0,0.0,1.0,0.4,,,,blocked,missing_inputs:entry_target_price
