date,scope,active_trade_count,active_capacity_trade_count,active_notional,equal_weight_return,capacity_weighted_return,daily_return_%,cumulative_return_%
2007-02-20,all_tradable,1,1,10059587.0375,0.0,0.0,0.0,0.0
2007-02-21,all_tradable,1,1,10059587.0375,0.0088274125874125,0.0088274125874125,0.88274125874125,0.88274125874125
2007-02-22,all_tradable,1,1,10059587.0375,-0.0036363636363637,-0.0036363636363637,-0.36363636363637003,0.5191048951048801
2007-02-23,all_tradable,1,1,10059587.0375,-0.0010047552447552,-0.0010047552447552,-0.10047552447552,0.41862937062936006
2007-02-26,all_tradable,1,1,10059587.0375,0.003097062937063,0.003097062937063,0.3097062937063,0.72833566433566
2007-02-27,all_tradable,1,1,10059587.0375,0.0095457342657341,0.0095457342657341,0.9545734265734099,1.68290909090907
2007-02-28,all_tradable,1,1,10059587.0375,0.0016481118881119,0.0016481118881119,0.16481118881119,1.84772027972026
2007-03-01,all_tradable,1,1,10059587.0375,0.0011535664335663,0.0011535664335663,0.11535664335663,1.96307692307689
2007-03-02,all_tradable,1,1,10059587.0375,0.000700979020979,0.000700979020979,0.0700979020979,2.03317482517479
2007-03-05,all_tradable,1,1,10059587.0375,0.0010724475524476,0.0010724475524476,0.10724475524476,2.14041958041955
2007-03-06,all_tradable,1,1,10059587.0375,-0.0040699300699299,-0.0040699300699299,-0.40699300699298996,1.7334265734265601
2007-03-07,all_tradable,1,1,10059587.0375,0.0021090909090907,0.0021090909090907,0.21090909090907,1.94433566433563
2007-03-08,all_tradable,1,1,10059587.0375,-0.0014903496503495,-0.0014903496503495,-0.14903496503494998,1.7953006993006801
2007-03-09,all_tradable,1,1,10059587.0375,0.000878881118881,0.000878881118881,0.0878881118881,1.8831888111887802
2007-03-12,all_tradable,1,1,10059587.0375,0.0001806993006993,0.0001806993006993,0.01806993006993,1.9012587412587105
2007-03-13,all_tradable,1,1,10059587.0375,0.0060995804195803,0.0060995804195803,0.6099580419580299,2.51121678321674
2007-03-14,all_tradable,1,1,10059587.0375,0.0016783216783217,0.0016783216783217,0.16783216783217,2.67904895104891
2007-03-15,all_tradable,1,1,10059587.0375,-0.0037700699300699,-0.0037700699300699,-0.37700699300699,2.3020419580419205
2007-03-16,all_tradable,1,1,10059587.0375,0.0004305804195803,0.0004305804195803,0.04305804195803,2.3450999999999502
2007-03-19,all_tradable,0,0,0.0,0.0,0.0,0.0,2.3450999999999502
2007-03-20,all_tradable,0,0,0.0,0.0,0.0,0.0,2.3450999999999502
2007-03-21,all_tradable,0,0,0.0,0.0,0.0,0.0,2.3450999999999502
2007-03-22,all_tradable,0,0,0.0,0.0,0.0,0.0,2.3450999999999502
2007-03-23,all_tradable,0,0,0.0,0.0,0.0,0.0,2.3450999999999502
2007-03-26,all_tradable,0,0,0.0,0.0,0.0,0.0,2.3450999999999502
2007-03-27,all_tradable,0,0,0.0,0.0,0.0,0.0,2.3450999999999502
2007-03-28,all_tradable,0,0,0.0,0.0,0.0,0.0,2.3450999999999502
2007-03-29,all_tradable,0,0,0.0,0.0,0.0,0.0,2.3450999999999502
2007-03-30,all_tradable,0,0,0.0,0.0,0.0,0.0,2.3450999999999502
2007-04-02,all_tradable,0,0,0.0,0.0,0.0,0.0,2.3450999999999502
2007-04-03,all_tradable,0,0,0.0,0.0,0.0,0.0,2.3450999999999502
2007-04-04,all_tradable,0,0,0.0,0.0,0.0,0.0,2.3450999999999502
2007-04-05,all_tradable,0,0,0.0,0.0,0.0,0.0,2.3450999999999502
2007-04-06,all_tradable,0,0,0.0,0.0,0.0,0.0,2.3450999999999502
2007-04-09,all_tradable,0,0,0.0,0.0,0.0,0.0,2.3450999999999502
2007-04-10,all_tradable,0,0,0.0,0.0,0.0,0.0,2.3450999999999502
2007-04-11,all_tradable,0,0,0.0,0.0,0.0,0.0,2.3450999999999502
2007-04-12,all_tradable,0,0,0.0,0.0,0.0,0.0,2.3450999999999502
2007-04-13,all_tradable,0,0,0.0,0.0,0.0,0.0,2.3450999999999502
2007-04-16,all_tradable,0,0,0.0,0.0,0.0,0.0,2.3450999999999502
2007-04-17,all_tradable,0,0,0.0,0.0,0.0,0.0,2.3450999999999502
2007-04-18,all_tradable,0,0,0.0,0.0,0.0,0.0,2.3450999999999502
2007-04-19,all_tradable,0,0,0.0,0.0,0.0,0.0,2.3450999999999502
2007-04-20,all_tradable,0,0,0.0,0.0,0.0,0.0,2.3450999999999502
2007-04-23,all_tradable,0,0,0.0,0.0,0.0,0.0,2.3450999999999502
2007-04-24,all_tradable,0,0,0.0,0.0,0.0,0.0,2.3450999999999502
2007-04-25,all_tradable,0,0,0.0,0.0,0.0,0.0,2.3450999999999502
2007-04-26,all_tradable,0,0,0.0,0.0,0.0,0.0,2.3450999999999502
2007-04-27,all_tradable,0,0,0.0,0.0,0.0,0.0,2.3450999999999502
2007-04-30,all_tradable,0,0,0.0,0.0,0.0,0.0,2.3450999999999502
2007-05-01,all_tradable,0,0,0.0,0.0,0.0,0.0,2.3450999999999502
2007-05-02,all_tradable,0,0,0.0,0.0,0.0,0.0,2.3450999999999502
2007-05-03,all_tradable,0,0,0.0,0.0,0.0,0.0,2.3450999999999502
2007-05-04,all_tradable,0,0,0.0,0.0,0.0,0.0,2.3450999999999502
2007-05-07,all_tradable,0,0,0.0,0.0,0.0,0.0,2.3450999999999502
2007-05-08,all_tradable,0,0,0.0,0.0,0.0,0.0,2.3450999999999502
2007-05-09,all_tradable,0,0,0.0,0.0,0.0,0.0,2.3450999999999502
2007-05-10,all_tradable,0,0,0.0,0.0,0.0,0.0,2.3450999999999502
2007-05-11,all_tradable,0,0,0.0,0.0,0.0,0.0,2.3450999999999502
2007-05-14,all_tradable,0,0,0.0,0.0,0.0,0.0,2.3450999999999502
2007-05-15,all_tradable,0,0,0.0,0.0,0.0,0.0,2.3450999999999502
2007-05-16,all_tradable,0,0,0.0,0.0,0.0,0.0,2.3450999999999502
2007-05-17,all_tradable,0,0,0.0,0.0,0.0,0.0,2.3450999999999502
2007-05-18,all_tradable,0,0,0.0,0.0,0.0,0.0,2.3450999999999502
2007-05-21,all_tradable,0,0,0.0,0.0,0.0,0.0,2.3450999999999502
2007-05-22,all_tradable,0,0,0.0,0.0,0.0,0.0,2.3450999999999502
2007-05-23,all_tradable,0,0,0.0,0.0,0.0,0.0,2.3450999999999502
2007-05-24,all_tradable,0,0,0.0,0.0,0.0,0.0,2.3450999999999502
2007-05-25,all_tradable,0,0,0.0,0.0,0.0,0.0,2.3450999999999502
2007-05-28,all_tradable,0,0,0.0,0.0,0.0,0.0,2.3450999999999502
2007-05-29,all_tradable,0,0,0.0,0.0,0.0,0.0,2.3450999999999502
2007-05-30,all_tradable,0,0,0.0,0.0,0.0,0.0,2.3450999999999502
2007-05-31,all_tradable,0,0,0.0,0.0,0.0,0.0,2.3450999999999502
2007-06-01,all_tradable,0,0,0.0,0.0,0.0,0.0,2.3450999999999502
2007-06-04,all_tradable,0,0,0.0,0.0,0.0,0.0,2.3450999999999502
2007-06-05,all_tradable,0,0,0.0,0.0,0.0,0.0,2.3450999999999502
2007-06-06,all_tradable,0,0,0.0,0.0,0.0,0.0,2.3450999999999502
2007-06-07,all_tradable,0,0,0.0,0.0,0.0,0.0,2.3450999999999502
2007-06-08,all_tradable,1,1,25668799.8325,0.0,0.0,0.0,2.3450999999999502
2007-06-11,all_tradable,1,1,25668799.8325,0.0021717333333333,0.0021717333333333,0.21717333333333,2.5622733333332803
2007-06-12,all_tradable,1,1,25668799.8325,0.003706311111111,0.003706311111111,0.37063111111110003,2.93290444444438
2007-06-13,all_tradable,1,1,25668799.8325,-0.0009699555555555,-0.0009699555555555,-0.09699555555555,2.8359088888888304
2007-06-14,all_tradable,1,1,25668799.8325,0.0141041777777777,0.0141041777777777,1.41041777777777,4.246326666666601
2007-06-15,all_tradable,1,1,25668799.8325,0.0139904,0.0139904,1.39904,5.6453666666666
2007-06-18,all_tradable,1,1,25668799.8325,-0.0097991111111111,-0.0097991111111111,-0.9799111111111101,4.665455555555491
2007-06-19,all_tradable,1,1,25668799.8325,0.0157710222222222,0.0157710222222222,1.5771022222222202,6.242557777777711
2007-06-20,all_tradable,1,1,25668799.8325,-0.0130090666666666,-0.0130090666666666,-1.30090666666666,4.94165111111105
2007-06-21,all_tradable,1,1,25668799.8325,0.0101631999999999,0.0101631999999999,1.0163199999999901,5.957971111111041
2007-06-22,all_tradable,1,1,25668799.8325,0.001159111111111,0.001159111111111,0.1159111111111,6.0738822222221405
2007-06-25,all_tradable,1,1,25668799.8325,0.0012430222222222,0.0012430222222222,0.12430222222222,6.198184444444361
2007-06-26,all_tradable,1,1,25668799.8325,-0.0026965333333332,-0.0026965333333332,-0.26965333333332003,5.928531111111041
2007-06-27,all_tradable,1,1,25668799.8325,0.0204287999999999,0.0204287999999999,2.04287999999999,7.97141111111103
2007-06-28,all_tradable,1,1,25668799.8325,0.0019455999999999,0.0019455999999999,0.19455999999999002,8.16597111111102
2007-06-29,all_tradable,1,1,25668799.8325,0.000122311111111,0.000122311111111,0.012231111111099998,8.178202222222119
2007-07-02,all_tradable,1,1,25668799.8325,0.0119224888888889,0.0119224888888889,1.19224888888889,9.37045111111101
2007-07-03,all_tradable,1,1,25668799.8325,0.0046037333333333,0.0046037333333333,0.46037333333332997,9.83082444444434
2007-07-04,all_tradable,0,0,0.0,0.0,0.0,0.0,9.83082444444434
2007-07-05,all_tradable,0,0,0.0,0.0,0.0,0.0,9.83082444444434
2007-07-06,all_tradable,0,0,0.0,0.0,0.0,0.0,9.83082444444434
2007-07-09,all_tradable,0,0,0.0,0.0,0.0,0.0,9.83082444444434
2007-07-10,all_tradable,0,0,0.0,0.0,0.0,0.0,9.83082444444434
2007-07-11,all_tradable,0,0,0.0,0.0,0.0,0.0,9.83082444444434
2007-07-12,all_tradable,0,0,0.0,0.0,0.0,0.0,9.83082444444434
2007-07-13,all_tradable,0,0,0.0,0.0,0.0,0.0,9.83082444444434
2007-07-16,all_tradable,0,0,0.0,0.0,0.0,0.0,9.83082444444434
2007-07-17,all_tradable,0,0,0.0,0.0,0.0,0.0,9.83082444444434
2007-07-18,all_tradable,0,0,0.0,0.0,0.0,0.0,9.83082444444434
2007-07-19,all_tradable,0,0,0.0,0.0,0.0,0.0,9.83082444444434
2007-07-20,all_tradable,0,0,0.0,0.0,0.0,0.0,9.83082444444434
2007-07-23,all_tradable,0,0,0.0,0.0,0.0,0.0,9.83082444444434
2007-07-24,all_tradable,0,0,0.0,0.0,0.0,0.0,9.83082444444434
2007-07-25,all_tradable,1,1,635247.361,0.0,0.0,0.0,9.83082444444434
2007-07-26,all_tradable,1,1,635247.361,-0.0094336492890994,-0.0094336492890994,-0.94336492890994,8.8874595155344
2007-07-27,all_tradable,1,1,635247.361,0.0040666858496953,0.0040666858496953,0.40666858496952996,9.294128100503931
2007-07-30,all_tradable,1,1,635247.361,-0.0107437339201083,-0.0107437339201083,-1.07437339201083,8.2197547084931
2007-07-31,all_tradable,1,1,635247.361,0.0070213270142179,0.0070213270142179,0.7021327014217901,8.92188740991489
2007-08-01,all_tradable,1,1,635247.361,0.0152863913337848,0.0152863913337848,1.52863913337848,10.450526543293371
2007-08-02,all_tradable,1,1,635247.361,-0.0226530128639134,-0.0226530128639134,-2.26530128639134,8.185225256902031
2007-08-03,all_tradable,1,1,635247.361,-0.0114905213270142,-0.0114905213270142,-1.14905213270142,7.0361731242006105
2007-08-06,all_tradable,1,1,635247.361,0.0042691266079891,0.0042691266079891,0.42691266079891,7.463085784999521
2007-08-07,all_tradable,1,1,635247.361,-0.0154258632362897,-0.0154258632362897,-1.5425863236289699,5.920499461370551
2007-08-08,all_tradable,1,1,635247.361,-0.0018107650643194,-0.0018107650643194,-0.18107650643194,5.73942295493861
2007-08-09,all_tradable,1,1,635247.361,-0.0045368991198376,-0.0045368991198376,-0.45368991198376,5.28573304295485
2007-08-10,all_tradable,1,1,635247.361,-0.0048104265402843,-0.0048104265402843,-0.48104265402843005,4.80469038892642
2007-08-13,all_tradable,1,1,635247.361,0.0136838185511171,0.0136838185511171,1.36838185511171,6.1730722440381305
2007-08-14,all_tradable,1,1,635247.361,0.0164932295192958,0.0164932295192958,1.6493229519295798,7.82239519596771
2007-08-15,all_tradable,1,1,635247.361,3.148273527422186e-05,3.148273527422186e-05,0.003148273527422186,7.825543469495131
2007-08-16,all_tradable,1,1,635247.361,-0.0128192281651997,-0.0128192281651997,-1.2819228165199699,6.543620652975162
2007-08-17,all_tradable,1,1,635247.361,0.0776150379146919,0.0776150379146919,7.76150379146919,14.30512444444435
2007-08-20,all_tradable,0,0,0.0,0.0,0.0,0.0,14.30512444444435
2007-08-21,all_tradable,0,0,0.0,0.0,0.0,0.0,14.30512444444435
2007-08-22,all_tradable,0,0,0.0,0.0,0.0,0.0,14.30512444444435
2007-08-23,all_tradable,0,0,0.0,0.0,0.0,0.0,14.30512444444435
2007-08-24,all_tradable,0,0,0.0,0.0,0.0,0.0,14.30512444444435
2007-08-27,all_tradable,0,0,0.0,0.0,0.0,0.0,14.30512444444435
2007-08-28,all_tradable,0,0,0.0,0.0,0.0,0.0,14.30512444444435
2007-08-29,all_tradable,0,0,0.0,0.0,0.0,0.0,14.30512444444435
2007-08-30,all_tradable,0,0,0.0,0.0,0.0,0.0,14.30512444444435
2007-08-31,all_tradable,0,0,0.0,0.0,0.0,0.0,14.30512444444435
2007-09-03,all_tradable,0,0,0.0,0.0,0.0,0.0,14.30512444444435
2007-09-04,all_tradable,0,0,0.0,0.0,0.0,0.0,14.30512444444435
2007-09-05,all_tradable,0,0,0.0,0.0,0.0,0.0,14.30512444444435
2007-09-06,all_tradable,0,0,0.0,0.0,0.0,0.0,14.30512444444435
2007-09-07,all_tradable,0,0,0.0,0.0,0.0,0.0,14.30512444444435
2007-09-10,all_tradable,0,0,0.0,0.0,0.0,0.0,14.30512444444435
2007-09-11,all_tradable,0,0,0.0,0.0,0.0,0.0,14.30512444444435
2007-09-12,all_tradable,0,0,0.0,0.0,0.0,0.0,14.30512444444435
2007-09-13,all_tradable,0,0,0.0,0.0,0.0,0.0,14.30512444444435
2007-09-14,all_tradable,0,0,0.0,0.0,0.0,0.0,14.30512444444435
2007-09-17,all_tradable,0,0,0.0,0.0,0.0,0.0,14.30512444444435
2007-09-18,all_tradable,0,0,0.0,0.0,0.0,0.0,14.30512444444435
2007-09-19,all_tradable,0,0,0.0,0.0,0.0,0.0,14.30512444444435
2007-09-20,all_tradable,0,0,0.0,0.0,0.0,0.0,14.30512444444435
2007-09-21,all_tradable,0,0,0.0,0.0,0.0,0.0,14.30512444444435
2007-09-24,all_tradable,0,0,0.0,0.0,0.0,0.0,14.30512444444435
2007-09-25,all_tradable,0,0,0.0,0.0,0.0,0.0,14.30512444444435
2007-09-26,all_tradable,0,0,0.0,0.0,0.0,0.0,14.30512444444435
2007-09-27,all_tradable,0,0,0.0,0.0,0.0,0.0,14.30512444444435
2007-09-28,all_tradable,0,0,0.0,0.0,0.0,0.0,14.30512444444435
2007-10-01,all_tradable,0,0,0.0,0.0,0.0,0.0,14.30512444444435
2007-10-02,all_tradable,0,0,0.0,0.0,0.0,0.0,14.30512444444435
2007-10-03,all_tradable,0,0,0.0,0.0,0.0,0.0,14.30512444444435
2007-10-04,all_tradable,0,0,0.0,0.0,0.0,0.0,14.30512444444435
2007-10-05,all_tradable,0,0,0.0,0.0,0.0,0.0,14.30512444444435
2007-10-08,all_tradable,0,0,0.0,0.0,0.0,0.0,14.30512444444435
2007-10-09,all_tradable,0,0,0.0,0.0,0.0,0.0,14.30512444444435
2007-10-10,all_tradable,0,0,0.0,0.0,0.0,0.0,14.30512444444435
2007-10-11,all_tradable,0,0,0.0,0.0,0.0,0.0,14.30512444444435
2007-10-12,all_tradable,0,0,0.0,0.0,0.0,0.0,14.30512444444435
2007-10-15,all_tradable,0,0,0.0,0.0,0.0,0.0,14.30512444444435
2007-10-16,all_tradable,0,0,0.0,0.0,0.0,0.0,14.30512444444435
2007-10-17,all_tradable,0,0,0.0,0.0,0.0,0.0,14.30512444444435
2007-10-18,all_tradable,0,0,0.0,0.0,0.0,0.0,14.30512444444435
2007-10-19,all_tradable,0,0,0.0,0.0,0.0,0.0,14.30512444444435
2007-10-22,all_tradable,0,0,0.0,0.0,0.0,0.0,14.30512444444435
2007-10-23,all_tradable,0,0,0.0,0.0,0.0,0.0,14.30512444444435
2007-10-24,all_tradable,0,0,0.0,0.0,0.0,0.0,14.30512444444435
2007-10-25,all_tradable,0,0,0.0,0.0,0.0,0.0,14.30512444444435
2007-10-26,all_tradable,0,0,0.0,0.0,0.0,0.0,14.30512444444435
2007-10-29,all_tradable,0,0,0.0,0.0,0.0,0.0,14.30512444444435
2007-10-30,all_tradable,0,0,0.0,0.0,0.0,0.0,14.30512444444435
2007-10-31,all_tradable,0,0,0.0,0.0,0.0,0.0,14.30512444444435
2007-11-01,all_tradable,0,0,0.0,0.0,0.0,0.0,14.30512444444435
2007-11-02,all_tradable,0,0,0.0,0.0,0.0,0.0,14.30512444444435
2007-11-05,all_tradable,0,0,0.0,0.0,0.0,0.0,14.30512444444435
2007-11-06,all_tradable,0,0,0.0,0.0,0.0,0.0,14.30512444444435
2007-11-07,all_tradable,0,0,0.0,0.0,0.0,0.0,14.30512444444435
2007-11-08,all_tradable,0,0,0.0,0.0,0.0,0.0,14.30512444444435
2007-11-09,all_tradable,0,0,0.0,0.0,0.0,0.0,14.30512444444435
2007-11-12,all_tradable,0,0,0.0,0.0,0.0,0.0,14.30512444444435
2007-11-13,all_tradable,0,0,0.0,0.0,0.0,0.0,14.30512444444435
2007-11-14,all_tradable,0,0,0.0,0.0,0.0,0.0,14.30512444444435
2007-11-15,all_tradable,0,0,0.0,0.0,0.0,0.0,14.30512444444435
2007-11-16,all_tradable,0,0,0.0,0.0,0.0,0.0,14.30512444444435
2007-11-19,all_tradable,0,0,0.0,0.0,0.0,0.0,14.30512444444435
2007-11-20,all_tradable,0,0,0.0,0.0,0.0,0.0,14.30512444444435
2007-11-21,all_tradable,0,0,0.0,0.0,0.0,0.0,14.30512444444435
2007-11-22,all_tradable,0,0,0.0,0.0,0.0,0.0,14.30512444444435
2007-11-23,all_tradable,0,0,0.0,0.0,0.0,0.0,14.30512444444435
2007-11-26,all_tradable,0,0,0.0,0.0,0.0,0.0,14.30512444444435
2007-11-27,all_tradable,0,0,0.0,0.0,0.0,0.0,14.30512444444435
2007-11-28,all_tradable,0,0,0.0,0.0,0.0,0.0,14.30512444444435
2007-11-29,all_tradable,0,0,0.0,0.0,0.0,0.0,14.30512444444435
2007-11-30,all_tradable,0,0,0.0,0.0,0.0,0.0,14.30512444444435
2007-12-03,all_tradable,0,0,0.0,0.0,0.0,0.0,14.30512444444435
2007-12-04,all_tradable,0,0,0.0,0.0,0.0,0.0,14.30512444444435
2007-12-05,all_tradable,0,0,0.0,0.0,0.0,0.0,14.30512444444435
2007-12-06,all_tradable,0,0,0.0,0.0,0.0,0.0,14.30512444444435
2007-12-07,all_tradable,0,0,0.0,0.0,0.0,0.0,14.30512444444435
2007-12-10,all_tradable,0,0,0.0,0.0,0.0,0.0,14.30512444444435
2007-12-11,all_tradable,0,0,0.0,0.0,0.0,0.0,14.30512444444435
2007-12-12,all_tradable,0,0,0.0,0.0,0.0,0.0,14.30512444444435
2007-12-13,all_tradable,0,0,0.0,0.0,0.0,0.0,14.30512444444435
2007-12-14,all_tradable,0,0,0.0,0.0,0.0,0.0,14.30512444444435
2007-12-17,all_tradable,0,0,0.0,0.0,0.0,0.0,14.30512444444435
2007-12-18,all_tradable,0,0,0.0,0.0,0.0,0.0,14.30512444444435
2007-12-19,all_tradable,0,0,0.0,0.0,0.0,0.0,14.30512444444435
2007-12-20,all_tradable,0,0,0.0,0.0,0.0,0.0,14.30512444444435
2007-12-21,all_tradable,0,0,0.0,0.0,0.0,0.0,14.30512444444435
2007-12-24,all_tradable,0,0,0.0,0.0,0.0,0.0,14.30512444444435
2007-12-25,all_tradable,0,0,0.0,0.0,0.0,0.0,14.30512444444435
2007-12-26,all_tradable,0,0,0.0,0.0,0.0,0.0,14.30512444444435
2007-12-27,all_tradable,0,0,0.0,0.0,0.0,0.0,14.30512444444435
2007-12-28,all_tradable,0,0,0.0,0.0,0.0,0.0,14.30512444444435
2007-12-31,all_tradable,0,0,0.0,0.0,0.0,0.0,14.30512444444435
2008-01-01,all_tradable,0,0,0.0,0.0,0.0,0.0,14.30512444444435
2008-01-02,all_tradable,0,0,0.0,0.0,0.0,0.0,14.30512444444435
2008-01-03,all_tradable,0,0,0.0,0.0,0.0,0.0,14.30512444444435
2008-01-04,all_tradable,0,0,0.0,0.0,0.0,0.0,14.30512444444435
2008-01-07,all_tradable,0,0,0.0,0.0,0.0,0.0,14.30512444444435
2008-01-08,all_tradable,0,0,0.0,0.0,0.0,0.0,14.30512444444435
2008-01-09,all_tradable,0,0,0.0,0.0,0.0,0.0,14.30512444444435
2008-01-10,all_tradable,0,0,0.0,0.0,0.0,0.0,14.30512444444435
2008-01-11,all_tradable,0,0,0.0,0.0,0.0,0.0,14.30512444444435
2008-01-14,all_tradable,0,0,0.0,0.0,0.0,0.0,14.30512444444435
2008-01-15,all_tradable,0,0,0.0,0.0,0.0,0.0,14.30512444444435
2008-01-16,all_tradable,0,0,0.0,0.0,0.0,0.0,14.30512444444435
2008-01-17,all_tradable,0,0,0.0,0.0,0.0,0.0,14.30512444444435
2008-01-18,all_tradable,0,0,0.0,0.0,0.0,0.0,14.30512444444435
2008-01-21,all_tradable,0,0,0.0,0.0,0.0,0.0,14.30512444444435
2008-01-22,all_tradable,0,0,0.0,0.0,0.0,0.0,14.30512444444435
2008-01-23,all_tradable,0,0,0.0,0.0,0.0,0.0,14.30512444444435
2008-01-24,all_tradable,0,0,0.0,0.0,0.0,0.0,14.30512444444435
2008-01-25,all_tradable,0,0,0.0,0.0,0.0,0.0,14.30512444444435
2008-01-28,all_tradable,0,0,0.0,0.0,0.0,0.0,14.30512444444435
2008-01-29,all_tradable,0,0,0.0,0.0,0.0,0.0,14.30512444444435
2008-01-30,all_tradable,0,0,0.0,0.0,0.0,0.0,14.30512444444435
2008-01-31,all_tradable,0,0,0.0,0.0,0.0,0.0,14.30512444444435
2008-02-01,all_tradable,0,0,0.0,0.0,0.0,0.0,14.30512444444435
2008-02-04,all_tradable,0,0,0.0,0.0,0.0,0.0,14.30512444444435
2008-02-05,all_tradable,0,0,0.0,0.0,0.0,0.0,14.30512444444435
2008-02-06,all_tradable,0,0,0.0,0.0,0.0,0.0,14.30512444444435
2008-02-07,all_tradable,0,0,0.0,0.0,0.0,0.0,14.30512444444435
2008-02-08,all_tradable,0,0,0.0,0.0,0.0,0.0,14.30512444444435
2008-02-11,all_tradable,0,0,0.0,0.0,0.0,0.0,14.30512444444435
2008-02-12,all_tradable,0,0,0.0,0.0,0.0,0.0,14.30512444444435
2008-02-13,all_tradable,0,0,0.0,0.0,0.0,0.0,14.30512444444435
2008-02-14,all_tradable,0,0,0.0,0.0,0.0,0.0,14.30512444444435
2008-02-15,all_tradable,0,0,0.0,0.0,0.0,0.0,14.30512444444435
2008-02-18,all_tradable,0,0,0.0,0.0,0.0,0.0,14.30512444444435
2008-02-19,all_tradable,0,0,0.0,0.0,0.0,0.0,14.30512444444435
2008-02-20,all_tradable,0,0,0.0,0.0,0.0,0.0,14.30512444444435
2008-02-21,all_tradable,0,0,0.0,0.0,0.0,0.0,14.30512444444435
2008-02-22,all_tradable,0,0,0.0,0.0,0.0,0.0,14.30512444444435
2008-02-25,all_tradable,0,0,0.0,0.0,0.0,0.0,14.30512444444435
2008-02-26,all_tradable,0,0,0.0,0.0,0.0,0.0,14.30512444444435
2008-02-27,all_tradable,0,0,0.0,0.0,0.0,0.0,14.30512444444435
2008-02-28,all_tradable,0,0,0.0,0.0,0.0,0.0,14.30512444444435
2008-02-29,all_tradable,0,0,0.0,0.0,0.0,0.0,14.30512444444435
2008-03-03,all_tradable,0,0,0.0,0.0,0.0,0.0,14.30512444444435
2008-03-04,all_tradable,0,0,0.0,0.0,0.0,0.0,14.30512444444435
2008-03-05,all_tradable,0,0,0.0,0.0,0.0,0.0,14.30512444444435
2008-03-06,all_tradable,0,0,0.0,0.0,0.0,0.0,14.30512444444435
2008-03-07,all_tradable,0,0,0.0,0.0,0.0,0.0,14.30512444444435
2008-03-10,all_tradable,0,0,0.0,0.0,0.0,0.0,14.30512444444435
2008-03-11,all_tradable,0,0,0.0,0.0,0.0,0.0,14.30512444444435
2008-03-12,all_tradable,0,0,0.0,0.0,0.0,0.0,14.30512444444435
2008-03-13,all_tradable,0,0,0.0,0.0,0.0,0.0,14.30512444444435
2008-03-14,all_tradable,0,0,0.0,0.0,0.0,0.0,14.30512444444435
2008-03-17,all_tradable,0,0,0.0,0.0,0.0,0.0,14.30512444444435
2008-03-18,all_tradable,0,0,0.0,0.0,0.0,0.0,14.30512444444435
2008-03-19,all_tradable,0,0,0.0,0.0,0.0,0.0,14.30512444444435
2008-03-20,all_tradable,0,0,0.0,0.0,0.0,0.0,14.30512444444435
2008-03-21,all_tradable,0,0,0.0,0.0,0.0,0.0,14.30512444444435
2008-03-24,all_tradable,0,0,0.0,0.0,0.0,0.0,14.30512444444435
2008-03-25,all_tradable,0,0,0.0,0.0,0.0,0.0,14.30512444444435
2008-03-26,all_tradable,0,0,0.0,0.0,0.0,0.0,14.30512444444435
2008-03-27,all_tradable,0,0,0.0,0.0,0.0,0.0,14.30512444444435
2008-03-28,all_tradable,0,0,0.0,0.0,0.0,0.0,14.30512444444435
2008-03-31,all_tradable,0,0,0.0,0.0,0.0,0.0,14.30512444444435
2008-04-01,all_tradable,0,0,0.0,0.0,0.0,0.0,14.30512444444435
2008-04-02,all_tradable,0,0,0.0,0.0,0.0,0.0,14.30512444444435
2008-04-03,all_tradable,0,0,0.0,0.0,0.0,0.0,14.30512444444435
2008-04-04,all_tradable,0,0,0.0,0.0,0.0,0.0,14.30512444444435
2008-04-07,all_tradable,0,0,0.0,0.0,0.0,0.0,14.30512444444435
2008-04-08,all_tradable,0,0,0.0,0.0,0.0,0.0,14.30512444444435
2008-04-09,all_tradable,0,0,0.0,0.0,0.0,0.0,14.30512444444435
2008-04-10,all_tradable,0,0,0.0,0.0,0.0,0.0,14.30512444444435
2008-04-11,all_tradable,0,0,0.0,0.0,0.0,0.0,14.30512444444435
2008-04-14,all_tradable,0,0,0.0,0.0,0.0,0.0,14.30512444444435
2008-04-15,all_tradable,0,0,0.0,0.0,0.0,0.0,14.30512444444435
2008-04-16,all_tradable,0,0,0.0,0.0,0.0,0.0,14.30512444444435
2008-04-17,all_tradable,0,0,0.0,0.0,0.0,0.0,14.30512444444435
2008-04-18,all_tradable,0,0,0.0,0.0,0.0,0.0,14.30512444444435
2008-04-21,all_tradable,0,0,0.0,0.0,0.0,0.0,14.30512444444435
2008-04-22,all_tradable,0,0,0.0,0.0,0.0,0.0,14.30512444444435
2008-04-23,all_tradable,0,0,0.0,0.0,0.0,0.0,14.30512444444435
2008-04-24,all_tradable,0,0,0.0,0.0,0.0,0.0,14.30512444444435
2008-04-25,all_tradable,0,0,0.0,0.0,0.0,0.0,14.30512444444435
2008-04-28,all_tradable,0,0,0.0,0.0,0.0,0.0,14.30512444444435
2008-04-29,all_tradable,0,0,0.0,0.0,0.0,0.0,14.30512444444435
2008-04-30,all_tradable,0,0,0.0,0.0,0.0,0.0,14.30512444444435
2008-05-01,all_tradable,0,0,0.0,0.0,0.0,0.0,14.30512444444435
2008-05-02,all_tradable,0,0,0.0,0.0,0.0,0.0,14.30512444444435
2008-05-05,all_tradable,0,0,0.0,0.0,0.0,0.0,14.30512444444435
2008-05-06,all_tradable,0,0,0.0,0.0,0.0,0.0,14.30512444444435
2008-05-07,all_tradable,0,0,0.0,0.0,0.0,0.0,14.30512444444435
2008-05-08,all_tradable,0,0,0.0,0.0,0.0,0.0,14.30512444444435
2008-05-09,all_tradable,0,0,0.0,0.0,0.0,0.0,14.30512444444435
2008-05-12,all_tradable,0,0,0.0,0.0,0.0,0.0,14.30512444444435
2008-05-13,all_tradable,0,0,0.0,0.0,0.0,0.0,14.30512444444435
2008-05-14,all_tradable,0,0,0.0,0.0,0.0,0.0,14.30512444444435
2008-05-15,all_tradable,0,0,0.0,0.0,0.0,0.0,14.30512444444435
2008-05-16,all_tradable,0,0,0.0,0.0,0.0,0.0,14.30512444444435
2008-05-19,all_tradable,0,0,0.0,0.0,0.0,0.0,14.30512444444435
2008-05-20,all_tradable,0,0,0.0,0.0,0.0,0.0,14.30512444444435
2008-05-21,all_tradable,0,0,0.0,0.0,0.0,0.0,14.30512444444435
2008-05-22,all_tradable,0,0,0.0,0.0,0.0,0.0,14.30512444444435
2008-05-23,all_tradable,0,0,0.0,0.0,0.0,0.0,14.30512444444435
2008-05-26,all_tradable,0,0,0.0,0.0,0.0,0.0,14.30512444444435
2008-05-27,all_tradable,0,0,0.0,0.0,0.0,0.0,14.30512444444435
2008-05-28,all_tradable,0,0,0.0,0.0,0.0,0.0,14.30512444444435
2008-05-29,all_tradable,0,0,0.0,0.0,0.0,0.0,14.30512444444435
2008-05-30,all_tradable,0,0,0.0,0.0,0.0,0.0,14.30512444444435
2008-06-02,all_tradable,0,0,0.0,0.0,0.0,0.0,14.30512444444435
2008-06-03,all_tradable,0,0,0.0,0.0,0.0,0.0,14.30512444444435
2008-06-04,all_tradable,0,0,0.0,0.0,0.0,0.0,14.30512444444435
2008-06-05,all_tradable,0,0,0.0,0.0,0.0,0.0,14.30512444444435
2008-06-06,all_tradable,0,0,0.0,0.0,0.0,0.0,14.30512444444435
2008-06-09,all_tradable,0,0,0.0,0.0,0.0,0.0,14.30512444444435
2008-06-10,all_tradable,0,0,0.0,0.0,0.0,0.0,14.30512444444435
2008-06-11,all_tradable,0,0,0.0,0.0,0.0,0.0,14.30512444444435
2008-06-12,all_tradable,0,0,0.0,0.0,0.0,0.0,14.30512444444435
2008-06-13,all_tradable,0,0,0.0,0.0,0.0,0.0,14.30512444444435
2008-06-16,all_tradable,0,0,0.0,0.0,0.0,0.0,14.30512444444435
2008-06-17,all_tradable,0,0,0.0,0.0,0.0,0.0,14.30512444444435
2008-06-18,all_tradable,0,0,0.0,0.0,0.0,0.0,14.30512444444435
2008-06-19,all_tradable,0,0,0.0,0.0,0.0,0.0,14.30512444444435
2008-06-20,all_tradable,0,0,0.0,0.0,0.0,0.0,14.30512444444435
2008-06-23,all_tradable,0,0,0.0,0.0,0.0,0.0,14.30512444444435
2008-06-24,all_tradable,0,0,0.0,0.0,0.0,0.0,14.30512444444435
2008-06-25,all_tradable,0,0,0.0,0.0,0.0,0.0,14.30512444444435
2008-06-26,all_tradable,0,0,0.0,0.0,0.0,0.0,14.30512444444435
2008-06-27,all_tradable,0,0,0.0,0.0,0.0,0.0,14.30512444444435
2008-06-30,all_tradable,0,0,0.0,0.0,0.0,0.0,14.30512444444435
2008-07-01,all_tradable,0,0,0.0,0.0,0.0,0.0,14.30512444444435
2008-07-02,all_tradable,0,0,0.0,0.0,0.0,0.0,14.30512444444435
2008-07-03,all_tradable,0,0,0.0,0.0,0.0,0.0,14.30512444444435
2008-07-04,all_tradable,0,0,0.0,0.0,0.0,0.0,14.30512444444435
2008-07-07,all_tradable,0,0,0.0,0.0,0.0,0.0,14.30512444444435
2008-07-08,all_tradable,0,0,0.0,0.0,0.0,0.0,14.30512444444435
2008-07-09,all_tradable,0,0,0.0,0.0,0.0,0.0,14.30512444444435
2008-07-10,all_tradable,0,0,0.0,0.0,0.0,0.0,14.30512444444435
2008-07-11,all_tradable,0,0,0.0,0.0,0.0,0.0,14.30512444444435
2008-07-14,all_tradable,0,0,0.0,0.0,0.0,0.0,14.30512444444435
2008-07-15,all_tradable,0,0,0.0,0.0,0.0,0.0,14.30512444444435
2008-07-16,all_tradable,0,0,0.0,0.0,0.0,0.0,14.30512444444435
2008-07-17,all_tradable,0,0,0.0,0.0,0.0,0.0,14.30512444444435
2008-07-18,all_tradable,0,0,0.0,0.0,0.0,0.0,14.30512444444435
2008-07-21,all_tradable,0,0,0.0,0.0,0.0,0.0,14.30512444444435
2008-07-22,all_tradable,0,0,0.0,0.0,0.0,0.0,14.30512444444435
2008-07-23,all_tradable,0,0,0.0,0.0,0.0,0.0,14.30512444444435
2008-07-24,all_tradable,0,0,0.0,0.0,0.0,0.0,14.30512444444435
2008-07-25,all_tradable,0,0,0.0,0.0,0.0,0.0,14.30512444444435
2008-07-28,all_tradable,0,0,0.0,0.0,0.0,0.0,14.30512444444435
2008-07-29,all_tradable,0,0,0.0,0.0,0.0,0.0,14.30512444444435
2008-07-30,all_tradable,0,0,0.0,0.0,0.0,0.0,14.30512444444435
2008-07-31,all_tradable,0,0,0.0,0.0,0.0,0.0,14.30512444444435
2008-08-01,all_tradable,0,0,0.0,0.0,0.0,0.0,14.30512444444435
2008-08-04,all_tradable,0,0,0.0,0.0,0.0,0.0,14.30512444444435
2008-08-05,all_tradable,0,0,0.0,0.0,0.0,0.0,14.30512444444435
2008-08-06,all_tradable,0,0,0.0,0.0,0.0,0.0,14.30512444444435
2008-08-07,all_tradable,0,0,0.0,0.0,0.0,0.0,14.30512444444435
2008-08-08,all_tradable,0,0,0.0,0.0,0.0,0.0,14.30512444444435
2008-08-11,all_tradable,0,0,0.0,0.0,0.0,0.0,14.30512444444435
2008-08-12,all_tradable,0,0,0.0,0.0,0.0,0.0,14.30512444444435
2008-08-13,all_tradable,0,0,0.0,0.0,0.0,0.0,14.30512444444435
2008-08-14,all_tradable,0,0,0.0,0.0,0.0,0.0,14.30512444444435
2008-08-15,all_tradable,0,0,0.0,0.0,0.0,0.0,14.30512444444435
2008-08-18,all_tradable,0,0,0.0,0.0,0.0,0.0,14.30512444444435
2008-08-19,all_tradable,0,0,0.0,0.0,0.0,0.0,14.30512444444435
2008-08-20,all_tradable,0,0,0.0,0.0,0.0,0.0,14.30512444444435
2008-08-21,all_tradable,0,0,0.0,0.0,0.0,0.0,14.30512444444435
2008-08-22,all_tradable,0,0,0.0,0.0,0.0,0.0,14.30512444444435
2008-08-25,all_tradable,0,0,0.0,0.0,0.0,0.0,14.30512444444435
2008-08-26,all_tradable,0,0,0.0,0.0,0.0,0.0,14.30512444444435
2008-08-27,all_tradable,0,0,0.0,0.0,0.0,0.0,14.30512444444435
2008-08-28,all_tradable,0,0,0.0,0.0,0.0,0.0,14.30512444444435
2008-08-29,all_tradable,0,0,0.0,0.0,0.0,0.0,14.30512444444435
2008-09-01,all_tradable,0,0,0.0,0.0,0.0,0.0,14.30512444444435
2008-09-02,all_tradable,0,0,0.0,0.0,0.0,0.0,14.30512444444435
2008-09-03,all_tradable,0,0,0.0,0.0,0.0,0.0,14.30512444444435
2008-09-04,all_tradable,0,0,0.0,0.0,0.0,0.0,14.30512444444435
2008-09-05,all_tradable,0,0,0.0,0.0,0.0,0.0,14.30512444444435
2008-09-08,all_tradable,0,0,0.0,0.0,0.0,0.0,14.30512444444435
2008-09-09,all_tradable,0,0,0.0,0.0,0.0,0.0,14.30512444444435
2008-09-10,all_tradable,0,0,0.0,0.0,0.0,0.0,14.30512444444435
2008-09-11,all_tradable,0,0,0.0,0.0,0.0,0.0,14.30512444444435
2008-09-12,all_tradable,0,0,0.0,0.0,0.0,0.0,14.30512444444435
2008-09-15,all_tradable,0,0,0.0,0.0,0.0,0.0,14.30512444444435
2008-09-16,all_tradable,0,0,0.0,0.0,0.0,0.0,14.30512444444435
2008-09-17,all_tradable,0,0,0.0,0.0,0.0,0.0,14.30512444444435
2008-09-18,all_tradable,0,0,0.0,0.0,0.0,0.0,14.30512444444435
2008-09-19,all_tradable,0,0,0.0,0.0,0.0,0.0,14.30512444444435
2008-09-22,all_tradable,0,0,0.0,0.0,0.0,0.0,14.30512444444435
2008-09-23,all_tradable,0,0,0.0,0.0,0.0,0.0,14.30512444444435
2008-09-24,all_tradable,0,0,0.0,0.0,0.0,0.0,14.30512444444435
2008-09-25,all_tradable,0,0,0.0,0.0,0.0,0.0,14.30512444444435
2008-09-26,all_tradable,0,0,0.0,0.0,0.0,0.0,14.30512444444435
2008-09-29,all_tradable,0,0,0.0,0.0,0.0,0.0,14.30512444444435
2008-09-30,all_tradable,0,0,0.0,0.0,0.0,0.0,14.30512444444435
2008-10-01,all_tradable,0,0,0.0,0.0,0.0,0.0,14.30512444444435
2008-10-02,all_tradable,0,0,0.0,0.0,0.0,0.0,14.30512444444435
2008-10-03,all_tradable,0,0,0.0,0.0,0.0,0.0,14.30512444444435
2008-10-06,all_tradable,0,0,0.0,0.0,0.0,0.0,14.30512444444435
2008-10-07,all_tradable,0,0,0.0,0.0,0.0,0.0,14.30512444444435
2008-10-08,all_tradable,0,0,0.0,0.0,0.0,0.0,14.30512444444435
2008-10-09,all_tradable,0,0,0.0,0.0,0.0,0.0,14.30512444444435
2008-10-10,all_tradable,0,0,0.0,0.0,0.0,0.0,14.30512444444435
2008-10-13,all_tradable,0,0,0.0,0.0,0.0,0.0,14.30512444444435
2008-10-14,all_tradable,0,0,0.0,0.0,0.0,0.0,14.30512444444435
2008-10-15,all_tradable,0,0,0.0,0.0,0.0,0.0,14.30512444444435
2008-10-16,all_tradable,0,0,0.0,0.0,0.0,0.0,14.30512444444435
2008-10-17,all_tradable,0,0,0.0,0.0,0.0,0.0,14.30512444444435
2008-10-20,all_tradable,0,0,0.0,0.0,0.0,0.0,14.30512444444435
2008-10-21,all_tradable,0,0,0.0,0.0,0.0,0.0,14.30512444444435
2008-10-22,all_tradable,0,0,0.0,0.0,0.0,0.0,14.30512444444435
2008-10-23,all_tradable,0,0,0.0,0.0,0.0,0.0,14.30512444444435
2008-10-24,all_tradable,0,0,0.0,0.0,0.0,0.0,14.30512444444435
2008-10-27,all_tradable,0,0,0.0,0.0,0.0,0.0,14.30512444444435
2008-10-28,all_tradable,0,0,0.0,0.0,0.0,0.0,14.30512444444435
2008-10-29,all_tradable,0,0,0.0,0.0,0.0,0.0,14.30512444444435
2008-10-30,all_tradable,0,0,0.0,0.0,0.0,0.0,14.30512444444435
2008-10-31,all_tradable,0,0,0.0,0.0,0.0,0.0,14.30512444444435
2008-11-03,all_tradable,0,0,0.0,0.0,0.0,0.0,14.30512444444435
2008-11-04,all_tradable,0,0,0.0,0.0,0.0,0.0,14.30512444444435
2008-11-05,all_tradable,0,0,0.0,0.0,0.0,0.0,14.30512444444435
2008-11-06,all_tradable,0,0,0.0,0.0,0.0,0.0,14.30512444444435
2008-11-07,all_tradable,0,0,0.0,0.0,0.0,0.0,14.30512444444435
2008-11-10,all_tradable,0,0,0.0,0.0,0.0,0.0,14.30512444444435
2008-11-11,all_tradable,0,0,0.0,0.0,0.0,0.0,14.30512444444435
2008-11-12,all_tradable,0,0,0.0,0.0,0.0,0.0,14.30512444444435
2008-11-13,all_tradable,0,0,0.0,0.0,0.0,0.0,14.30512444444435
2008-11-14,all_tradable,0,0,0.0,0.0,0.0,0.0,14.30512444444435
2008-11-17,all_tradable,0,0,0.0,0.0,0.0,0.0,14.30512444444435
2008-11-18,all_tradable,0,0,0.0,0.0,0.0,0.0,14.30512444444435
2008-11-19,all_tradable,0,0,0.0,0.0,0.0,0.0,14.30512444444435
2008-11-20,all_tradable,0,0,0.0,0.0,0.0,0.0,14.30512444444435
2008-11-21,all_tradable,0,0,0.0,0.0,0.0,0.0,14.30512444444435
2008-11-24,all_tradable,0,0,0.0,0.0,0.0,0.0,14.30512444444435
2008-11-25,all_tradable,0,0,0.0,0.0,0.0,0.0,14.30512444444435
2008-11-26,all_tradable,0,0,0.0,0.0,0.0,0.0,14.30512444444435
2008-11-27,all_tradable,0,0,0.0,0.0,0.0,0.0,14.30512444444435
2008-11-28,all_tradable,0,0,0.0,0.0,0.0,0.0,14.30512444444435
2008-12-01,all_tradable,0,0,0.0,0.0,0.0,0.0,14.30512444444435
2008-12-02,all_tradable,0,0,0.0,0.0,0.0,0.0,14.30512444444435
2008-12-03,all_tradable,0,0,0.0,0.0,0.0,0.0,14.30512444444435
2008-12-04,all_tradable,0,0,0.0,0.0,0.0,0.0,14.30512444444435
2008-12-05,all_tradable,0,0,0.0,0.0,0.0,0.0,14.30512444444435
2008-12-08,all_tradable,0,0,0.0,0.0,0.0,0.0,14.30512444444435
2008-12-09,all_tradable,0,0,0.0,0.0,0.0,0.0,14.30512444444435
2008-12-10,all_tradable,0,0,0.0,0.0,0.0,0.0,14.30512444444435
2008-12-11,all_tradable,0,0,0.0,0.0,0.0,0.0,14.30512444444435
2008-12-12,all_tradable,0,0,0.0,0.0,0.0,0.0,14.30512444444435
2008-12-15,all_tradable,0,0,0.0,0.0,0.0,0.0,14.30512444444435
2008-12-16,all_tradable,0,0,0.0,0.0,0.0,0.0,14.30512444444435
2008-12-17,all_tradable,0,0,0.0,0.0,0.0,0.0,14.30512444444435
2008-12-18,all_tradable,0,0,0.0,0.0,0.0,0.0,14.30512444444435
2008-12-19,all_tradable,0,0,0.0,0.0,0.0,0.0,14.30512444444435
2008-12-22,all_tradable,0,0,0.0,0.0,0.0,0.0,14.30512444444435
2008-12-23,all_tradable,0,0,0.0,0.0,0.0,0.0,14.30512444444435
2008-12-24,all_tradable,0,0,0.0,0.0,0.0,0.0,14.30512444444435
2008-12-25,all_tradable,0,0,0.0,0.0,0.0,0.0,14.30512444444435
2008-12-26,all_tradable,0,0,0.0,0.0,0.0,0.0,14.30512444444435
2008-12-29,all_tradable,0,0,0.0,0.0,0.0,0.0,14.30512444444435
2008-12-30,all_tradable,0,0,0.0,0.0,0.0,0.0,14.30512444444435
2008-12-31,all_tradable,0,0,0.0,0.0,0.0,0.0,14.30512444444435
2009-01-01,all_tradable,0,0,0.0,0.0,0.0,0.0,14.30512444444435
2009-01-02,all_tradable,0,0,0.0,0.0,0.0,0.0,14.30512444444435
2009-01-05,all_tradable,0,0,0.0,0.0,0.0,0.0,14.30512444444435
2009-01-06,all_tradable,0,0,0.0,0.0,0.0,0.0,14.30512444444435
2009-01-07,all_tradable,0,0,0.0,0.0,0.0,0.0,14.30512444444435
2009-01-08,all_tradable,0,0,0.0,0.0,0.0,0.0,14.30512444444435
2009-01-09,all_tradable,0,0,0.0,0.0,0.0,0.0,14.30512444444435
2009-01-12,all_tradable,0,0,0.0,0.0,0.0,0.0,14.30512444444435
2009-01-13,all_tradable,0,0,0.0,0.0,0.0,0.0,14.30512444444435
2009-01-14,all_tradable,0,0,0.0,0.0,0.0,0.0,14.30512444444435
2009-01-15,all_tradable,0,0,0.0,0.0,0.0,0.0,14.30512444444435
2009-01-16,all_tradable,0,0,0.0,0.0,0.0,0.0,14.30512444444435
2009-01-19,all_tradable,0,0,0.0,0.0,0.0,0.0,14.30512444444435
2009-01-20,all_tradable,0,0,0.0,0.0,0.0,0.0,14.30512444444435
2009-01-21,all_tradable,0,0,0.0,0.0,0.0,0.0,14.30512444444435
2009-01-22,all_tradable,0,0,0.0,0.0,0.0,0.0,14.30512444444435
2009-01-23,all_tradable,0,0,0.0,0.0,0.0,0.0,14.30512444444435
2009-01-26,all_tradable,0,0,0.0,0.0,0.0,0.0,14.30512444444435
2009-01-27,all_tradable,0,0,0.0,0.0,0.0,0.0,14.30512444444435
2009-01-28,all_tradable,0,0,0.0,0.0,0.0,0.0,14.30512444444435
2009-01-29,all_tradable,0,0,0.0,0.0,0.0,0.0,14.30512444444435
2009-01-30,all_tradable,0,0,0.0,0.0,0.0,0.0,14.30512444444435
2009-02-02,all_tradable,0,0,0.0,0.0,0.0,0.0,14.30512444444435
2009-02-03,all_tradable,0,0,0.0,0.0,0.0,0.0,14.30512444444435
2009-02-04,all_tradable,0,0,0.0,0.0,0.0,0.0,14.30512444444435
2009-02-05,all_tradable,0,0,0.0,0.0,0.0,0.0,14.30512444444435
2009-02-06,all_tradable,0,0,0.0,0.0,0.0,0.0,14.30512444444435
2009-02-09,all_tradable,0,0,0.0,0.0,0.0,0.0,14.30512444444435
2009-02-10,all_tradable,0,0,0.0,0.0,0.0,0.0,14.30512444444435
2009-02-11,all_tradable,0,0,0.0,0.0,0.0,0.0,14.30512444444435
2009-02-12,all_tradable,0,0,0.0,0.0,0.0,0.0,14.30512444444435
2009-02-13,all_tradable,0,0,0.0,0.0,0.0,0.0,14.30512444444435
2009-02-16,all_tradable,0,0,0.0,0.0,0.0,0.0,14.30512444444435
2009-02-17,all_tradable,0,0,0.0,0.0,0.0,0.0,14.30512444444435
2009-02-18,all_tradable,0,0,0.0,0.0,0.0,0.0,14.30512444444435
2009-02-19,all_tradable,0,0,0.0,0.0,0.0,0.0,14.30512444444435
2009-02-20,all_tradable,0,0,0.0,0.0,0.0,0.0,14.30512444444435
2009-02-23,all_tradable,0,0,0.0,0.0,0.0,0.0,14.30512444444435
2009-02-24,all_tradable,0,0,0.0,0.0,0.0,0.0,14.30512444444435
2009-02-25,all_tradable,0,0,0.0,0.0,0.0,0.0,14.30512444444435
2009-02-26,all_tradable,0,0,0.0,0.0,0.0,0.0,14.30512444444435
2009-02-27,all_tradable,0,0,0.0,0.0,0.0,0.0,14.30512444444435
2009-03-02,all_tradable,0,0,0.0,0.0,0.0,0.0,14.30512444444435
2009-03-03,all_tradable,0,0,0.0,0.0,0.0,0.0,14.30512444444435
2009-03-04,all_tradable,0,0,0.0,0.0,0.0,0.0,14.30512444444435
2009-03-05,all_tradable,0,0,0.0,0.0,0.0,0.0,14.30512444444435
2009-03-06,all_tradable,0,0,0.0,0.0,0.0,0.0,14.30512444444435
2009-03-09,all_tradable,0,0,0.0,0.0,0.0,0.0,14.30512444444435
2009-03-10,all_tradable,0,0,0.0,0.0,0.0,0.0,14.30512444444435
2009-03-11,all_tradable,0,0,0.0,0.0,0.0,0.0,14.30512444444435
2009-03-12,all_tradable,0,0,0.0,0.0,0.0,0.0,14.30512444444435
2009-03-13,all_tradable,0,0,0.0,0.0,0.0,0.0,14.30512444444435
2009-03-16,all_tradable,0,0,0.0,0.0,0.0,0.0,14.30512444444435
2009-03-17,all_tradable,0,0,0.0,0.0,0.0,0.0,14.30512444444435
2009-03-18,all_tradable,0,0,0.0,0.0,0.0,0.0,14.30512444444435
2009-03-19,all_tradable,0,0,0.0,0.0,0.0,0.0,14.30512444444435
2009-03-20,all_tradable,0,0,0.0,0.0,0.0,0.0,14.30512444444435
2009-03-23,all_tradable,0,0,0.0,0.0,0.0,0.0,14.30512444444435
2009-03-24,all_tradable,0,0,0.0,0.0,0.0,0.0,14.30512444444435
2009-03-25,all_tradable,0,0,0.0,0.0,0.0,0.0,14.30512444444435
2009-03-26,all_tradable,0,0,0.0,0.0,0.0,0.0,14.30512444444435
2009-03-27,all_tradable,0,0,0.0,0.0,0.0,0.0,14.30512444444435
2009-03-30,all_tradable,0,0,0.0,0.0,0.0,0.0,14.30512444444435
2009-03-31,all_tradable,0,0,0.0,0.0,0.0,0.0,14.30512444444435
2009-04-01,all_tradable,0,0,0.0,0.0,0.0,0.0,14.30512444444435
2009-04-02,all_tradable,0,0,0.0,0.0,0.0,0.0,14.30512444444435
2009-04-03,all_tradable,0,0,0.0,0.0,0.0,0.0,14.30512444444435
2009-04-06,all_tradable,0,0,0.0,0.0,0.0,0.0,14.30512444444435
2009-04-07,all_tradable,0,0,0.0,0.0,0.0,0.0,14.30512444444435
2009-04-08,all_tradable,0,0,0.0,0.0,0.0,0.0,14.30512444444435
2009-04-09,all_tradable,0,0,0.0,0.0,0.0,0.0,14.30512444444435
2009-04-10,all_tradable,0,0,0.0,0.0,0.0,0.0,14.30512444444435
2009-04-13,all_tradable,0,0,0.0,0.0,0.0,0.0,14.30512444444435
2009-04-14,all_tradable,0,0,0.0,0.0,0.0,0.0,14.30512444444435
2009-04-15,all_tradable,0,0,0.0,0.0,0.0,0.0,14.30512444444435
2009-04-16,all_tradable,0,0,0.0,0.0,0.0,0.0,14.30512444444435
2009-04-17,all_tradable,0,0,0.0,0.0,0.0,0.0,14.30512444444435
2009-04-20,all_tradable,0,0,0.0,0.0,0.0,0.0,14.30512444444435
2009-04-21,all_tradable,0,0,0.0,0.0,0.0,0.0,14.30512444444435
2009-04-22,all_tradable,0,0,0.0,0.0,0.0,0.0,14.30512444444435
2009-04-23,all_tradable,0,0,0.0,0.0,0.0,0.0,14.30512444444435
2009-04-24,all_tradable,0,0,0.0,0.0,0.0,0.0,14.30512444444435
2009-04-27,all_tradable,1,1,18515498.1318,0.0,0.0,0.0,14.30512444444435
2009-04-28,all_tradable,1,1,18515498.1318,0.0003118410381184,0.0003118410381184,0.031184103811840003,14.336308548256191
2009-04-29,all_tradable,1,1,18515498.1318,0.01145701540957,0.01145701540957,1.145701540957,15.48201008921319
2009-04-30,all_tradable,1,1,18515498.1318,-0.017184509326845,-0.017184509326845,-1.7184509326844999,13.76355915652869
2009-05-01,all_tradable,1,1,18515498.1318,-0.0061642335766422,-0.0061642335766422,-0.61642335766422,13.14713579886447
2009-05-04,all_tradable,1,1,18515498.1318,0.0047133008921328,0.0047133008921328,0.47133008921328,13.618465888077749
2009-05-05,all_tradable,1,1,18515498.1318,0.013697891321979,0.013697891321979,1.3697891321978999,14.988255020275648
2009-05-06,all_tradable,1,1,18515498.1318,0.0134091646390915,0.0134091646390915,1.34091646390915,16.329171484184798
2009-05-07,all_tradable,1,1,18515498.1318,0.003463503649635,0.003463503649635,0.3463503649635,16.675521849148296
2009-05-08,all_tradable,1,1,18515498.1318,0.0078094079480941,0.0078094079480941,0.7809407948094099,17.456462643957707
2009-05-11,all_tradable,1,1,18515498.1318,-0.0092704785077048,-0.0092704785077048,-0.92704785077048,16.52941479318723
2009-05-12,all_tradable,1,1,18515498.1318,-0.0024018653690185,-0.0024018653690185,-0.24018653690185002,16.289228256285377
2009-05-13,all_tradable,1,1,18515498.1318,-0.0055202757502027,-0.0055202757502027,-0.55202757502027,15.737200681265106
2009-05-14,all_tradable,1,1,18515498.1318,0.005228304947283,0.005228304947283,0.5228304947283,16.260031175993404
2009-05-15,all_tradable,1,1,18515498.1318,0.0087935928629359,0.0087935928629359,0.87935928629359,17.139390462286997
2009-05-18,all_tradable,1,1,18515498.1318,0.000934712084347,0.000934712084347,0.0934712084347,17.232861670721697
2009-05-19,all_tradable,1,1,18515498.1318,0.0052927818329278,0.0052927818329278,0.5292781832927801,17.762139854014478
2009-05-20,all_tradable,1,1,18515498.1318,0.1211478459042984,0.1211478459042984,12.11478459042984,29.87692444444432
2009-05-21,all_tradable,0,0,0.0,0.0,0.0,0.0,29.87692444444432
2009-05-22,all_tradable,0,0,0.0,0.0,0.0,0.0,29.87692444444432
2009-05-25,all_tradable,0,0,0.0,0.0,0.0,0.0,29.87692444444432
2009-05-26,all_tradable,0,0,0.0,0.0,0.0,0.0,29.87692444444432
2009-05-27,all_tradable,0,0,0.0,0.0,0.0,0.0,29.87692444444432
2009-05-28,all_tradable,0,0,0.0,0.0,0.0,0.0,29.87692444444432
2009-05-29,all_tradable,0,0,0.0,0.0,0.0,0.0,29.87692444444432
2009-06-01,all_tradable,0,0,0.0,0.0,0.0,0.0,29.87692444444432
2009-06-02,all_tradable,0,0,0.0,0.0,0.0,0.0,29.87692444444432
2009-06-03,all_tradable,0,0,0.0,0.0,0.0,0.0,29.87692444444432
2009-06-04,all_tradable,0,0,0.0,0.0,0.0,0.0,29.87692444444432
2009-06-05,all_tradable,0,0,0.0,0.0,0.0,0.0,29.87692444444432
2009-06-08,all_tradable,0,0,0.0,0.0,0.0,0.0,29.87692444444432
2009-06-09,all_tradable,0,0,0.0,0.0,0.0,0.0,29.87692444444432
2009-06-10,all_tradable,0,0,0.0,0.0,0.0,0.0,29.87692444444432
2009-06-11,all_tradable,0,0,0.0,0.0,0.0,0.0,29.87692444444432
2009-06-12,all_tradable,0,0,0.0,0.0,0.0,0.0,29.87692444444432
2009-06-15,all_tradable,0,0,0.0,0.0,0.0,0.0,29.87692444444432
2009-06-16,all_tradable,0,0,0.0,0.0,0.0,0.0,29.87692444444432
2009-06-17,all_tradable,0,0,0.0,0.0,0.0,0.0,29.87692444444432
2009-06-18,all_tradable,0,0,0.0,0.0,0.0,0.0,29.87692444444432
2009-06-19,all_tradable,0,0,0.0,0.0,0.0,0.0,29.87692444444432
2009-06-22,all_tradable,0,0,0.0,0.0,0.0,0.0,29.87692444444432
2009-06-23,all_tradable,0,0,0.0,0.0,0.0,0.0,29.87692444444432
2009-06-24,all_tradable,0,0,0.0,0.0,0.0,0.0,29.87692444444432
2009-06-25,all_tradable,0,0,0.0,0.0,0.0,0.0,29.87692444444432
2009-06-26,all_tradable,0,0,0.0,0.0,0.0,0.0,29.87692444444432
2009-06-29,all_tradable,0,0,0.0,0.0,0.0,0.0,29.87692444444432
2009-06-30,all_tradable,0,0,0.0,0.0,0.0,0.0,29.87692444444432
2009-07-01,all_tradable,0,0,0.0,0.0,0.0,0.0,29.87692444444432
2009-07-02,all_tradable,0,0,0.0,0.0,0.0,0.0,29.87692444444432
2009-07-03,all_tradable,0,0,0.0,0.0,0.0,0.0,29.87692444444432
2009-07-06,all_tradable,0,0,0.0,0.0,0.0,0.0,29.87692444444432
2009-07-07,all_tradable,0,0,0.0,0.0,0.0,0.0,29.87692444444432
2009-07-08,all_tradable,0,0,0.0,0.0,0.0,0.0,29.87692444444432
2009-07-09,all_tradable,0,0,0.0,0.0,0.0,0.0,29.87692444444432
2009-07-10,all_tradable,0,0,0.0,0.0,0.0,0.0,29.87692444444432
2009-07-13,all_tradable,0,0,0.0,0.0,0.0,0.0,29.87692444444432
2009-07-14,all_tradable,0,0,0.0,0.0,0.0,0.0,29.87692444444432
2009-07-15,all_tradable,0,0,0.0,0.0,0.0,0.0,29.87692444444432
2009-07-16,all_tradable,0,0,0.0,0.0,0.0,0.0,29.87692444444432
2009-07-17,all_tradable,0,0,0.0,0.0,0.0,0.0,29.87692444444432
2009-07-20,all_tradable,0,0,0.0,0.0,0.0,0.0,29.87692444444432
2009-07-21,all_tradable,0,0,0.0,0.0,0.0,0.0,29.87692444444432
2009-07-22,all_tradable,0,0,0.0,0.0,0.0,0.0,29.87692444444432
2009-07-23,all_tradable,0,0,0.0,0.0,0.0,0.0,29.87692444444432
2009-07-24,all_tradable,0,0,0.0,0.0,0.0,0.0,29.87692444444432
2009-07-27,all_tradable,0,0,0.0,0.0,0.0,0.0,29.87692444444432
2009-07-28,all_tradable,0,0,0.0,0.0,0.0,0.0,29.87692444444432
2009-07-29,all_tradable,0,0,0.0,0.0,0.0,0.0,29.87692444444432
2009-07-30,all_tradable,0,0,0.0,0.0,0.0,0.0,29.87692444444432
2009-07-31,all_tradable,0,0,0.0,0.0,0.0,0.0,29.87692444444432
2009-08-03,all_tradable,0,0,0.0,0.0,0.0,0.0,29.87692444444432
2009-08-04,all_tradable,0,0,0.0,0.0,0.0,0.0,29.87692444444432
2009-08-05,all_tradable,0,0,0.0,0.0,0.0,0.0,29.87692444444432
2009-08-06,all_tradable,0,0,0.0,0.0,0.0,0.0,29.87692444444432
2009-08-07,all_tradable,0,0,0.0,0.0,0.0,0.0,29.87692444444432
2009-08-10,all_tradable,0,0,0.0,0.0,0.0,0.0,29.87692444444432
2009-08-11,all_tradable,0,0,0.0,0.0,0.0,0.0,29.87692444444432
2009-08-12,all_tradable,0,0,0.0,0.0,0.0,0.0,29.87692444444432
2009-08-13,all_tradable,0,0,0.0,0.0,0.0,0.0,29.87692444444432
2009-08-14,all_tradable,0,0,0.0,0.0,0.0,0.0,29.87692444444432
2009-08-17,all_tradable,0,0,0.0,0.0,0.0,0.0,29.87692444444432
2009-08-18,all_tradable,0,0,0.0,0.0,0.0,0.0,29.87692444444432
2009-08-19,all_tradable,0,0,0.0,0.0,0.0,0.0,29.87692444444432
2009-08-20,all_tradable,0,0,0.0,0.0,0.0,0.0,29.87692444444432
2009-08-21,all_tradable,0,0,0.0,0.0,0.0,0.0,29.87692444444432
2009-08-24,all_tradable,0,0,0.0,0.0,0.0,0.0,29.87692444444432
2009-08-25,all_tradable,0,0,0.0,0.0,0.0,0.0,29.87692444444432
2009-08-26,all_tradable,0,0,0.0,0.0,0.0,0.0,29.87692444444432
2009-08-27,all_tradable,0,0,0.0,0.0,0.0,0.0,29.87692444444432
2009-08-28,all_tradable,0,0,0.0,0.0,0.0,0.0,29.87692444444432
2009-08-31,all_tradable,0,0,0.0,0.0,0.0,0.0,29.87692444444432
2009-09-01,all_tradable,0,0,0.0,0.0,0.0,0.0,29.87692444444432
2009-09-02,all_tradable,0,0,0.0,0.0,0.0,0.0,29.87692444444432
2009-09-03,all_tradable,0,0,0.0,0.0,0.0,0.0,29.87692444444432
2009-09-04,all_tradable,0,0,0.0,0.0,0.0,0.0,29.87692444444432
2009-09-07,all_tradable,0,0,0.0,0.0,0.0,0.0,29.87692444444432
2009-09-08,all_tradable,0,0,0.0,0.0,0.0,0.0,29.87692444444432
2009-09-09,all_tradable,0,0,0.0,0.0,0.0,0.0,29.87692444444432
2009-09-10,all_tradable,0,0,0.0,0.0,0.0,0.0,29.87692444444432
2009-09-11,all_tradable,0,0,0.0,0.0,0.0,0.0,29.87692444444432
2009-09-14,all_tradable,0,0,0.0,0.0,0.0,0.0,29.87692444444432
2009-09-15,all_tradable,0,0,0.0,0.0,0.0,0.0,29.87692444444432
2009-09-16,all_tradable,0,0,0.0,0.0,0.0,0.0,29.87692444444432
2009-09-17,all_tradable,0,0,0.0,0.0,0.0,0.0,29.87692444444432
2009-09-18,all_tradable,0,0,0.0,0.0,0.0,0.0,29.87692444444432
2009-09-21,all_tradable,0,0,0.0,0.0,0.0,0.0,29.87692444444432
2009-09-22,all_tradable,0,0,0.0,0.0,0.0,0.0,29.87692444444432
2009-09-23,all_tradable,0,0,0.0,0.0,0.0,0.0,29.87692444444432
2009-09-24,all_tradable,0,0,0.0,0.0,0.0,0.0,29.87692444444432
2009-09-25,all_tradable,0,0,0.0,0.0,0.0,0.0,29.87692444444432
2009-09-28,all_tradable,0,0,0.0,0.0,0.0,0.0,29.87692444444432
2009-09-29,all_tradable,0,0,0.0,0.0,0.0,0.0,29.87692444444432
2009-09-30,all_tradable,0,0,0.0,0.0,0.0,0.0,29.87692444444432
2009-10-01,all_tradable,0,0,0.0,0.0,0.0,0.0,29.87692444444432
2009-10-02,all_tradable,0,0,0.0,0.0,0.0,0.0,29.87692444444432
2009-10-05,all_tradable,0,0,0.0,0.0,0.0,0.0,29.87692444444432
2009-10-06,all_tradable,0,0,0.0,0.0,0.0,0.0,29.87692444444432
2009-10-07,all_tradable,0,0,0.0,0.0,0.0,0.0,29.87692444444432
2009-10-08,all_tradable,0,0,0.0,0.0,0.0,0.0,29.87692444444432
2009-10-09,all_tradable,0,0,0.0,0.0,0.0,0.0,29.87692444444432
2009-10-12,all_tradable,0,0,0.0,0.0,0.0,0.0,29.87692444444432
2009-10-13,all_tradable,0,0,0.0,0.0,0.0,0.0,29.87692444444432
2009-10-14,all_tradable,0,0,0.0,0.0,0.0,0.0,29.87692444444432
2009-10-15,all_tradable,0,0,0.0,0.0,0.0,0.0,29.87692444444432
2009-10-16,all_tradable,0,0,0.0,0.0,0.0,0.0,29.87692444444432
2009-10-19,all_tradable,0,0,0.0,0.0,0.0,0.0,29.87692444444432
2009-10-20,all_tradable,0,0,0.0,0.0,0.0,0.0,29.87692444444432
2009-10-21,all_tradable,0,0,0.0,0.0,0.0,0.0,29.87692444444432
2009-10-22,all_tradable,0,0,0.0,0.0,0.0,0.0,29.87692444444432
2009-10-23,all_tradable,0,0,0.0,0.0,0.0,0.0,29.87692444444432
2009-10-26,all_tradable,0,0,0.0,0.0,0.0,0.0,29.87692444444432
2009-10-27,all_tradable,0,0,0.0,0.0,0.0,0.0,29.87692444444432
2009-10-28,all_tradable,0,0,0.0,0.0,0.0,0.0,29.87692444444432
2009-10-29,all_tradable,0,0,0.0,0.0,0.0,0.0,29.87692444444432
2009-10-30,all_tradable,0,0,0.0,0.0,0.0,0.0,29.87692444444432
2009-11-02,all_tradable,0,0,0.0,0.0,0.0,0.0,29.87692444444432
2009-11-03,all_tradable,0,0,0.0,0.0,0.0,0.0,29.87692444444432
2009-11-04,all_tradable,0,0,0.0,0.0,0.0,0.0,29.87692444444432
2009-11-05,all_tradable,0,0,0.0,0.0,0.0,0.0,29.87692444444432
2009-11-06,all_tradable,0,0,0.0,0.0,0.0,0.0,29.87692444444432
2009-11-09,all_tradable,0,0,0.0,0.0,0.0,0.0,29.87692444444432
2009-11-10,all_tradable,0,0,0.0,0.0,0.0,0.0,29.87692444444432
2009-11-11,all_tradable,0,0,0.0,0.0,0.0,0.0,29.87692444444432
2009-11-12,all_tradable,0,0,0.0,0.0,0.0,0.0,29.87692444444432
2009-11-13,all_tradable,0,0,0.0,0.0,0.0,0.0,29.87692444444432
2009-11-16,all_tradable,0,0,0.0,0.0,0.0,0.0,29.87692444444432
2009-11-17,all_tradable,0,0,0.0,0.0,0.0,0.0,29.87692444444432
2009-11-18,all_tradable,0,0,0.0,0.0,0.0,0.0,29.87692444444432
2009-11-19,all_tradable,0,0,0.0,0.0,0.0,0.0,29.87692444444432
2009-11-20,all_tradable,0,0,0.0,0.0,0.0,0.0,29.87692444444432
2009-11-23,all_tradable,0,0,0.0,0.0,0.0,0.0,29.87692444444432
2009-11-24,all_tradable,0,0,0.0,0.0,0.0,0.0,29.87692444444432
2009-11-25,all_tradable,0,0,0.0,0.0,0.0,0.0,29.87692444444432
2009-11-26,all_tradable,0,0,0.0,0.0,0.0,0.0,29.87692444444432
2009-11-27,all_tradable,0,0,0.0,0.0,0.0,0.0,29.87692444444432
2009-11-30,all_tradable,0,0,0.0,0.0,0.0,0.0,29.87692444444432
2009-12-01,all_tradable,0,0,0.0,0.0,0.0,0.0,29.87692444444432
2009-12-02,all_tradable,0,0,0.0,0.0,0.0,0.0,29.87692444444432
2009-12-03,all_tradable,0,0,0.0,0.0,0.0,0.0,29.87692444444432
2009-12-04,all_tradable,0,0,0.0,0.0,0.0,0.0,29.87692444444432
2009-12-07,all_tradable,0,0,0.0,0.0,0.0,0.0,29.87692444444432
2009-12-08,all_tradable,0,0,0.0,0.0,0.0,0.0,29.87692444444432
2009-12-09,all_tradable,0,0,0.0,0.0,0.0,0.0,29.87692444444432
2009-12-10,all_tradable,0,0,0.0,0.0,0.0,0.0,29.87692444444432
2009-12-11,all_tradable,0,0,0.0,0.0,0.0,0.0,29.87692444444432
2009-12-14,all_tradable,0,0,0.0,0.0,0.0,0.0,29.87692444444432
2009-12-15,all_tradable,0,0,0.0,0.0,0.0,0.0,29.87692444444432
2009-12-16,all_tradable,0,0,0.0,0.0,0.0,0.0,29.87692444444432
2009-12-17,all_tradable,0,0,0.0,0.0,0.0,0.0,29.87692444444432
2009-12-18,all_tradable,0,0,0.0,0.0,0.0,0.0,29.87692444444432
2009-12-21,all_tradable,0,0,0.0,0.0,0.0,0.0,29.87692444444432
2009-12-22,all_tradable,0,0,0.0,0.0,0.0,0.0,29.87692444444432
2009-12-23,all_tradable,0,0,0.0,0.0,0.0,0.0,29.87692444444432
2009-12-24,all_tradable,0,0,0.0,0.0,0.0,0.0,29.87692444444432
2009-12-25,all_tradable,0,0,0.0,0.0,0.0,0.0,29.87692444444432
2009-12-28,all_tradable,0,0,0.0,0.0,0.0,0.0,29.87692444444432
2009-12-29,all_tradable,0,0,0.0,0.0,0.0,0.0,29.87692444444432
2009-12-30,all_tradable,0,0,0.0,0.0,0.0,0.0,29.87692444444432
2009-12-31,all_tradable,0,0,0.0,0.0,0.0,0.0,29.87692444444432
2010-01-01,all_tradable,0,0,0.0,0.0,0.0,0.0,29.87692444444432
2010-01-04,all_tradable,0,0,0.0,0.0,0.0,0.0,29.87692444444432
2010-01-05,all_tradable,0,0,0.0,0.0,0.0,0.0,29.87692444444432
2010-01-06,all_tradable,0,0,0.0,0.0,0.0,0.0,29.87692444444432
2010-01-07,all_tradable,0,0,0.0,0.0,0.0,0.0,29.87692444444432
2010-01-08,all_tradable,0,0,0.0,0.0,0.0,0.0,29.87692444444432
2010-01-11,all_tradable,0,0,0.0,0.0,0.0,0.0,29.87692444444432
2010-01-12,all_tradable,0,0,0.0,0.0,0.0,0.0,29.87692444444432
2010-01-13,all_tradable,0,0,0.0,0.0,0.0,0.0,29.87692444444432
2010-01-14,all_tradable,0,0,0.0,0.0,0.0,0.0,29.87692444444432
2010-01-15,all_tradable,0,0,0.0,0.0,0.0,0.0,29.87692444444432
2010-01-18,all_tradable,0,0,0.0,0.0,0.0,0.0,29.87692444444432
2010-01-19,all_tradable,0,0,0.0,0.0,0.0,0.0,29.87692444444432
2010-01-20,all_tradable,0,0,0.0,0.0,0.0,0.0,29.87692444444432
2010-01-21,all_tradable,0,0,0.0,0.0,0.0,0.0,29.87692444444432
2010-01-22,all_tradable,0,0,0.0,0.0,0.0,0.0,29.87692444444432
2010-01-25,all_tradable,0,0,0.0,0.0,0.0,0.0,29.87692444444432
2010-01-26,all_tradable,0,0,0.0,0.0,0.0,0.0,29.87692444444432
2010-01-27,all_tradable,0,0,0.0,0.0,0.0,0.0,29.87692444444432
2010-01-28,all_tradable,0,0,0.0,0.0,0.0,0.0,29.87692444444432
2010-01-29,all_tradable,0,0,0.0,0.0,0.0,0.0,29.87692444444432
2010-02-01,all_tradable,0,0,0.0,0.0,0.0,0.0,29.87692444444432
2010-02-02,all_tradable,0,0,0.0,0.0,0.0,0.0,29.87692444444432
2010-02-03,all_tradable,0,0,0.0,0.0,0.0,0.0,29.87692444444432
2010-02-04,all_tradable,0,0,0.0,0.0,0.0,0.0,29.87692444444432
2010-02-05,all_tradable,0,0,0.0,0.0,0.0,0.0,29.87692444444432
2010-02-08,all_tradable,0,0,0.0,0.0,0.0,0.0,29.87692444444432
2010-02-09,all_tradable,0,0,0.0,0.0,0.0,0.0,29.87692444444432
2010-02-10,all_tradable,0,0,0.0,0.0,0.0,0.0,29.87692444444432
2010-02-11,all_tradable,0,0,0.0,0.0,0.0,0.0,29.87692444444432
2010-02-12,all_tradable,0,0,0.0,0.0,0.0,0.0,29.87692444444432
2010-02-15,all_tradable,0,0,0.0,0.0,0.0,0.0,29.87692444444432
2010-02-16,all_tradable,0,0,0.0,0.0,0.0,0.0,29.87692444444432
2010-02-17,all_tradable,0,0,0.0,0.0,0.0,0.0,29.87692444444432
2010-02-18,all_tradable,0,0,0.0,0.0,0.0,0.0,29.87692444444432
2010-02-19,all_tradable,0,0,0.0,0.0,0.0,0.0,29.87692444444432
2010-02-22,all_tradable,0,0,0.0,0.0,0.0,0.0,29.87692444444432
2010-02-23,all_tradable,0,0,0.0,0.0,0.0,0.0,29.87692444444432
2010-02-24,all_tradable,0,0,0.0,0.0,0.0,0.0,29.87692444444432
2010-02-25,all_tradable,0,0,0.0,0.0,0.0,0.0,29.87692444444432
2010-02-26,all_tradable,0,0,0.0,0.0,0.0,0.0,29.87692444444432
2010-03-01,all_tradable,0,0,0.0,0.0,0.0,0.0,29.87692444444432
2010-03-02,all_tradable,0,0,0.0,0.0,0.0,0.0,29.87692444444432
2010-03-03,all_tradable,0,0,0.0,0.0,0.0,0.0,29.87692444444432
2010-03-04,all_tradable,0,0,0.0,0.0,0.0,0.0,29.87692444444432
2010-03-05,all_tradable,0,0,0.0,0.0,0.0,0.0,29.87692444444432
2010-03-08,all_tradable,0,0,0.0,0.0,0.0,0.0,29.87692444444432
2010-03-09,all_tradable,0,0,0.0,0.0,0.0,0.0,29.87692444444432
2010-03-10,all_tradable,0,0,0.0,0.0,0.0,0.0,29.87692444444432
2010-03-11,all_tradable,0,0,0.0,0.0,0.0,0.0,29.87692444444432
2010-03-12,all_tradable,0,0,0.0,0.0,0.0,0.0,29.87692444444432
2010-03-15,all_tradable,0,0,0.0,0.0,0.0,0.0,29.87692444444432
2010-03-16,all_tradable,0,0,0.0,0.0,0.0,0.0,29.87692444444432
2010-03-17,all_tradable,0,0,0.0,0.0,0.0,0.0,29.87692444444432
2010-03-18,all_tradable,0,0,0.0,0.0,0.0,0.0,29.87692444444432
2010-03-19,all_tradable,0,0,0.0,0.0,0.0,0.0,29.87692444444432
2010-03-22,all_tradable,0,0,0.0,0.0,0.0,0.0,29.87692444444432
2010-03-23,all_tradable,0,0,0.0,0.0,0.0,0.0,29.87692444444432
2010-03-24,all_tradable,0,0,0.0,0.0,0.0,0.0,29.87692444444432
2010-03-25,all_tradable,0,0,0.0,0.0,0.0,0.0,29.87692444444432
2010-03-26,all_tradable,0,0,0.0,0.0,0.0,0.0,29.87692444444432
2010-03-29,all_tradable,0,0,0.0,0.0,0.0,0.0,29.87692444444432
2010-03-30,all_tradable,0,0,0.0,0.0,0.0,0.0,29.87692444444432
2010-03-31,all_tradable,0,0,0.0,0.0,0.0,0.0,29.87692444444432
2010-04-01,all_tradable,0,0,0.0,0.0,0.0,0.0,29.87692444444432
2010-04-02,all_tradable,0,0,0.0,0.0,0.0,0.0,29.87692444444432
2010-04-05,all_tradable,0,0,0.0,0.0,0.0,0.0,29.87692444444432
2010-04-06,all_tradable,0,0,0.0,0.0,0.0,0.0,29.87692444444432
2010-04-07,all_tradable,0,0,0.0,0.0,0.0,0.0,29.87692444444432
2010-04-08,all_tradable,0,0,0.0,0.0,0.0,0.0,29.87692444444432
2010-04-09,all_tradable,0,0,0.0,0.0,0.0,0.0,29.87692444444432
2010-04-12,all_tradable,0,0,0.0,0.0,0.0,0.0,29.87692444444432
2010-04-13,all_tradable,0,0,0.0,0.0,0.0,0.0,29.87692444444432
2010-04-14,all_tradable,0,0,0.0,0.0,0.0,0.0,29.87692444444432
2010-04-15,all_tradable,0,0,0.0,0.0,0.0,0.0,29.87692444444432
2010-04-16,all_tradable,0,0,0.0,0.0,0.0,0.0,29.87692444444432
2010-04-19,all_tradable,0,0,0.0,0.0,0.0,0.0,29.87692444444432
2010-04-20,all_tradable,0,0,0.0,0.0,0.0,0.0,29.87692444444432
2010-04-21,all_tradable,0,0,0.0,0.0,0.0,0.0,29.87692444444432
2010-04-22,all_tradable,0,0,0.0,0.0,0.0,0.0,29.87692444444432
2010-04-23,all_tradable,0,0,0.0,0.0,0.0,0.0,29.87692444444432
2010-04-26,all_tradable,0,0,0.0,0.0,0.0,0.0,29.87692444444432
2010-04-27,all_tradable,0,0,0.0,0.0,0.0,0.0,29.87692444444432
2010-04-28,all_tradable,0,0,0.0,0.0,0.0,0.0,29.87692444444432
2010-04-29,all_tradable,0,0,0.0,0.0,0.0,0.0,29.87692444444432
2010-04-30,all_tradable,0,0,0.0,0.0,0.0,0.0,29.87692444444432
2010-05-03,all_tradable,0,0,0.0,0.0,0.0,0.0,29.87692444444432
2010-05-04,all_tradable,0,0,0.0,0.0,0.0,0.0,29.87692444444432
2010-05-05,all_tradable,0,0,0.0,0.0,0.0,0.0,29.87692444444432
2010-05-06,all_tradable,0,0,0.0,0.0,0.0,0.0,29.87692444444432
2010-05-07,all_tradable,0,0,0.0,0.0,0.0,0.0,29.87692444444432
2010-05-10,all_tradable,0,0,0.0,0.0,0.0,0.0,29.87692444444432
2010-05-11,all_tradable,0,0,0.0,0.0,0.0,0.0,29.87692444444432
2010-05-12,all_tradable,0,0,0.0,0.0,0.0,0.0,29.87692444444432
2010-05-13,all_tradable,0,0,0.0,0.0,0.0,0.0,29.87692444444432
2010-05-14,all_tradable,0,0,0.0,0.0,0.0,0.0,29.87692444444432
2010-05-17,all_tradable,0,0,0.0,0.0,0.0,0.0,29.87692444444432
2010-05-18,all_tradable,0,0,0.0,0.0,0.0,0.0,29.87692444444432
2010-05-19,all_tradable,0,0,0.0,0.0,0.0,0.0,29.87692444444432
2010-05-20,all_tradable,0,0,0.0,0.0,0.0,0.0,29.87692444444432
2010-05-21,all_tradable,0,0,0.0,0.0,0.0,0.0,29.87692444444432
2010-05-24,all_tradable,0,0,0.0,0.0,0.0,0.0,29.87692444444432
2010-05-25,all_tradable,0,0,0.0,0.0,0.0,0.0,29.87692444444432
2010-05-26,all_tradable,0,0,0.0,0.0,0.0,0.0,29.87692444444432
2010-05-27,all_tradable,0,0,0.0,0.0,0.0,0.0,29.87692444444432
2010-05-28,all_tradable,0,0,0.0,0.0,0.0,0.0,29.87692444444432
2010-05-31,all_tradable,0,0,0.0,0.0,0.0,0.0,29.87692444444432
2010-06-01,all_tradable,0,0,0.0,0.0,0.0,0.0,29.87692444444432
2010-06-02,all_tradable,0,0,0.0,0.0,0.0,0.0,29.87692444444432
2010-06-03,all_tradable,0,0,0.0,0.0,0.0,0.0,29.87692444444432
2010-06-04,all_tradable,0,0,0.0,0.0,0.0,0.0,29.87692444444432
2010-06-07,all_tradable,0,0,0.0,0.0,0.0,0.0,29.87692444444432
2010-06-08,all_tradable,0,0,0.0,0.0,0.0,0.0,29.87692444444432
2010-06-09,all_tradable,0,0,0.0,0.0,0.0,0.0,29.87692444444432
2010-06-10,all_tradable,0,0,0.0,0.0,0.0,0.0,29.87692444444432
2010-06-11,all_tradable,0,0,0.0,0.0,0.0,0.0,29.87692444444432
2010-06-14,all_tradable,0,0,0.0,0.0,0.0,0.0,29.87692444444432
2010-06-15,all_tradable,0,0,0.0,0.0,0.0,0.0,29.87692444444432
2010-06-16,all_tradable,0,0,0.0,0.0,0.0,0.0,29.87692444444432
2010-06-17,all_tradable,0,0,0.0,0.0,0.0,0.0,29.87692444444432
2010-06-18,all_tradable,0,0,0.0,0.0,0.0,0.0,29.87692444444432
2010-06-21,all_tradable,0,0,0.0,0.0,0.0,0.0,29.87692444444432
2010-06-22,all_tradable,0,0,0.0,0.0,0.0,0.0,29.87692444444432
2010-06-23,all_tradable,0,0,0.0,0.0,0.0,0.0,29.87692444444432
2010-06-24,all_tradable,0,0,0.0,0.0,0.0,0.0,29.87692444444432
2010-06-25,all_tradable,0,0,0.0,0.0,0.0,0.0,29.87692444444432
2010-06-28,all_tradable,0,0,0.0,0.0,0.0,0.0,29.87692444444432
2010-06-29,all_tradable,0,0,0.0,0.0,0.0,0.0,29.87692444444432
2010-06-30,all_tradable,0,0,0.0,0.0,0.0,0.0,29.87692444444432
2010-07-01,all_tradable,0,0,0.0,0.0,0.0,0.0,29.87692444444432
2010-07-02,all_tradable,0,0,0.0,0.0,0.0,0.0,29.87692444444432
2010-07-05,all_tradable,0,0,0.0,0.0,0.0,0.0,29.87692444444432
2010-07-06,all_tradable,0,0,0.0,0.0,0.0,0.0,29.87692444444432
2010-07-07,all_tradable,0,0,0.0,0.0,0.0,0.0,29.87692444444432
2010-07-08,all_tradable,0,0,0.0,0.0,0.0,0.0,29.87692444444432
2010-07-09,all_tradable,0,0,0.0,0.0,0.0,0.0,29.87692444444432
2010-07-12,all_tradable,0,0,0.0,0.0,0.0,0.0,29.87692444444432
2010-07-13,all_tradable,0,0,0.0,0.0,0.0,0.0,29.87692444444432
2010-07-14,all_tradable,0,0,0.0,0.0,0.0,0.0,29.87692444444432
2010-07-15,all_tradable,0,0,0.0,0.0,0.0,0.0,29.87692444444432
2010-07-16,all_tradable,0,0,0.0,0.0,0.0,0.0,29.87692444444432
2010-07-19,all_tradable,0,0,0.0,0.0,0.0,0.0,29.87692444444432
2010-07-20,all_tradable,0,0,0.0,0.0,0.0,0.0,29.87692444444432
2010-07-21,all_tradable,0,0,0.0,0.0,0.0,0.0,29.87692444444432
2010-07-22,all_tradable,0,0,0.0,0.0,0.0,0.0,29.87692444444432
2010-07-23,all_tradable,0,0,0.0,0.0,0.0,0.0,29.87692444444432
2010-07-26,all_tradable,0,0,0.0,0.0,0.0,0.0,29.87692444444432
2010-07-27,all_tradable,0,0,0.0,0.0,0.0,0.0,29.87692444444432
2010-07-28,all_tradable,0,0,0.0,0.0,0.0,0.0,29.87692444444432
2010-07-29,all_tradable,0,0,0.0,0.0,0.0,0.0,29.87692444444432
2010-07-30,all_tradable,0,0,0.0,0.0,0.0,0.0,29.87692444444432
2010-08-02,all_tradable,0,0,0.0,0.0,0.0,0.0,29.87692444444432
2010-08-03,all_tradable,0,0,0.0,0.0,0.0,0.0,29.87692444444432
2010-08-04,all_tradable,0,0,0.0,0.0,0.0,0.0,29.87692444444432
2010-08-05,all_tradable,0,0,0.0,0.0,0.0,0.0,29.87692444444432
2010-08-06,all_tradable,0,0,0.0,0.0,0.0,0.0,29.87692444444432
2010-08-09,all_tradable,0,0,0.0,0.0,0.0,0.0,29.87692444444432
2010-08-10,all_tradable,0,0,0.0,0.0,0.0,0.0,29.87692444444432
2010-08-11,all_tradable,0,0,0.0,0.0,0.0,0.0,29.87692444444432
2010-08-12,all_tradable,0,0,0.0,0.0,0.0,0.0,29.87692444444432
2010-08-13,all_tradable,0,0,0.0,0.0,0.0,0.0,29.87692444444432
2010-08-16,all_tradable,0,0,0.0,0.0,0.0,0.0,29.87692444444432
2010-08-17,all_tradable,0,0,0.0,0.0,0.0,0.0,29.87692444444432
2010-08-18,all_tradable,0,0,0.0,0.0,0.0,0.0,29.87692444444432
2010-08-19,all_tradable,0,0,0.0,0.0,0.0,0.0,29.87692444444432
2010-08-20,all_tradable,0,0,0.0,0.0,0.0,0.0,29.87692444444432
2010-08-23,all_tradable,0,0,0.0,0.0,0.0,0.0,29.87692444444432
2010-08-24,all_tradable,0,0,0.0,0.0,0.0,0.0,29.87692444444432
2010-08-25,all_tradable,0,0,0.0,0.0,0.0,0.0,29.87692444444432
2010-08-26,all_tradable,0,0,0.0,0.0,0.0,0.0,29.87692444444432
2010-08-27,all_tradable,0,0,0.0,0.0,0.0,0.0,29.87692444444432
2010-08-30,all_tradable,0,0,0.0,0.0,0.0,0.0,29.87692444444432
2010-08-31,all_tradable,0,0,0.0,0.0,0.0,0.0,29.87692444444432
2010-09-01,all_tradable,0,0,0.0,0.0,0.0,0.0,29.87692444444432
2010-09-02,all_tradable,0,0,0.0,0.0,0.0,0.0,29.87692444444432
2010-09-03,all_tradable,0,0,0.0,0.0,0.0,0.0,29.87692444444432
2010-09-06,all_tradable,0,0,0.0,0.0,0.0,0.0,29.87692444444432
2010-09-07,all_tradable,0,0,0.0,0.0,0.0,0.0,29.87692444444432
2010-09-08,all_tradable,0,0,0.0,0.0,0.0,0.0,29.87692444444432
2010-09-09,all_tradable,0,0,0.0,0.0,0.0,0.0,29.87692444444432
2010-09-10,all_tradable,0,0,0.0,0.0,0.0,0.0,29.87692444444432
2010-09-13,all_tradable,0,0,0.0,0.0,0.0,0.0,29.87692444444432
2010-09-14,all_tradable,0,0,0.0,0.0,0.0,0.0,29.87692444444432
2010-09-15,all_tradable,0,0,0.0,0.0,0.0,0.0,29.87692444444432
2010-09-16,all_tradable,0,0,0.0,0.0,0.0,0.0,29.87692444444432
2010-09-17,all_tradable,0,0,0.0,0.0,0.0,0.0,29.87692444444432
2010-09-20,all_tradable,0,0,0.0,0.0,0.0,0.0,29.87692444444432
2010-09-21,all_tradable,0,0,0.0,0.0,0.0,0.0,29.87692444444432
2010-09-22,all_tradable,0,0,0.0,0.0,0.0,0.0,29.87692444444432
2010-09-23,all_tradable,0,0,0.0,0.0,0.0,0.0,29.87692444444432
2010-09-24,all_tradable,0,0,0.0,0.0,0.0,0.0,29.87692444444432
2010-09-27,all_tradable,0,0,0.0,0.0,0.0,0.0,29.87692444444432
2010-09-28,all_tradable,0,0,0.0,0.0,0.0,0.0,29.87692444444432
2010-09-29,all_tradable,0,0,0.0,0.0,0.0,0.0,29.87692444444432
2010-09-30,all_tradable,0,0,0.0,0.0,0.0,0.0,29.87692444444432
2010-10-01,all_tradable,0,0,0.0,0.0,0.0,0.0,29.87692444444432
2010-10-04,all_tradable,0,0,0.0,0.0,0.0,0.0,29.87692444444432
2010-10-05,all_tradable,0,0,0.0,0.0,0.0,0.0,29.87692444444432
2010-10-06,all_tradable,0,0,0.0,0.0,0.0,0.0,29.87692444444432
2010-10-07,all_tradable,0,0,0.0,0.0,0.0,0.0,29.87692444444432
2010-10-08,all_tradable,0,0,0.0,0.0,0.0,0.0,29.87692444444432
2010-10-11,all_tradable,0,0,0.0,0.0,0.0,0.0,29.87692444444432
2010-10-12,all_tradable,0,0,0.0,0.0,0.0,0.0,29.87692444444432
2010-10-13,all_tradable,0,0,0.0,0.0,0.0,0.0,29.87692444444432
2010-10-14,all_tradable,0,0,0.0,0.0,0.0,0.0,29.87692444444432
2010-10-15,all_tradable,0,0,0.0,0.0,0.0,0.0,29.87692444444432
2010-10-18,all_tradable,0,0,0.0,0.0,0.0,0.0,29.87692444444432
2010-10-19,all_tradable,0,0,0.0,0.0,0.0,0.0,29.87692444444432
2010-10-20,all_tradable,0,0,0.0,0.0,0.0,0.0,29.87692444444432
2010-10-21,all_tradable,0,0,0.0,0.0,0.0,0.0,29.87692444444432
2010-10-22,all_tradable,0,0,0.0,0.0,0.0,0.0,29.87692444444432
2010-10-25,all_tradable,0,0,0.0,0.0,0.0,0.0,29.87692444444432
2010-10-26,all_tradable,0,0,0.0,0.0,0.0,0.0,29.87692444444432
2010-10-27,all_tradable,0,0,0.0,0.0,0.0,0.0,29.87692444444432
2010-10-28,all_tradable,0,0,0.0,0.0,0.0,0.0,29.87692444444432
2010-10-29,all_tradable,0,0,0.0,0.0,0.0,0.0,29.87692444444432
2010-11-01,all_tradable,0,0,0.0,0.0,0.0,0.0,29.87692444444432
2010-11-02,all_tradable,0,0,0.0,0.0,0.0,0.0,29.87692444444432
2010-11-03,all_tradable,0,0,0.0,0.0,0.0,0.0,29.87692444444432
2010-11-04,all_tradable,0,0,0.0,0.0,0.0,0.0,29.87692444444432
2010-11-05,all_tradable,0,0,0.0,0.0,0.0,0.0,29.87692444444432
2010-11-08,all_tradable,0,0,0.0,0.0,0.0,0.0,29.87692444444432
2010-11-09,all_tradable,0,0,0.0,0.0,0.0,0.0,29.87692444444432
2010-11-10,all_tradable,0,0,0.0,0.0,0.0,0.0,29.87692444444432
2010-11-11,all_tradable,0,0,0.0,0.0,0.0,0.0,29.87692444444432
2010-11-12,all_tradable,0,0,0.0,0.0,0.0,0.0,29.87692444444432
2010-11-15,all_tradable,0,0,0.0,0.0,0.0,0.0,29.87692444444432
2010-11-16,all_tradable,0,0,0.0,0.0,0.0,0.0,29.87692444444432
2010-11-17,all_tradable,0,0,0.0,0.0,0.0,0.0,29.87692444444432
2010-11-18,all_tradable,0,0,0.0,0.0,0.0,0.0,29.87692444444432
2010-11-19,all_tradable,0,0,0.0,0.0,0.0,0.0,29.87692444444432
2010-11-22,all_tradable,0,0,0.0,0.0,0.0,0.0,29.87692444444432
2010-11-23,all_tradable,0,0,0.0,0.0,0.0,0.0,29.87692444444432
2010-11-24,all_tradable,0,0,0.0,0.0,0.0,0.0,29.87692444444432
2010-11-25,all_tradable,0,0,0.0,0.0,0.0,0.0,29.87692444444432
2010-11-26,all_tradable,0,0,0.0,0.0,0.0,0.0,29.87692444444432
2010-11-29,all_tradable,0,0,0.0,0.0,0.0,0.0,29.87692444444432
2010-11-30,all_tradable,0,0,0.0,0.0,0.0,0.0,29.87692444444432
2010-12-01,all_tradable,0,0,0.0,0.0,0.0,0.0,29.87692444444432
2010-12-02,all_tradable,0,0,0.0,0.0,0.0,0.0,29.87692444444432
2010-12-03,all_tradable,0,0,0.0,0.0,0.0,0.0,29.87692444444432
2010-12-06,all_tradable,0,0,0.0,0.0,0.0,0.0,29.87692444444432
2010-12-07,all_tradable,0,0,0.0,0.0,0.0,0.0,29.87692444444432
2010-12-08,all_tradable,0,0,0.0,0.0,0.0,0.0,29.87692444444432
2010-12-09,all_tradable,0,0,0.0,0.0,0.0,0.0,29.87692444444432
2010-12-10,all_tradable,0,0,0.0,0.0,0.0,0.0,29.87692444444432
2010-12-13,all_tradable,0,0,0.0,0.0,0.0,0.0,29.87692444444432
2010-12-14,all_tradable,0,0,0.0,0.0,0.0,0.0,29.87692444444432
2010-12-15,all_tradable,0,0,0.0,0.0,0.0,0.0,29.87692444444432
2010-12-16,all_tradable,0,0,0.0,0.0,0.0,0.0,29.87692444444432
2010-12-17,all_tradable,0,0,0.0,0.0,0.0,0.0,29.87692444444432
2010-12-20,all_tradable,0,0,0.0,0.0,0.0,0.0,29.87692444444432
2010-12-21,all_tradable,0,0,0.0,0.0,0.0,0.0,29.87692444444432
2010-12-22,all_tradable,0,0,0.0,0.0,0.0,0.0,29.87692444444432
2010-12-23,all_tradable,0,0,0.0,0.0,0.0,0.0,29.87692444444432
2010-12-24,all_tradable,0,0,0.0,0.0,0.0,0.0,29.87692444444432
2010-12-27,all_tradable,0,0,0.0,0.0,0.0,0.0,29.87692444444432
2010-12-28,all_tradable,0,0,0.0,0.0,0.0,0.0,29.87692444444432
2010-12-29,all_tradable,0,0,0.0,0.0,0.0,0.0,29.87692444444432
2010-12-30,all_tradable,0,0,0.0,0.0,0.0,0.0,29.87692444444432
2010-12-31,all_tradable,0,0,0.0,0.0,0.0,0.0,29.87692444444432
2011-01-03,all_tradable,0,0,0.0,0.0,0.0,0.0,29.87692444444432
2011-01-04,all_tradable,0,0,0.0,0.0,0.0,0.0,29.87692444444432
2011-01-05,all_tradable,0,0,0.0,0.0,0.0,0.0,29.87692444444432
2011-01-06,all_tradable,0,0,0.0,0.0,0.0,0.0,29.87692444444432
2011-01-07,all_tradable,0,0,0.0,0.0,0.0,0.0,29.87692444444432
2011-01-10,all_tradable,0,0,0.0,0.0,0.0,0.0,29.87692444444432
2011-01-11,all_tradable,0,0,0.0,0.0,0.0,0.0,29.87692444444432
2011-01-12,all_tradable,0,0,0.0,0.0,0.0,0.0,29.87692444444432
2011-01-13,all_tradable,0,0,0.0,0.0,0.0,0.0,29.87692444444432
2011-01-14,all_tradable,0,0,0.0,0.0,0.0,0.0,29.87692444444432
2011-01-17,all_tradable,0,0,0.0,0.0,0.0,0.0,29.87692444444432
2011-01-18,all_tradable,0,0,0.0,0.0,0.0,0.0,29.87692444444432
2011-01-19,all_tradable,0,0,0.0,0.0,0.0,0.0,29.87692444444432
2011-01-20,all_tradable,0,0,0.0,0.0,0.0,0.0,29.87692444444432
2011-01-21,all_tradable,0,0,0.0,0.0,0.0,0.0,29.87692444444432
2011-01-24,all_tradable,0,0,0.0,0.0,0.0,0.0,29.87692444444432
2011-01-25,all_tradable,0,0,0.0,0.0,0.0,0.0,29.87692444444432
2011-01-26,all_tradable,0,0,0.0,0.0,0.0,0.0,29.87692444444432
2011-01-27,all_tradable,0,0,0.0,0.0,0.0,0.0,29.87692444444432
2011-01-28,all_tradable,0,0,0.0,0.0,0.0,0.0,29.87692444444432
2011-01-31,all_tradable,0,0,0.0,0.0,0.0,0.0,29.87692444444432
2011-02-01,all_tradable,0,0,0.0,0.0,0.0,0.0,29.87692444444432
2011-02-02,all_tradable,0,0,0.0,0.0,0.0,0.0,29.87692444444432
2011-02-03,all_tradable,0,0,0.0,0.0,0.0,0.0,29.87692444444432
2011-02-04,all_tradable,0,0,0.0,0.0,0.0,0.0,29.87692444444432
2011-02-07,all_tradable,0,0,0.0,0.0,0.0,0.0,29.87692444444432
2011-02-08,all_tradable,0,0,0.0,0.0,0.0,0.0,29.87692444444432
2011-02-09,all_tradable,0,0,0.0,0.0,0.0,0.0,29.87692444444432
2011-02-10,all_tradable,0,0,0.0,0.0,0.0,0.0,29.87692444444432
2011-02-11,all_tradable,0,0,0.0,0.0,0.0,0.0,29.87692444444432
2011-02-14,all_tradable,0,0,0.0,0.0,0.0,0.0,29.87692444444432
2011-02-15,all_tradable,0,0,0.0,0.0,0.0,0.0,29.87692444444432
2011-02-16,all_tradable,0,0,0.0,0.0,0.0,0.0,29.87692444444432
2011-02-17,all_tradable,0,0,0.0,0.0,0.0,0.0,29.87692444444432
2011-02-18,all_tradable,0,0,0.0,0.0,0.0,0.0,29.87692444444432
2011-02-21,all_tradable,0,0,0.0,0.0,0.0,0.0,29.87692444444432
2011-02-22,all_tradable,0,0,0.0,0.0,0.0,0.0,29.87692444444432
2011-02-23,all_tradable,0,0,0.0,0.0,0.0,0.0,29.87692444444432
2011-02-24,all_tradable,0,0,0.0,0.0,0.0,0.0,29.87692444444432
2011-02-25,all_tradable,0,0,0.0,0.0,0.0,0.0,29.87692444444432
2011-02-28,all_tradable,0,0,0.0,0.0,0.0,0.0,29.87692444444432
2011-03-01,all_tradable,0,0,0.0,0.0,0.0,0.0,29.87692444444432
2011-03-02,all_tradable,0,0,0.0,0.0,0.0,0.0,29.87692444444432
2011-03-03,all_tradable,0,0,0.0,0.0,0.0,0.0,29.87692444444432
2011-03-04,all_tradable,0,0,0.0,0.0,0.0,0.0,29.87692444444432
2011-03-07,all_tradable,0,0,0.0,0.0,0.0,0.0,29.87692444444432
2011-03-08,all_tradable,0,0,0.0,0.0,0.0,0.0,29.87692444444432
2011-03-09,all_tradable,0,0,0.0,0.0,0.0,0.0,29.87692444444432
2011-03-10,all_tradable,0,0,0.0,0.0,0.0,0.0,29.87692444444432
2011-03-11,all_tradable,0,0,0.0,0.0,0.0,0.0,29.87692444444432
2011-03-14,all_tradable,0,0,0.0,0.0,0.0,0.0,29.87692444444432
2011-03-15,all_tradable,0,0,0.0,0.0,0.0,0.0,29.87692444444432
2011-03-16,all_tradable,0,0,0.0,0.0,0.0,0.0,29.87692444444432
2011-03-17,all_tradable,0,0,0.0,0.0,0.0,0.0,29.87692444444432
2011-03-18,all_tradable,0,0,0.0,0.0,0.0,0.0,29.87692444444432
2011-03-21,all_tradable,0,0,0.0,0.0,0.0,0.0,29.87692444444432
2011-03-22,all_tradable,0,0,0.0,0.0,0.0,0.0,29.87692444444432
2011-03-23,all_tradable,0,0,0.0,0.0,0.0,0.0,29.87692444444432
2011-03-24,all_tradable,0,0,0.0,0.0,0.0,0.0,29.87692444444432
2011-03-25,all_tradable,0,0,0.0,0.0,0.0,0.0,29.87692444444432
2011-03-28,all_tradable,0,0,0.0,0.0,0.0,0.0,29.87692444444432
2011-03-29,all_tradable,0,0,0.0,0.0,0.0,0.0,29.87692444444432
2011-03-30,all_tradable,0,0,0.0,0.0,0.0,0.0,29.87692444444432
2011-03-31,all_tradable,0,0,0.0,0.0,0.0,0.0,29.87692444444432
2011-04-01,all_tradable,0,0,0.0,0.0,0.0,0.0,29.87692444444432
2011-04-04,all_tradable,0,0,0.0,0.0,0.0,0.0,29.87692444444432
2011-04-05,all_tradable,0,0,0.0,0.0,0.0,0.0,29.87692444444432
2011-04-06,all_tradable,0,0,0.0,0.0,0.0,0.0,29.87692444444432
2011-04-07,all_tradable,0,0,0.0,0.0,0.0,0.0,29.87692444444432
2011-04-08,all_tradable,0,0,0.0,0.0,0.0,0.0,29.87692444444432
2011-04-11,all_tradable,0,0,0.0,0.0,0.0,0.0,29.87692444444432
2011-04-12,all_tradable,0,0,0.0,0.0,0.0,0.0,29.87692444444432
2011-04-13,all_tradable,0,0,0.0,0.0,0.0,0.0,29.87692444444432
2011-04-14,all_tradable,0,0,0.0,0.0,0.0,0.0,29.87692444444432
2011-04-15,all_tradable,0,0,0.0,0.0,0.0,0.0,29.87692444444432
2011-04-18,all_tradable,0,0,0.0,0.0,0.0,0.0,29.87692444444432
2011-04-19,all_tradable,0,0,0.0,0.0,0.0,0.0,29.87692444444432
2011-04-20,all_tradable,0,0,0.0,0.0,0.0,0.0,29.87692444444432
2011-04-21,all_tradable,0,0,0.0,0.0,0.0,0.0,29.87692444444432
2011-04-22,all_tradable,0,0,0.0,0.0,0.0,0.0,29.87692444444432
2011-04-25,all_tradable,0,0,0.0,0.0,0.0,0.0,29.87692444444432
2011-04-26,all_tradable,0,0,0.0,0.0,0.0,0.0,29.87692444444432
2011-04-27,all_tradable,0,0,0.0,0.0,0.0,0.0,29.87692444444432
2011-04-28,all_tradable,0,0,0.0,0.0,0.0,0.0,29.87692444444432
2011-04-29,all_tradable,0,0,0.0,0.0,0.0,0.0,29.87692444444432
2011-05-02,all_tradable,0,0,0.0,0.0,0.0,0.0,29.87692444444432
2011-05-03,all_tradable,0,0,0.0,0.0,0.0,0.0,29.87692444444432
2011-05-04,all_tradable,0,0,0.0,0.0,0.0,0.0,29.87692444444432
2011-05-05,all_tradable,0,0,0.0,0.0,0.0,0.0,29.87692444444432
2011-05-06,all_tradable,0,0,0.0,0.0,0.0,0.0,29.87692444444432
2011-05-09,all_tradable,0,0,0.0,0.0,0.0,0.0,29.87692444444432
2011-05-10,all_tradable,0,0,0.0,0.0,0.0,0.0,29.87692444444432
2011-05-11,all_tradable,0,0,0.0,0.0,0.0,0.0,29.87692444444432
2011-05-12,all_tradable,0,0,0.0,0.0,0.0,0.0,29.87692444444432
2011-05-13,all_tradable,0,0,0.0,0.0,0.0,0.0,29.87692444444432
2011-05-16,all_tradable,0,0,0.0,0.0,0.0,0.0,29.87692444444432
2011-05-17,all_tradable,0,0,0.0,0.0,0.0,0.0,29.87692444444432
2011-05-18,all_tradable,0,0,0.0,0.0,0.0,0.0,29.87692444444432
2011-05-19,all_tradable,0,0,0.0,0.0,0.0,0.0,29.87692444444432
2011-05-20,all_tradable,0,0,0.0,0.0,0.0,0.0,29.87692444444432
2011-05-23,all_tradable,0,0,0.0,0.0,0.0,0.0,29.87692444444432
2011-05-24,all_tradable,0,0,0.0,0.0,0.0,0.0,29.87692444444432
2011-05-25,all_tradable,0,0,0.0,0.0,0.0,0.0,29.87692444444432
2011-05-26,all_tradable,0,0,0.0,0.0,0.0,0.0,29.87692444444432
2011-05-27,all_tradable,0,0,0.0,0.0,0.0,0.0,29.87692444444432
2011-05-30,all_tradable,0,0,0.0,0.0,0.0,0.0,29.87692444444432
2011-05-31,all_tradable,0,0,0.0,0.0,0.0,0.0,29.87692444444432
2011-06-01,all_tradable,0,0,0.0,0.0,0.0,0.0,29.87692444444432
2011-06-02,all_tradable,0,0,0.0,0.0,0.0,0.0,29.87692444444432
2011-06-03,all_tradable,0,0,0.0,0.0,0.0,0.0,29.87692444444432
2011-06-06,all_tradable,0,0,0.0,0.0,0.0,0.0,29.87692444444432
2011-06-07,all_tradable,0,0,0.0,0.0,0.0,0.0,29.87692444444432
2011-06-08,all_tradable,0,0,0.0,0.0,0.0,0.0,29.87692444444432
2011-06-09,all_tradable,0,0,0.0,0.0,0.0,0.0,29.87692444444432
2011-06-10,all_tradable,0,0,0.0,0.0,0.0,0.0,29.87692444444432
2011-06-13,all_tradable,0,0,0.0,0.0,0.0,0.0,29.87692444444432
2011-06-14,all_tradable,0,0,0.0,0.0,0.0,0.0,29.87692444444432
2011-06-15,all_tradable,0,0,0.0,0.0,0.0,0.0,29.87692444444432
2011-06-16,all_tradable,0,0,0.0,0.0,0.0,0.0,29.87692444444432
2011-06-17,all_tradable,0,0,0.0,0.0,0.0,0.0,29.87692444444432
2011-06-20,all_tradable,0,0,0.0,0.0,0.0,0.0,29.87692444444432
2011-06-21,all_tradable,0,0,0.0,0.0,0.0,0.0,29.87692444444432
2011-06-22,all_tradable,0,0,0.0,0.0,0.0,0.0,29.87692444444432
2011-06-23,all_tradable,0,0,0.0,0.0,0.0,0.0,29.87692444444432
2011-06-24,all_tradable,0,0,0.0,0.0,0.0,0.0,29.87692444444432
2011-06-27,all_tradable,0,0,0.0,0.0,0.0,0.0,29.87692444444432
2011-06-28,all_tradable,0,0,0.0,0.0,0.0,0.0,29.87692444444432
2011-06-29,all_tradable,0,0,0.0,0.0,0.0,0.0,29.87692444444432
2011-06-30,all_tradable,0,0,0.0,0.0,0.0,0.0,29.87692444444432
2011-07-01,all_tradable,0,0,0.0,0.0,0.0,0.0,29.87692444444432
2011-07-04,all_tradable,0,0,0.0,0.0,0.0,0.0,29.87692444444432
2011-07-05,all_tradable,0,0,0.0,0.0,0.0,0.0,29.87692444444432
2011-07-06,all_tradable,0,0,0.0,0.0,0.0,0.0,29.87692444444432
2011-07-07,all_tradable,0,0,0.0,0.0,0.0,0.0,29.87692444444432
2011-07-08,all_tradable,0,0,0.0,0.0,0.0,0.0,29.87692444444432
2011-07-11,all_tradable,0,0,0.0,0.0,0.0,0.0,29.87692444444432
2011-07-12,all_tradable,0,0,0.0,0.0,0.0,0.0,29.87692444444432
2011-07-13,all_tradable,0,0,0.0,0.0,0.0,0.0,29.87692444444432
2011-07-14,all_tradable,0,0,0.0,0.0,0.0,0.0,29.87692444444432
2011-07-15,all_tradable,0,0,0.0,0.0,0.0,0.0,29.87692444444432
2011-07-18,all_tradable,0,0,0.0,0.0,0.0,0.0,29.87692444444432
2011-07-19,all_tradable,0,0,0.0,0.0,0.0,0.0,29.87692444444432
2011-07-20,all_tradable,0,0,0.0,0.0,0.0,0.0,29.87692444444432
2011-07-21,all_tradable,0,0,0.0,0.0,0.0,0.0,29.87692444444432
2011-07-22,all_tradable,0,0,0.0,0.0,0.0,0.0,29.87692444444432
2011-07-25,all_tradable,0,0,0.0,0.0,0.0,0.0,29.87692444444432
2011-07-26,all_tradable,0,0,0.0,0.0,0.0,0.0,29.87692444444432
2011-07-27,all_tradable,0,0,0.0,0.0,0.0,0.0,29.87692444444432
2011-07-28,all_tradable,0,0,0.0,0.0,0.0,0.0,29.87692444444432
2011-07-29,all_tradable,0,0,0.0,0.0,0.0,0.0,29.87692444444432
2011-08-01,all_tradable,1,1,19657109.7974,0.0,0.0,0.0,29.87692444444432
2011-08-02,all_tradable,1,1,19657109.7974,0.022786937901499,0.022786937901499,2.2786937901499003,32.15561823459422
2011-08-03,all_tradable,1,1,19657109.7974,0.0107441113490364,0.0107441113490364,1.07441113490364,33.230029369497856
2011-08-04,all_tradable,1,1,19657109.7974,0.0292687366167021,0.0292687366167021,2.92687366167021,36.15690303116807
2011-08-05,all_tradable,1,1,19657109.7974,0.014558886509636,0.014558886509636,1.4558886509636,37.61279168213167
2011-08-08,all_tradable,1,1,19657109.7974,-0.0190032119914346,-0.0190032119914346,-1.90032119914346,35.71247048298821
2011-08-09,all_tradable,1,1,19657109.7974,-0.0066156316916487,-0.0066156316916487,-0.66156316916487,35.05090731382334
2011-08-10,all_tradable,1,1,19657109.7974,0.0143169164882227,0.0143169164882227,1.4316916488222702,36.48259896264561
2011-08-11,all_tradable,1,1,19657109.7974,0.0058950749464667,0.0058950749464667,0.5895074946466701,37.07210645729228
2011-08-12,all_tradable,1,1,19657109.7974,0.0219957173447537,0.0219957173447537,2.19957173447537,39.27167819176765
2011-08-15,all_tradable,1,1,19657109.7974,-0.0091873661670235,-0.0091873661670235,-0.91873661670235,38.352941575065294
2011-08-16,all_tradable,1,1,19657109.7974,-0.0069304068522484,-0.0069304068522484,-0.6930406852248401,37.65990088984046
2011-08-17,all_tradable,1,1,19657109.7974,-0.0075321199143468,-0.0075321199143468,-0.75321199143468,36.906688898405775
2011-08-18,all_tradable,1,1,19657109.7974,0.0346788008565311,0.0346788008565311,3.46788008565311,40.37456898405888
2011-08-19,all_tradable,1,1,19657109.7974,0.0054860813704496,0.0054860813704496,0.54860813704496,40.92317712110384
2011-08-22,all_tradable,1,1,19657109.7974,0.002367237687366,0.002367237687366,0.2367237687366,41.15990088984044
2011-08-23,all_tradable,1,1,19657109.7974,-0.0078533190578157,-0.0078533190578157,-0.78533190578157,40.374568984058875
2011-08-24,all_tradable,1,1,19657109.7974,-0.008340471092077,-0.008340471092077,-0.8340471092076999,39.54052187485117
2011-08-25,all_tradable,1,1,19657109.7974,0.007815845824411,0.007815845824411,0.7815845824411,40.32210645729227
2011-08-26,all_tradable,0,0,0.0,0.0,0.0,0.0,40.32210645729227
2011-08-29,all_tradable,0,0,0.0,0.0,0.0,0.0,40.32210645729227
2011-08-30,all_tradable,0,0,0.0,0.0,0.0,0.0,40.32210645729227
2011-08-31,all_tradable,0,0,0.0,0.0,0.0,0.0,40.32210645729227
2011-09-01,all_tradable,0,0,0.0,0.0,0.0,0.0,40.32210645729227
2011-09-02,all_tradable,0,0,0.0,0.0,0.0,0.0,40.32210645729227
2011-09-05,all_tradable,0,0,0.0,0.0,0.0,0.0,40.32210645729227
2011-09-06,all_tradable,0,0,0.0,0.0,0.0,0.0,40.32210645729227
2011-09-07,all_tradable,0,0,0.0,0.0,0.0,0.0,40.32210645729227
2011-09-08,all_tradable,0,0,0.0,0.0,0.0,0.0,40.32210645729227
2011-09-09,all_tradable,0,0,0.0,0.0,0.0,0.0,40.32210645729227
2011-09-12,all_tradable,0,0,0.0,0.0,0.0,0.0,40.32210645729227
2011-09-13,all_tradable,0,0,0.0,0.0,0.0,0.0,40.32210645729227
2011-09-14,all_tradable,0,0,0.0,0.0,0.0,0.0,40.32210645729227
2011-09-15,all_tradable,0,0,0.0,0.0,0.0,0.0,40.32210645729227
2011-09-16,all_tradable,0,0,0.0,0.0,0.0,0.0,40.32210645729227
2011-09-19,all_tradable,0,0,0.0,0.0,0.0,0.0,40.32210645729227
2011-09-20,all_tradable,0,0,0.0,0.0,0.0,0.0,40.32210645729227
2011-09-21,all_tradable,0,0,0.0,0.0,0.0,0.0,40.32210645729227
2011-09-22,all_tradable,0,0,0.0,0.0,0.0,0.0,40.32210645729227
2011-09-23,all_tradable,0,0,0.0,0.0,0.0,0.0,40.32210645729227
2011-09-26,all_tradable,0,0,0.0,0.0,0.0,0.0,40.32210645729227
2011-09-27,all_tradable,0,0,0.0,0.0,0.0,0.0,40.32210645729227
2011-09-28,all_tradable,0,0,0.0,0.0,0.0,0.0,40.32210645729227
2011-09-29,all_tradable,0,0,0.0,0.0,0.0,0.0,40.32210645729227
2011-09-30,all_tradable,0,0,0.0,0.0,0.0,0.0,40.32210645729227
2011-10-03,all_tradable,0,0,0.0,0.0,0.0,0.0,40.32210645729227
2011-10-04,all_tradable,0,0,0.0,0.0,0.0,0.0,40.32210645729227
2011-10-05,all_tradable,0,0,0.0,0.0,0.0,0.0,40.32210645729227
2011-10-06,all_tradable,0,0,0.0,0.0,0.0,0.0,40.32210645729227
2011-10-07,all_tradable,0,0,0.0,0.0,0.0,0.0,40.32210645729227
2011-10-10,all_tradable,0,0,0.0,0.0,0.0,0.0,40.32210645729227
2011-10-11,all_tradable,0,0,0.0,0.0,0.0,0.0,40.32210645729227
2011-10-12,all_tradable,0,0,0.0,0.0,0.0,0.0,40.32210645729227
2011-10-13,all_tradable,0,0,0.0,0.0,0.0,0.0,40.32210645729227
2011-10-14,all_tradable,0,0,0.0,0.0,0.0,0.0,40.32210645729227
2011-10-17,all_tradable,0,0,0.0,0.0,0.0,0.0,40.32210645729227
2011-10-18,all_tradable,0,0,0.0,0.0,0.0,0.0,40.32210645729227
2011-10-19,all_tradable,0,0,0.0,0.0,0.0,0.0,40.32210645729227
2011-10-20,all_tradable,0,0,0.0,0.0,0.0,0.0,40.32210645729227
2011-10-21,all_tradable,0,0,0.0,0.0,0.0,0.0,40.32210645729227
2011-10-24,all_tradable,0,0,0.0,0.0,0.0,0.0,40.32210645729227
2011-10-25,all_tradable,0,0,0.0,0.0,0.0,0.0,40.32210645729227
2011-10-26,all_tradable,0,0,0.0,0.0,0.0,0.0,40.32210645729227
2011-10-27,all_tradable,0,0,0.0,0.0,0.0,0.0,40.32210645729227
2011-10-28,all_tradable,0,0,0.0,0.0,0.0,0.0,40.32210645729227
2011-10-31,all_tradable,0,0,0.0,0.0,0.0,0.0,40.32210645729227
2011-11-01,all_tradable,0,0,0.0,0.0,0.0,0.0,40.32210645729227
2011-11-02,all_tradable,0,0,0.0,0.0,0.0,0.0,40.32210645729227
2011-11-03,all_tradable,0,0,0.0,0.0,0.0,0.0,40.32210645729227
2011-11-04,all_tradable,0,0,0.0,0.0,0.0,0.0,40.32210645729227
2011-11-07,all_tradable,0,0,0.0,0.0,0.0,0.0,40.32210645729227
2011-11-08,all_tradable,0,0,0.0,0.0,0.0,0.0,40.32210645729227
2011-11-09,all_tradable,0,0,0.0,0.0,0.0,0.0,40.32210645729227
2011-11-10,all_tradable,0,0,0.0,0.0,0.0,0.0,40.32210645729227
2011-11-11,all_tradable,0,0,0.0,0.0,0.0,0.0,40.32210645729227
2011-11-14,all_tradable,0,0,0.0,0.0,0.0,0.0,40.32210645729227
2011-11-15,all_tradable,0,0,0.0,0.0,0.0,0.0,40.32210645729227
2011-11-16,all_tradable,0,0,0.0,0.0,0.0,0.0,40.32210645729227
2011-11-17,all_tradable,0,0,0.0,0.0,0.0,0.0,40.32210645729227
2011-11-18,all_tradable,0,0,0.0,0.0,0.0,0.0,40.32210645729227
2011-11-21,all_tradable,0,0,0.0,0.0,0.0,0.0,40.32210645729227
2011-11-22,all_tradable,0,0,0.0,0.0,0.0,0.0,40.32210645729227
2011-11-23,all_tradable,0,0,0.0,0.0,0.0,0.0,40.32210645729227
2011-11-24,all_tradable,0,0,0.0,0.0,0.0,0.0,40.32210645729227
2011-11-25,all_tradable,0,0,0.0,0.0,0.0,0.0,40.32210645729227
2011-11-28,all_tradable,0,0,0.0,0.0,0.0,0.0,40.32210645729227
2011-11-29,all_tradable,0,0,0.0,0.0,0.0,0.0,40.32210645729227
2011-11-30,all_tradable,0,0,0.0,0.0,0.0,0.0,40.32210645729227
2011-12-01,all_tradable,0,0,0.0,0.0,0.0,0.0,40.32210645729227
2011-12-02,all_tradable,0,0,0.0,0.0,0.0,0.0,40.32210645729227
2011-12-05,all_tradable,0,0,0.0,0.0,0.0,0.0,40.32210645729227
2011-12-06,all_tradable,0,0,0.0,0.0,0.0,0.0,40.32210645729227
2011-12-07,all_tradable,0,0,0.0,0.0,0.0,0.0,40.32210645729227
2011-12-08,all_tradable,0,0,0.0,0.0,0.0,0.0,40.32210645729227
2011-12-09,all_tradable,0,0,0.0,0.0,0.0,0.0,40.32210645729227
2011-12-12,all_tradable,0,0,0.0,0.0,0.0,0.0,40.32210645729227
2011-12-13,all_tradable,0,0,0.0,0.0,0.0,0.0,40.32210645729227
2011-12-14,all_tradable,0,0,0.0,0.0,0.0,0.0,40.32210645729227
2011-12-15,all_tradable,0,0,0.0,0.0,0.0,0.0,40.32210645729227
2011-12-16,all_tradable,0,0,0.0,0.0,0.0,0.0,40.32210645729227
2011-12-19,all_tradable,0,0,0.0,0.0,0.0,0.0,40.32210645729227
2011-12-20,all_tradable,0,0,0.0,0.0,0.0,0.0,40.32210645729227
2011-12-21,all_tradable,0,0,0.0,0.0,0.0,0.0,40.32210645729227
2011-12-22,all_tradable,0,0,0.0,0.0,0.0,0.0,40.32210645729227
2011-12-23,all_tradable,0,0,0.0,0.0,0.0,0.0,40.32210645729227
2011-12-26,all_tradable,0,0,0.0,0.0,0.0,0.0,40.32210645729227
2011-12-27,all_tradable,0,0,0.0,0.0,0.0,0.0,40.32210645729227
2011-12-28,all_tradable,0,0,0.0,0.0,0.0,0.0,40.32210645729227
2011-12-29,all_tradable,0,0,0.0,0.0,0.0,0.0,40.32210645729227
2011-12-30,all_tradable,0,0,0.0,0.0,0.0,0.0,40.32210645729227
2012-01-02,all_tradable,0,0,0.0,0.0,0.0,0.0,40.32210645729227
2012-01-03,all_tradable,0,0,0.0,0.0,0.0,0.0,40.32210645729227
2012-01-04,all_tradable,0,0,0.0,0.0,0.0,0.0,40.32210645729227
2012-01-05,all_tradable,0,0,0.0,0.0,0.0,0.0,40.32210645729227
2012-01-06,all_tradable,0,0,0.0,0.0,0.0,0.0,40.32210645729227
2012-01-09,all_tradable,0,0,0.0,0.0,0.0,0.0,40.32210645729227
2012-01-10,all_tradable,0,0,0.0,0.0,0.0,0.0,40.32210645729227
2012-01-11,all_tradable,0,0,0.0,0.0,0.0,0.0,40.32210645729227
2012-01-12,all_tradable,0,0,0.0,0.0,0.0,0.0,40.32210645729227
2012-01-13,all_tradable,0,0,0.0,0.0,0.0,0.0,40.32210645729227
2012-01-16,all_tradable,0,0,0.0,0.0,0.0,0.0,40.32210645729227
2012-01-17,all_tradable,0,0,0.0,0.0,0.0,0.0,40.32210645729227
2012-01-18,all_tradable,0,0,0.0,0.0,0.0,0.0,40.32210645729227
2012-01-19,all_tradable,0,0,0.0,0.0,0.0,0.0,40.32210645729227
2012-01-20,all_tradable,0,0,0.0,0.0,0.0,0.0,40.32210645729227
2012-01-23,all_tradable,0,0,0.0,0.0,0.0,0.0,40.32210645729227
2012-01-24,all_tradable,0,0,0.0,0.0,0.0,0.0,40.32210645729227
2012-01-25,all_tradable,0,0,0.0,0.0,0.0,0.0,40.32210645729227
2012-01-26,all_tradable,0,0,0.0,0.0,0.0,0.0,40.32210645729227
2012-01-27,all_tradable,0,0,0.0,0.0,0.0,0.0,40.32210645729227
2012-01-30,all_tradable,0,0,0.0,0.0,0.0,0.0,40.32210645729227
2012-01-31,all_tradable,0,0,0.0,0.0,0.0,0.0,40.32210645729227
2012-02-01,all_tradable,0,0,0.0,0.0,0.0,0.0,40.32210645729227
2012-02-02,all_tradable,0,0,0.0,0.0,0.0,0.0,40.32210645729227
2012-02-03,all_tradable,0,0,0.0,0.0,0.0,0.0,40.32210645729227
2012-02-06,all_tradable,0,0,0.0,0.0,0.0,0.0,40.32210645729227
2012-02-07,all_tradable,0,0,0.0,0.0,0.0,0.0,40.32210645729227
2012-02-08,all_tradable,0,0,0.0,0.0,0.0,0.0,40.32210645729227
2012-02-09,all_tradable,0,0,0.0,0.0,0.0,0.0,40.32210645729227
2012-02-10,all_tradable,0,0,0.0,0.0,0.0,0.0,40.32210645729227
2012-02-13,all_tradable,0,0,0.0,0.0,0.0,0.0,40.32210645729227
2012-02-14,all_tradable,0,0,0.0,0.0,0.0,0.0,40.32210645729227
2012-02-15,all_tradable,0,0,0.0,0.0,0.0,0.0,40.32210645729227
2012-02-16,all_tradable,0,0,0.0,0.0,0.0,0.0,40.32210645729227
2012-02-17,all_tradable,0,0,0.0,0.0,0.0,0.0,40.32210645729227
2012-02-20,all_tradable,0,0,0.0,0.0,0.0,0.0,40.32210645729227
2012-02-21,all_tradable,0,0,0.0,0.0,0.0,0.0,40.32210645729227
2012-02-22,all_tradable,0,0,0.0,0.0,0.0,0.0,40.32210645729227
2012-02-23,all_tradable,0,0,0.0,0.0,0.0,0.0,40.32210645729227
2012-02-24,all_tradable,0,0,0.0,0.0,0.0,0.0,40.32210645729227
2012-02-27,all_tradable,0,0,0.0,0.0,0.0,0.0,40.32210645729227
2012-02-28,all_tradable,0,0,0.0,0.0,0.0,0.0,40.32210645729227
2012-02-29,all_tradable,0,0,0.0,0.0,0.0,0.0,40.32210645729227
2012-03-01,all_tradable,0,0,0.0,0.0,0.0,0.0,40.32210645729227
2012-03-02,all_tradable,0,0,0.0,0.0,0.0,0.0,40.32210645729227
2012-03-05,all_tradable,0,0,0.0,0.0,0.0,0.0,40.32210645729227
2012-03-06,all_tradable,0,0,0.0,0.0,0.0,0.0,40.32210645729227
2012-03-07,all_tradable,0,0,0.0,0.0,0.0,0.0,40.32210645729227
2012-03-08,all_tradable,0,0,0.0,0.0,0.0,0.0,40.32210645729227
2012-03-09,all_tradable,0,0,0.0,0.0,0.0,0.0,40.32210645729227
2012-03-12,all_tradable,0,0,0.0,0.0,0.0,0.0,40.32210645729227
2012-03-13,all_tradable,0,0,0.0,0.0,0.0,0.0,40.32210645729227
2012-03-14,all_tradable,0,0,0.0,0.0,0.0,0.0,40.32210645729227
2012-03-15,all_tradable,0,0,0.0,0.0,0.0,0.0,40.32210645729227
2012-03-16,all_tradable,0,0,0.0,0.0,0.0,0.0,40.32210645729227
2012-03-19,all_tradable,0,0,0.0,0.0,0.0,0.0,40.32210645729227
2012-03-20,all_tradable,0,0,0.0,0.0,0.0,0.0,40.32210645729227
2012-03-21,all_tradable,0,0,0.0,0.0,0.0,0.0,40.32210645729227
2012-03-22,all_tradable,0,0,0.0,0.0,0.0,0.0,40.32210645729227
2012-03-23,all_tradable,0,0,0.0,0.0,0.0,0.0,40.32210645729227
2012-03-26,all_tradable,0,0,0.0,0.0,0.0,0.0,40.32210645729227
2012-03-27,all_tradable,0,0,0.0,0.0,0.0,0.0,40.32210645729227
2012-03-28,all_tradable,0,0,0.0,0.0,0.0,0.0,40.32210645729227
2012-03-29,all_tradable,0,0,0.0,0.0,0.0,0.0,40.32210645729227
2012-03-30,all_tradable,0,0,0.0,0.0,0.0,0.0,40.32210645729227
2012-04-02,all_tradable,0,0,0.0,0.0,0.0,0.0,40.32210645729227
2012-04-03,all_tradable,0,0,0.0,0.0,0.0,0.0,40.32210645729227
2012-04-04,all_tradable,0,0,0.0,0.0,0.0,0.0,40.32210645729227
2012-04-05,all_tradable,0,0,0.0,0.0,0.0,0.0,40.32210645729227
2012-04-06,all_tradable,0,0,0.0,0.0,0.0,0.0,40.32210645729227
2012-04-09,all_tradable,0,0,0.0,0.0,0.0,0.0,40.32210645729227
2012-04-10,all_tradable,0,0,0.0,0.0,0.0,0.0,40.32210645729227
2012-04-11,all_tradable,0,0,0.0,0.0,0.0,0.0,40.32210645729227
2012-04-12,all_tradable,0,0,0.0,0.0,0.0,0.0,40.32210645729227
2012-04-13,all_tradable,0,0,0.0,0.0,0.0,0.0,40.32210645729227
2012-04-16,all_tradable,0,0,0.0,0.0,0.0,0.0,40.32210645729227
2012-04-17,all_tradable,0,0,0.0,0.0,0.0,0.0,40.32210645729227
2012-04-18,all_tradable,0,0,0.0,0.0,0.0,0.0,40.32210645729227
2012-04-19,all_tradable,0,0,0.0,0.0,0.0,0.0,40.32210645729227
2012-04-20,all_tradable,0,0,0.0,0.0,0.0,0.0,40.32210645729227
2012-04-23,all_tradable,0,0,0.0,0.0,0.0,0.0,40.32210645729227
2012-04-24,all_tradable,0,0,0.0,0.0,0.0,0.0,40.32210645729227
2012-04-25,all_tradable,0,0,0.0,0.0,0.0,0.0,40.32210645729227
2012-04-26,all_tradable,0,0,0.0,0.0,0.0,0.0,40.32210645729227
2012-04-27,all_tradable,0,0,0.0,0.0,0.0,0.0,40.32210645729227
2012-04-30,all_tradable,0,0,0.0,0.0,0.0,0.0,40.32210645729227
2012-05-01,all_tradable,0,0,0.0,0.0,0.0,0.0,40.32210645729227
2012-05-02,all_tradable,0,0,0.0,0.0,0.0,0.0,40.32210645729227
2012-05-03,all_tradable,0,0,0.0,0.0,0.0,0.0,40.32210645729227
2012-05-04,all_tradable,0,0,0.0,0.0,0.0,0.0,40.32210645729227
2012-05-07,all_tradable,0,0,0.0,0.0,0.0,0.0,40.32210645729227
2012-05-08,all_tradable,0,0,0.0,0.0,0.0,0.0,40.32210645729227
2012-05-09,all_tradable,0,0,0.0,0.0,0.0,0.0,40.32210645729227
2012-05-10,all_tradable,0,0,0.0,0.0,0.0,0.0,40.32210645729227
2012-05-11,all_tradable,0,0,0.0,0.0,0.0,0.0,40.32210645729227
2012-05-14,all_tradable,0,0,0.0,0.0,0.0,0.0,40.32210645729227
2012-05-15,all_tradable,0,0,0.0,0.0,0.0,0.0,40.32210645729227
2012-05-16,all_tradable,0,0,0.0,0.0,0.0,0.0,40.32210645729227
2012-05-17,all_tradable,0,0,0.0,0.0,0.0,0.0,40.32210645729227
2012-05-18,all_tradable,0,0,0.0,0.0,0.0,0.0,40.32210645729227
2012-05-21,all_tradable,0,0,0.0,0.0,0.0,0.0,40.32210645729227
2012-05-22,all_tradable,0,0,0.0,0.0,0.0,0.0,40.32210645729227
2012-05-23,all_tradable,0,0,0.0,0.0,0.0,0.0,40.32210645729227
2012-05-24,all_tradable,0,0,0.0,0.0,0.0,0.0,40.32210645729227
2012-05-25,all_tradable,0,0,0.0,0.0,0.0,0.0,40.32210645729227
2012-05-28,all_tradable,0,0,0.0,0.0,0.0,0.0,40.32210645729227
2012-05-29,all_tradable,0,0,0.0,0.0,0.0,0.0,40.32210645729227
2012-05-30,all_tradable,0,0,0.0,0.0,0.0,0.0,40.32210645729227
2012-05-31,all_tradable,0,0,0.0,0.0,0.0,0.0,40.32210645729227
2012-06-01,all_tradable,0,0,0.0,0.0,0.0,0.0,40.32210645729227
2012-06-04,all_tradable,0,0,0.0,0.0,0.0,0.0,40.32210645729227
2012-06-05,all_tradable,0,0,0.0,0.0,0.0,0.0,40.32210645729227
2012-06-06,all_tradable,0,0,0.0,0.0,0.0,0.0,40.32210645729227
2012-06-07,all_tradable,0,0,0.0,0.0,0.0,0.0,40.32210645729227
2012-06-08,all_tradable,0,0,0.0,0.0,0.0,0.0,40.32210645729227
2012-06-11,all_tradable,0,0,0.0,0.0,0.0,0.0,40.32210645729227
2012-06-12,all_tradable,0,0,0.0,0.0,0.0,0.0,40.32210645729227
2012-06-13,all_tradable,0,0,0.0,0.0,0.0,0.0,40.32210645729227
2012-06-14,all_tradable,0,0,0.0,0.0,0.0,0.0,40.32210645729227
2012-06-15,all_tradable,0,0,0.0,0.0,0.0,0.0,40.32210645729227
2012-06-18,all_tradable,0,0,0.0,0.0,0.0,0.0,40.32210645729227
2012-06-19,all_tradable,0,0,0.0,0.0,0.0,0.0,40.32210645729227
2012-06-20,all_tradable,0,0,0.0,0.0,0.0,0.0,40.32210645729227
2012-06-21,all_tradable,0,0,0.0,0.0,0.0,0.0,40.32210645729227
2012-06-22,all_tradable,0,0,0.0,0.0,0.0,0.0,40.32210645729227
2012-06-25,all_tradable,0,0,0.0,0.0,0.0,0.0,40.32210645729227
2012-06-26,all_tradable,0,0,0.0,0.0,0.0,0.0,40.32210645729227
2012-06-27,all_tradable,0,0,0.0,0.0,0.0,0.0,40.32210645729227
2012-06-28,all_tradable,0,0,0.0,0.0,0.0,0.0,40.32210645729227
2012-06-29,all_tradable,0,0,0.0,0.0,0.0,0.0,40.32210645729227
2012-07-02,all_tradable,0,0,0.0,0.0,0.0,0.0,40.32210645729227
2012-07-03,all_tradable,0,0,0.0,0.0,0.0,0.0,40.32210645729227
2012-07-04,all_tradable,0,0,0.0,0.0,0.0,0.0,40.32210645729227
2012-07-05,all_tradable,0,0,0.0,0.0,0.0,0.0,40.32210645729227
2012-07-06,all_tradable,0,0,0.0,0.0,0.0,0.0,40.32210645729227
2012-07-09,all_tradable,0,0,0.0,0.0,0.0,0.0,40.32210645729227
2012-07-10,all_tradable,0,0,0.0,0.0,0.0,0.0,40.32210645729227
2012-07-11,all_tradable,0,0,0.0,0.0,0.0,0.0,40.32210645729227
2012-07-12,all_tradable,0,0,0.0,0.0,0.0,0.0,40.32210645729227
2012-07-13,all_tradable,0,0,0.0,0.0,0.0,0.0,40.32210645729227
2012-07-16,all_tradable,0,0,0.0,0.0,0.0,0.0,40.32210645729227
2012-07-17,all_tradable,0,0,0.0,0.0,0.0,0.0,40.32210645729227
2012-07-18,all_tradable,0,0,0.0,0.0,0.0,0.0,40.32210645729227
2012-07-19,all_tradable,0,0,0.0,0.0,0.0,0.0,40.32210645729227
2012-07-20,all_tradable,0,0,0.0,0.0,0.0,0.0,40.32210645729227
2012-07-23,all_tradable,0,0,0.0,0.0,0.0,0.0,40.32210645729227
2012-07-24,all_tradable,0,0,0.0,0.0,0.0,0.0,40.32210645729227
2012-07-25,all_tradable,0,0,0.0,0.0,0.0,0.0,40.32210645729227
2012-07-26,all_tradable,0,0,0.0,0.0,0.0,0.0,40.32210645729227
2012-07-27,all_tradable,0,0,0.0,0.0,0.0,0.0,40.32210645729227
2012-07-30,all_tradable,1,1,11773587.83,0.0,0.0,0.0,40.32210645729227
2012-07-31,all_tradable,1,1,11773587.83,-0.0069882495948136,-0.0069882495948136,-0.6988249594813599,39.623281497810915
2012-08-01,all_tradable,1,1,11773587.83,0.0182880875202593,0.0182880875202593,1.82880875202593,41.45209024983684
2012-08-02,all_tradable,1,1,11773587.83,-0.01054943273906,-0.01054943273906,-1.054943273906,40.397146975930845
2012-08-03,all_tradable,1,1,11773587.83,-0.0007504051863856,-0.0007504051863856,-0.07504051863856,40.322106457292286
2012-08-06,all_tradable,1,1,11773587.83,-0.0037139384116693,-0.0037139384116693,-0.37139384116693,39.95071261612536
2012-08-07,all_tradable,1,1,11773587.83,-0.0217402755267423,-0.0217402755267423,-2.17402755267423,37.776685063451126
2012-08-08,all_tradable,1,1,11773587.83,-0.0084217990275527,-0.0084217990275527,-0.84217990275527,36.934505160695856
2012-08-09,all_tradable,1,1,11773587.83,0.0012718800648299,0.0012718800648299,0.12718800648299,37.06169316717885
2012-08-10,all_tradable,1,1,11773587.83,-0.0006414100486224,-0.0006414100486224,-0.06414100486224,36.99755216231661
2012-08-13,all_tradable,1,1,11773587.83,0.0022021880064829,0.0022021880064829,0.22021880064829,37.217770962964906
2012-08-14,all_tradable,1,1,11773587.83,-0.0116632901134521,-0.0116632901134521,-1.16632901134521,36.051441951619694
2012-08-15,all_tradable,1,1,11773587.83,-0.0051057536466774,-0.0051057536466774,-0.51057536466774,35.54086658695195
2012-08-16,all_tradable,1,1,11773587.83,-0.0010502431118314,-0.0010502431118314,-0.10502431118314,35.43584227576881
2012-08-17,all_tradable,1,1,11773587.83,-0.0007504051863856,-0.0007504051863856,-0.07504051863856,35.360801757130254
2012-08-20,all_tradable,1,1,11773587.83,0.0028508914100485,0.0028508914100485,0.28508914100485,35.64589089813511
2012-08-21,all_tradable,1,1,11773587.83,0.0027799837925445,0.0027799837925445,0.27799837925445,35.923889277389556
2012-08-22,all_tradable,1,1,11773587.83,0.0946201717990275,0.0946201717990275,9.46201717990275,45.38590645729231
2012-08-23,all_tradable,0,0,0.0,0.0,0.0,0.0,45.38590645729231
2012-08-24,all_tradable,0,0,0.0,0.0,0.0,0.0,45.38590645729231
2012-08-27,all_tradable,0,0,0.0,0.0,0.0,0.0,45.38590645729231
2012-08-28,all_tradable,0,0,0.0,0.0,0.0,0.0,45.38590645729231
2012-08-29,all_tradable,0,0,0.0,0.0,0.0,0.0,45.38590645729231
2012-08-30,all_tradable,0,0,0.0,0.0,0.0,0.0,45.38590645729231
2012-08-31,all_tradable,0,0,0.0,0.0,0.0,0.0,45.38590645729231
2012-09-03,all_tradable,0,0,0.0,0.0,0.0,0.0,45.38590645729231
2012-09-04,all_tradable,0,0,0.0,0.0,0.0,0.0,45.38590645729231
2012-09-05,all_tradable,0,0,0.0,0.0,0.0,0.0,45.38590645729231
2012-09-06,all_tradable,0,0,0.0,0.0,0.0,0.0,45.38590645729231
2012-09-07,all_tradable,0,0,0.0,0.0,0.0,0.0,45.38590645729231
2012-09-10,all_tradable,0,0,0.0,0.0,0.0,0.0,45.38590645729231
2012-09-11,all_tradable,0,0,0.0,0.0,0.0,0.0,45.38590645729231
2012-09-12,all_tradable,0,0,0.0,0.0,0.0,0.0,45.38590645729231
2012-09-13,all_tradable,0,0,0.0,0.0,0.0,0.0,45.38590645729231
2012-09-14,all_tradable,0,0,0.0,0.0,0.0,0.0,45.38590645729231
2012-09-17,all_tradable,0,0,0.0,0.0,0.0,0.0,45.38590645729231
2012-09-18,all_tradable,0,0,0.0,0.0,0.0,0.0,45.38590645729231
2012-09-19,all_tradable,0,0,0.0,0.0,0.0,0.0,45.38590645729231
2012-09-20,all_tradable,0,0,0.0,0.0,0.0,0.0,45.38590645729231
2012-09-21,all_tradable,0,0,0.0,0.0,0.0,0.0,45.38590645729231
2012-09-24,all_tradable,0,0,0.0,0.0,0.0,0.0,45.38590645729231
2012-09-25,all_tradable,0,0,0.0,0.0,0.0,0.0,45.38590645729231
2012-09-26,all_tradable,0,0,0.0,0.0,0.0,0.0,45.38590645729231
2012-09-27,all_tradable,0,0,0.0,0.0,0.0,0.0,45.38590645729231
2012-09-28,all_tradable,0,0,0.0,0.0,0.0,0.0,45.38590645729231
2012-10-01,all_tradable,0,0,0.0,0.0,0.0,0.0,45.38590645729231
2012-10-02,all_tradable,0,0,0.0,0.0,0.0,0.0,45.38590645729231
2012-10-03,all_tradable,0,0,0.0,0.0,0.0,0.0,45.38590645729231
2012-10-04,all_tradable,0,0,0.0,0.0,0.0,0.0,45.38590645729231
2012-10-05,all_tradable,0,0,0.0,0.0,0.0,0.0,45.38590645729231
2012-10-08,all_tradable,0,0,0.0,0.0,0.0,0.0,45.38590645729231
2012-10-09,all_tradable,0,0,0.0,0.0,0.0,0.0,45.38590645729231
2012-10-10,all_tradable,0,0,0.0,0.0,0.0,0.0,45.38590645729231
2012-10-11,all_tradable,0,0,0.0,0.0,0.0,0.0,45.38590645729231
2012-10-12,all_tradable,0,0,0.0,0.0,0.0,0.0,45.38590645729231
2012-10-15,all_tradable,0,0,0.0,0.0,0.0,0.0,45.38590645729231
2012-10-16,all_tradable,0,0,0.0,0.0,0.0,0.0,45.38590645729231
2012-10-17,all_tradable,0,0,0.0,0.0,0.0,0.0,45.38590645729231
2012-10-18,all_tradable,0,0,0.0,0.0,0.0,0.0,45.38590645729231
2012-10-19,all_tradable,0,0,0.0,0.0,0.0,0.0,45.38590645729231
2012-10-22,all_tradable,0,0,0.0,0.0,0.0,0.0,45.38590645729231
2012-10-23,all_tradable,0,0,0.0,0.0,0.0,0.0,45.38590645729231
2012-10-24,all_tradable,0,0,0.0,0.0,0.0,0.0,45.38590645729231
2012-10-25,all_tradable,0,0,0.0,0.0,0.0,0.0,45.38590645729231
2012-10-26,all_tradable,0,0,0.0,0.0,0.0,0.0,45.38590645729231
2012-10-29,all_tradable,0,0,0.0,0.0,0.0,0.0,45.38590645729231
2012-10-30,all_tradable,0,0,0.0,0.0,0.0,0.0,45.38590645729231
2012-10-31,all_tradable,0,0,0.0,0.0,0.0,0.0,45.38590645729231
2012-11-01,all_tradable,0,0,0.0,0.0,0.0,0.0,45.38590645729231
2012-11-02,all_tradable,0,0,0.0,0.0,0.0,0.0,45.38590645729231
2012-11-05,all_tradable,0,0,0.0,0.0,0.0,0.0,45.38590645729231
2012-11-06,all_tradable,0,0,0.0,0.0,0.0,0.0,45.38590645729231
2012-11-07,all_tradable,0,0,0.0,0.0,0.0,0.0,45.38590645729231
2012-11-08,all_tradable,0,0,0.0,0.0,0.0,0.0,45.38590645729231
2012-11-09,all_tradable,0,0,0.0,0.0,0.0,0.0,45.38590645729231
2012-11-12,all_tradable,0,0,0.0,0.0,0.0,0.0,45.38590645729231
2012-11-13,all_tradable,0,0,0.0,0.0,0.0,0.0,45.38590645729231
2012-11-14,all_tradable,0,0,0.0,0.0,0.0,0.0,45.38590645729231
2012-11-15,all_tradable,0,0,0.0,0.0,0.0,0.0,45.38590645729231
2012-11-16,all_tradable,0,0,0.0,0.0,0.0,0.0,45.38590645729231
2012-11-19,all_tradable,0,0,0.0,0.0,0.0,0.0,45.38590645729231
2012-11-20,all_tradable,0,0,0.0,0.0,0.0,0.0,45.38590645729231
2012-11-21,all_tradable,0,0,0.0,0.0,0.0,0.0,45.38590645729231
2012-11-22,all_tradable,0,0,0.0,0.0,0.0,0.0,45.38590645729231
2012-11-23,all_tradable,0,0,0.0,0.0,0.0,0.0,45.38590645729231
2012-11-26,all_tradable,0,0,0.0,0.0,0.0,0.0,45.38590645729231
2012-11-27,all_tradable,0,0,0.0,0.0,0.0,0.0,45.38590645729231
2012-11-28,all_tradable,0,0,0.0,0.0,0.0,0.0,45.38590645729231
2012-11-29,all_tradable,0,0,0.0,0.0,0.0,0.0,45.38590645729231
2012-11-30,all_tradable,0,0,0.0,0.0,0.0,0.0,45.38590645729231
2012-12-03,all_tradable,0,0,0.0,0.0,0.0,0.0,45.38590645729231
2012-12-04,all_tradable,0,0,0.0,0.0,0.0,0.0,45.38590645729231
2012-12-05,all_tradable,0,0,0.0,0.0,0.0,0.0,45.38590645729231
2012-12-06,all_tradable,0,0,0.0,0.0,0.0,0.0,45.38590645729231
2012-12-07,all_tradable,0,0,0.0,0.0,0.0,0.0,45.38590645729231
2012-12-10,all_tradable,0,0,0.0,0.0,0.0,0.0,45.38590645729231
2012-12-11,all_tradable,0,0,0.0,0.0,0.0,0.0,45.38590645729231
2012-12-12,all_tradable,0,0,0.0,0.0,0.0,0.0,45.38590645729231
2012-12-13,all_tradable,0,0,0.0,0.0,0.0,0.0,45.38590645729231
2012-12-14,all_tradable,0,0,0.0,0.0,0.0,0.0,45.38590645729231
2012-12-17,all_tradable,0,0,0.0,0.0,0.0,0.0,45.38590645729231
2012-12-18,all_tradable,0,0,0.0,0.0,0.0,0.0,45.38590645729231
2012-12-19,all_tradable,0,0,0.0,0.0,0.0,0.0,45.38590645729231
2012-12-20,all_tradable,0,0,0.0,0.0,0.0,0.0,45.38590645729231
2012-12-21,all_tradable,0,0,0.0,0.0,0.0,0.0,45.38590645729231
2012-12-24,all_tradable,0,0,0.0,0.0,0.0,0.0,45.38590645729231
2012-12-25,all_tradable,0,0,0.0,0.0,0.0,0.0,45.38590645729231
2012-12-26,all_tradable,0,0,0.0,0.0,0.0,0.0,45.38590645729231
2012-12-27,all_tradable,0,0,0.0,0.0,0.0,0.0,45.38590645729231
2012-12-28,all_tradable,0,0,0.0,0.0,0.0,0.0,45.38590645729231
2012-12-31,all_tradable,0,0,0.0,0.0,0.0,0.0,45.38590645729231
2013-01-01,all_tradable,0,0,0.0,0.0,0.0,0.0,45.38590645729231
2013-01-02,all_tradable,0,0,0.0,0.0,0.0,0.0,45.38590645729231
2013-01-03,all_tradable,0,0,0.0,0.0,0.0,0.0,45.38590645729231
2013-01-04,all_tradable,0,0,0.0,0.0,0.0,0.0,45.38590645729231
2013-01-07,all_tradable,0,0,0.0,0.0,0.0,0.0,45.38590645729231
2013-01-08,all_tradable,0,0,0.0,0.0,0.0,0.0,45.38590645729231
2013-01-09,all_tradable,0,0,0.0,0.0,0.0,0.0,45.38590645729231
2013-01-10,all_tradable,0,0,0.0,0.0,0.0,0.0,45.38590645729231
2013-01-11,all_tradable,0,0,0.0,0.0,0.0,0.0,45.38590645729231
2013-01-14,all_tradable,0,0,0.0,0.0,0.0,0.0,45.38590645729231
2013-01-15,all_tradable,0,0,0.0,0.0,0.0,0.0,45.38590645729231
2013-01-16,all_tradable,0,0,0.0,0.0,0.0,0.0,45.38590645729231
2013-01-17,all_tradable,0,0,0.0,0.0,0.0,0.0,45.38590645729231
2013-01-18,all_tradable,0,0,0.0,0.0,0.0,0.0,45.38590645729231
2013-01-21,all_tradable,0,0,0.0,0.0,0.0,0.0,45.38590645729231
2013-01-22,all_tradable,0,0,0.0,0.0,0.0,0.0,45.38590645729231
2013-01-23,all_tradable,0,0,0.0,0.0,0.0,0.0,45.38590645729231
2013-01-24,all_tradable,0,0,0.0,0.0,0.0,0.0,45.38590645729231
2013-01-25,all_tradable,0,0,0.0,0.0,0.0,0.0,45.38590645729231
2013-01-28,all_tradable,0,0,0.0,0.0,0.0,0.0,45.38590645729231
2013-01-29,all_tradable,0,0,0.0,0.0,0.0,0.0,45.38590645729231
2013-01-30,all_tradable,0,0,0.0,0.0,0.0,0.0,45.38590645729231
2013-01-31,all_tradable,0,0,0.0,0.0,0.0,0.0,45.38590645729231
2013-02-01,all_tradable,0,0,0.0,0.0,0.0,0.0,45.38590645729231
2013-02-04,all_tradable,0,0,0.0,0.0,0.0,0.0,45.38590645729231
2013-02-05,all_tradable,0,0,0.0,0.0,0.0,0.0,45.38590645729231
2013-02-06,all_tradable,0,0,0.0,0.0,0.0,0.0,45.38590645729231
2013-02-07,all_tradable,0,0,0.0,0.0,0.0,0.0,45.38590645729231
2013-02-08,all_tradable,0,0,0.0,0.0,0.0,0.0,45.38590645729231
2013-02-11,all_tradable,0,0,0.0,0.0,0.0,0.0,45.38590645729231
2013-02-12,all_tradable,0,0,0.0,0.0,0.0,0.0,45.38590645729231
2013-02-13,all_tradable,0,0,0.0,0.0,0.0,0.0,45.38590645729231
2013-02-14,all_tradable,0,0,0.0,0.0,0.0,0.0,45.38590645729231
2013-02-15,all_tradable,0,0,0.0,0.0,0.0,0.0,45.38590645729231
2013-02-18,all_tradable,0,0,0.0,0.0,0.0,0.0,45.38590645729231
2013-02-19,all_tradable,0,0,0.0,0.0,0.0,0.0,45.38590645729231
2013-02-20,all_tradable,0,0,0.0,0.0,0.0,0.0,45.38590645729231
2013-02-21,all_tradable,0,0,0.0,0.0,0.0,0.0,45.38590645729231
2013-02-22,all_tradable,0,0,0.0,0.0,0.0,0.0,45.38590645729231
2013-02-25,all_tradable,0,0,0.0,0.0,0.0,0.0,45.38590645729231
2013-02-26,all_tradable,0,0,0.0,0.0,0.0,0.0,45.38590645729231
2013-02-27,all_tradable,0,0,0.0,0.0,0.0,0.0,45.38590645729231
2013-02-28,all_tradable,0,0,0.0,0.0,0.0,0.0,45.38590645729231
2013-03-01,all_tradable,0,0,0.0,0.0,0.0,0.0,45.38590645729231
2013-03-04,all_tradable,0,0,0.0,0.0,0.0,0.0,45.38590645729231
2013-03-05,all_tradable,0,0,0.0,0.0,0.0,0.0,45.38590645729231
2013-03-06,all_tradable,0,0,0.0,0.0,0.0,0.0,45.38590645729231
2013-03-07,all_tradable,0,0,0.0,0.0,0.0,0.0,45.38590645729231
2013-03-08,all_tradable,0,0,0.0,0.0,0.0,0.0,45.38590645729231
2013-03-11,all_tradable,0,0,0.0,0.0,0.0,0.0,45.38590645729231
2013-03-12,all_tradable,0,0,0.0,0.0,0.0,0.0,45.38590645729231
2013-03-13,all_tradable,0,0,0.0,0.0,0.0,0.0,45.38590645729231
2013-03-14,all_tradable,0,0,0.0,0.0,0.0,0.0,45.38590645729231
2013-03-15,all_tradable,0,0,0.0,0.0,0.0,0.0,45.38590645729231
2013-03-18,all_tradable,0,0,0.0,0.0,0.0,0.0,45.38590645729231
2013-03-19,all_tradable,0,0,0.0,0.0,0.0,0.0,45.38590645729231
2013-03-20,all_tradable,0,0,0.0,0.0,0.0,0.0,45.38590645729231
2013-03-21,all_tradable,0,0,0.0,0.0,0.0,0.0,45.38590645729231
2013-03-22,all_tradable,0,0,0.0,0.0,0.0,0.0,45.38590645729231
2013-03-25,all_tradable,0,0,0.0,0.0,0.0,0.0,45.38590645729231
2013-03-26,all_tradable,0,0,0.0,0.0,0.0,0.0,45.38590645729231
2013-03-27,all_tradable,0,0,0.0,0.0,0.0,0.0,45.38590645729231
2013-03-28,all_tradable,0,0,0.0,0.0,0.0,0.0,45.38590645729231
2013-03-29,all_tradable,0,0,0.0,0.0,0.0,0.0,45.38590645729231
2013-04-01,all_tradable,0,0,0.0,0.0,0.0,0.0,45.38590645729231
2013-04-02,all_tradable,0,0,0.0,0.0,0.0,0.0,45.38590645729231
2013-04-03,all_tradable,0,0,0.0,0.0,0.0,0.0,45.38590645729231
2013-04-04,all_tradable,0,0,0.0,0.0,0.0,0.0,45.38590645729231
2013-04-05,all_tradable,0,0,0.0,0.0,0.0,0.0,45.38590645729231
2013-04-08,all_tradable,0,0,0.0,0.0,0.0,0.0,45.38590645729231
2013-04-09,all_tradable,0,0,0.0,0.0,0.0,0.0,45.38590645729231
2013-04-10,all_tradable,0,0,0.0,0.0,0.0,0.0,45.38590645729231
2013-04-11,all_tradable,0,0,0.0,0.0,0.0,0.0,45.38590645729231
2013-04-12,all_tradable,0,0,0.0,0.0,0.0,0.0,45.38590645729231
2013-04-15,all_tradable,0,0,0.0,0.0,0.0,0.0,45.38590645729231
2013-04-16,all_tradable,0,0,0.0,0.0,0.0,0.0,45.38590645729231
2013-04-17,all_tradable,0,0,0.0,0.0,0.0,0.0,45.38590645729231
2013-04-18,all_tradable,0,0,0.0,0.0,0.0,0.0,45.38590645729231
2013-04-19,all_tradable,0,0,0.0,0.0,0.0,0.0,45.38590645729231
2013-04-22,all_tradable,0,0,0.0,0.0,0.0,0.0,45.38590645729231
2013-04-23,all_tradable,0,0,0.0,0.0,0.0,0.0,45.38590645729231
2013-04-24,all_tradable,0,0,0.0,0.0,0.0,0.0,45.38590645729231
2013-04-25,all_tradable,0,0,0.0,0.0,0.0,0.0,45.38590645729231
2013-04-26,all_tradable,0,0,0.0,0.0,0.0,0.0,45.38590645729231
2013-04-29,all_tradable,0,0,0.0,0.0,0.0,0.0,45.38590645729231
2013-04-30,all_tradable,0,0,0.0,0.0,0.0,0.0,45.38590645729231
2013-05-01,all_tradable,0,0,0.0,0.0,0.0,0.0,45.38590645729231
2013-05-02,all_tradable,0,0,0.0,0.0,0.0,0.0,45.38590645729231
2013-05-03,all_tradable,0,0,0.0,0.0,0.0,0.0,45.38590645729231
2013-05-06,all_tradable,0,0,0.0,0.0,0.0,0.0,45.38590645729231
2013-05-07,all_tradable,0,0,0.0,0.0,0.0,0.0,45.38590645729231
2013-05-08,all_tradable,0,0,0.0,0.0,0.0,0.0,45.38590645729231
2013-05-09,all_tradable,0,0,0.0,0.0,0.0,0.0,45.38590645729231
2013-05-10,all_tradable,0,0,0.0,0.0,0.0,0.0,45.38590645729231
2013-05-13,all_tradable,0,0,0.0,0.0,0.0,0.0,45.38590645729231
2013-05-14,all_tradable,0,0,0.0,0.0,0.0,0.0,45.38590645729231
2013-05-15,all_tradable,0,0,0.0,0.0,0.0,0.0,45.38590645729231
2013-05-16,all_tradable,0,0,0.0,0.0,0.0,0.0,45.38590645729231
2013-05-17,all_tradable,0,0,0.0,0.0,0.0,0.0,45.38590645729231
2013-05-20,all_tradable,0,0,0.0,0.0,0.0,0.0,45.38590645729231
2013-05-21,all_tradable,0,0,0.0,0.0,0.0,0.0,45.38590645729231
2013-05-22,all_tradable,0,0,0.0,0.0,0.0,0.0,45.38590645729231
2013-05-23,all_tradable,0,0,0.0,0.0,0.0,0.0,45.38590645729231
2013-05-24,all_tradable,0,0,0.0,0.0,0.0,0.0,45.38590645729231
2013-05-27,all_tradable,0,0,0.0,0.0,0.0,0.0,45.38590645729231
2013-05-28,all_tradable,0,0,0.0,0.0,0.0,0.0,45.38590645729231
2013-05-29,all_tradable,0,0,0.0,0.0,0.0,0.0,45.38590645729231
2013-05-30,all_tradable,0,0,0.0,0.0,0.0,0.0,45.38590645729231
2013-05-31,all_tradable,0,0,0.0,0.0,0.0,0.0,45.38590645729231
2013-06-03,all_tradable,0,0,0.0,0.0,0.0,0.0,45.38590645729231
2013-06-04,all_tradable,0,0,0.0,0.0,0.0,0.0,45.38590645729231
2013-06-05,all_tradable,0,0,0.0,0.0,0.0,0.0,45.38590645729231
2013-06-06,all_tradable,0,0,0.0,0.0,0.0,0.0,45.38590645729231
2013-06-07,all_tradable,0,0,0.0,0.0,0.0,0.0,45.38590645729231
2013-06-10,all_tradable,0,0,0.0,0.0,0.0,0.0,45.38590645729231
2013-06-11,all_tradable,0,0,0.0,0.0,0.0,0.0,45.38590645729231
2013-06-12,all_tradable,0,0,0.0,0.0,0.0,0.0,45.38590645729231
2013-06-13,all_tradable,0,0,0.0,0.0,0.0,0.0,45.38590645729231
2013-06-14,all_tradable,0,0,0.0,0.0,0.0,0.0,45.38590645729231
2013-06-17,all_tradable,0,0,0.0,0.0,0.0,0.0,45.38590645729231
2013-06-18,all_tradable,0,0,0.0,0.0,0.0,0.0,45.38590645729231
2013-06-19,all_tradable,0,0,0.0,0.0,0.0,0.0,45.38590645729231
2013-06-20,all_tradable,0,0,0.0,0.0,0.0,0.0,45.38590645729231
2013-06-21,all_tradable,0,0,0.0,0.0,0.0,0.0,45.38590645729231
2013-06-24,all_tradable,0,0,0.0,0.0,0.0,0.0,45.38590645729231
2013-06-25,all_tradable,0,0,0.0,0.0,0.0,0.0,45.38590645729231
2013-06-26,all_tradable,0,0,0.0,0.0,0.0,0.0,45.38590645729231
2013-06-27,all_tradable,0,0,0.0,0.0,0.0,0.0,45.38590645729231
2013-06-28,all_tradable,0,0,0.0,0.0,0.0,0.0,45.38590645729231
2013-07-01,all_tradable,0,0,0.0,0.0,0.0,0.0,45.38590645729231
2013-07-02,all_tradable,0,0,0.0,0.0,0.0,0.0,45.38590645729231
2013-07-03,all_tradable,0,0,0.0,0.0,0.0,0.0,45.38590645729231
2013-07-04,all_tradable,0,0,0.0,0.0,0.0,0.0,45.38590645729231
2013-07-05,all_tradable,0,0,0.0,0.0,0.0,0.0,45.38590645729231
2013-07-08,all_tradable,0,0,0.0,0.0,0.0,0.0,45.38590645729231
2013-07-09,all_tradable,0,0,0.0,0.0,0.0,0.0,45.38590645729231
2013-07-10,all_tradable,0,0,0.0,0.0,0.0,0.0,45.38590645729231
2013-07-11,all_tradable,0,0,0.0,0.0,0.0,0.0,45.38590645729231
2013-07-12,all_tradable,0,0,0.0,0.0,0.0,0.0,45.38590645729231
2013-07-15,all_tradable,0,0,0.0,0.0,0.0,0.0,45.38590645729231
2013-07-16,all_tradable,0,0,0.0,0.0,0.0,0.0,45.38590645729231
2013-07-17,all_tradable,0,0,0.0,0.0,0.0,0.0,45.38590645729231
2013-07-18,all_tradable,0,0,0.0,0.0,0.0,0.0,45.38590645729231
2013-07-19,all_tradable,0,0,0.0,0.0,0.0,0.0,45.38590645729231
2013-07-22,all_tradable,0,0,0.0,0.0,0.0,0.0,45.38590645729231
2013-07-23,all_tradable,0,0,0.0,0.0,0.0,0.0,45.38590645729231
2013-07-24,all_tradable,0,0,0.0,0.0,0.0,0.0,45.38590645729231
2013-07-25,all_tradable,0,0,0.0,0.0,0.0,0.0,45.38590645729231
2013-07-26,all_tradable,0,0,0.0,0.0,0.0,0.0,45.38590645729231
2013-07-29,all_tradable,0,0,0.0,0.0,0.0,0.0,45.38590645729231
2013-07-30,all_tradable,0,0,0.0,0.0,0.0,0.0,45.38590645729231
2013-07-31,all_tradable,0,0,0.0,0.0,0.0,0.0,45.38590645729231
2013-08-01,all_tradable,0,0,0.0,0.0,0.0,0.0,45.38590645729231
2013-08-02,all_tradable,0,0,0.0,0.0,0.0,0.0,45.38590645729231
2013-08-05,all_tradable,0,0,0.0,0.0,0.0,0.0,45.38590645729231
2013-08-06,all_tradable,0,0,0.0,0.0,0.0,0.0,45.38590645729231
2013-08-07,all_tradable,0,0,0.0,0.0,0.0,0.0,45.38590645729231
2013-08-08,all_tradable,0,0,0.0,0.0,0.0,0.0,45.38590645729231
2013-08-09,all_tradable,0,0,0.0,0.0,0.0,0.0,45.38590645729231
2013-08-12,all_tradable,0,0,0.0,0.0,0.0,0.0,45.38590645729231
2013-08-13,all_tradable,0,0,0.0,0.0,0.0,0.0,45.38590645729231
2013-08-14,all_tradable,0,0,0.0,0.0,0.0,0.0,45.38590645729231
2013-08-15,all_tradable,0,0,0.0,0.0,0.0,0.0,45.38590645729231
2013-08-16,all_tradable,0,0,0.0,0.0,0.0,0.0,45.38590645729231
2013-08-19,all_tradable,0,0,0.0,0.0,0.0,0.0,45.38590645729231
2013-08-20,all_tradable,0,0,0.0,0.0,0.0,0.0,45.38590645729231
2013-08-21,all_tradable,0,0,0.0,0.0,0.0,0.0,45.38590645729231
2013-08-22,all_tradable,0,0,0.0,0.0,0.0,0.0,45.38590645729231
2013-08-23,all_tradable,0,0,0.0,0.0,0.0,0.0,45.38590645729231
2013-08-26,all_tradable,0,0,0.0,0.0,0.0,0.0,45.38590645729231
2013-08-27,all_tradable,0,0,0.0,0.0,0.0,0.0,45.38590645729231
2013-08-28,all_tradable,0,0,0.0,0.0,0.0,0.0,45.38590645729231
2013-08-29,all_tradable,0,0,0.0,0.0,0.0,0.0,45.38590645729231
2013-08-30,all_tradable,0,0,0.0,0.0,0.0,0.0,45.38590645729231
2013-09-02,all_tradable,0,0,0.0,0.0,0.0,0.0,45.38590645729231
2013-09-03,all_tradable,0,0,0.0,0.0,0.0,0.0,45.38590645729231
2013-09-04,all_tradable,0,0,0.0,0.0,0.0,0.0,45.38590645729231
2013-09-05,all_tradable,0,0,0.0,0.0,0.0,0.0,45.38590645729231
2013-09-06,all_tradable,0,0,0.0,0.0,0.0,0.0,45.38590645729231
2013-09-09,all_tradable,0,0,0.0,0.0,0.0,0.0,45.38590645729231
2013-09-10,all_tradable,0,0,0.0,0.0,0.0,0.0,45.38590645729231
2013-09-11,all_tradable,0,0,0.0,0.0,0.0,0.0,45.38590645729231
2013-09-12,all_tradable,0,0,0.0,0.0,0.0,0.0,45.38590645729231
2013-09-13,all_tradable,0,0,0.0,0.0,0.0,0.0,45.38590645729231
2013-09-16,all_tradable,0,0,0.0,0.0,0.0,0.0,45.38590645729231
2013-09-17,all_tradable,0,0,0.0,0.0,0.0,0.0,45.38590645729231
2013-09-18,all_tradable,0,0,0.0,0.0,0.0,0.0,45.38590645729231
2013-09-19,all_tradable,0,0,0.0,0.0,0.0,0.0,45.38590645729231
2013-09-20,all_tradable,0,0,0.0,0.0,0.0,0.0,45.38590645729231
2013-09-23,all_tradable,0,0,0.0,0.0,0.0,0.0,45.38590645729231
2013-09-24,all_tradable,0,0,0.0,0.0,0.0,0.0,45.38590645729231
2013-09-25,all_tradable,0,0,0.0,0.0,0.0,0.0,45.38590645729231
2013-09-26,all_tradable,0,0,0.0,0.0,0.0,0.0,45.38590645729231
2013-09-27,all_tradable,0,0,0.0,0.0,0.0,0.0,45.38590645729231
2013-09-30,all_tradable,0,0,0.0,0.0,0.0,0.0,45.38590645729231
2013-10-01,all_tradable,0,0,0.0,0.0,0.0,0.0,45.38590645729231
2013-10-02,all_tradable,0,0,0.0,0.0,0.0,0.0,45.38590645729231
2013-10-03,all_tradable,0,0,0.0,0.0,0.0,0.0,45.38590645729231
2013-10-04,all_tradable,0,0,0.0,0.0,0.0,0.0,45.38590645729231
2013-10-07,all_tradable,0,0,0.0,0.0,0.0,0.0,45.38590645729231
2013-10-08,all_tradable,0,0,0.0,0.0,0.0,0.0,45.38590645729231
2013-10-09,all_tradable,0,0,0.0,0.0,0.0,0.0,45.38590645729231
2013-10-10,all_tradable,0,0,0.0,0.0,0.0,0.0,45.38590645729231
2013-10-11,all_tradable,0,0,0.0,0.0,0.0,0.0,45.38590645729231
2013-10-14,all_tradable,0,0,0.0,0.0,0.0,0.0,45.38590645729231
2013-10-15,all_tradable,0,0,0.0,0.0,0.0,0.0,45.38590645729231
2013-10-16,all_tradable,0,0,0.0,0.0,0.0,0.0,45.38590645729231
2013-10-17,all_tradable,0,0,0.0,0.0,0.0,0.0,45.38590645729231
2013-10-18,all_tradable,0,0,0.0,0.0,0.0,0.0,45.38590645729231
2013-10-21,all_tradable,0,0,0.0,0.0,0.0,0.0,45.38590645729231
2013-10-22,all_tradable,0,0,0.0,0.0,0.0,0.0,45.38590645729231
2013-10-23,all_tradable,0,0,0.0,0.0,0.0,0.0,45.38590645729231
2013-10-24,all_tradable,0,0,0.0,0.0,0.0,0.0,45.38590645729231
2013-10-25,all_tradable,0,0,0.0,0.0,0.0,0.0,45.38590645729231
2013-10-28,all_tradable,0,0,0.0,0.0,0.0,0.0,45.38590645729231
2013-10-29,all_tradable,0,0,0.0,0.0,0.0,0.0,45.38590645729231
2013-10-30,all_tradable,0,0,0.0,0.0,0.0,0.0,45.38590645729231
2013-10-31,all_tradable,0,0,0.0,0.0,0.0,0.0,45.38590645729231
2013-11-01,all_tradable,0,0,0.0,0.0,0.0,0.0,45.38590645729231
2013-11-04,all_tradable,0,0,0.0,0.0,0.0,0.0,45.38590645729231
2013-11-05,all_tradable,0,0,0.0,0.0,0.0,0.0,45.38590645729231
2013-11-06,all_tradable,0,0,0.0,0.0,0.0,0.0,45.38590645729231
2013-11-07,all_tradable,0,0,0.0,0.0,0.0,0.0,45.38590645729231
2013-11-08,all_tradable,0,0,0.0,0.0,0.0,0.0,45.38590645729231
2013-11-11,all_tradable,0,0,0.0,0.0,0.0,0.0,45.38590645729231
2013-11-12,all_tradable,0,0,0.0,0.0,0.0,0.0,45.38590645729231
2013-11-13,all_tradable,0,0,0.0,0.0,0.0,0.0,45.38590645729231
2013-11-14,all_tradable,0,0,0.0,0.0,0.0,0.0,45.38590645729231
2013-11-15,all_tradable,0,0,0.0,0.0,0.0,0.0,45.38590645729231
2013-11-18,all_tradable,0,0,0.0,0.0,0.0,0.0,45.38590645729231
2013-11-19,all_tradable,0,0,0.0,0.0,0.0,0.0,45.38590645729231
2013-11-20,all_tradable,0,0,0.0,0.0,0.0,0.0,45.38590645729231
2013-11-21,all_tradable,0,0,0.0,0.0,0.0,0.0,45.38590645729231
2013-11-22,all_tradable,0,0,0.0,0.0,0.0,0.0,45.38590645729231
2013-11-25,all_tradable,0,0,0.0,0.0,0.0,0.0,45.38590645729231
2013-11-26,all_tradable,0,0,0.0,0.0,0.0,0.0,45.38590645729231
2013-11-27,all_tradable,0,0,0.0,0.0,0.0,0.0,45.38590645729231
2013-11-28,all_tradable,0,0,0.0,0.0,0.0,0.0,45.38590645729231
2013-11-29,all_tradable,0,0,0.0,0.0,0.0,0.0,45.38590645729231
2013-12-02,all_tradable,0,0,0.0,0.0,0.0,0.0,45.38590645729231
2013-12-03,all_tradable,0,0,0.0,0.0,0.0,0.0,45.38590645729231
2013-12-04,all_tradable,0,0,0.0,0.0,0.0,0.0,45.38590645729231
2013-12-05,all_tradable,0,0,0.0,0.0,0.0,0.0,45.38590645729231
2013-12-06,all_tradable,0,0,0.0,0.0,0.0,0.0,45.38590645729231
2013-12-09,all_tradable,0,0,0.0,0.0,0.0,0.0,45.38590645729231
2013-12-10,all_tradable,0,0,0.0,0.0,0.0,0.0,45.38590645729231
2013-12-11,all_tradable,0,0,0.0,0.0,0.0,0.0,45.38590645729231
2013-12-12,all_tradable,0,0,0.0,0.0,0.0,0.0,45.38590645729231
2013-12-13,all_tradable,0,0,0.0,0.0,0.0,0.0,45.38590645729231
2013-12-16,all_tradable,0,0,0.0,0.0,0.0,0.0,45.38590645729231
2013-12-17,all_tradable,0,0,0.0,0.0,0.0,0.0,45.38590645729231
2013-12-18,all_tradable,0,0,0.0,0.0,0.0,0.0,45.38590645729231
2013-12-19,all_tradable,0,0,0.0,0.0,0.0,0.0,45.38590645729231
2013-12-20,all_tradable,0,0,0.0,0.0,0.0,0.0,45.38590645729231
2013-12-23,all_tradable,0,0,0.0,0.0,0.0,0.0,45.38590645729231
2013-12-24,all_tradable,0,0,0.0,0.0,0.0,0.0,45.38590645729231
2013-12-25,all_tradable,0,0,0.0,0.0,0.0,0.0,45.38590645729231
2013-12-26,all_tradable,0,0,0.0,0.0,0.0,0.0,45.38590645729231
2013-12-27,all_tradable,0,0,0.0,0.0,0.0,0.0,45.38590645729231
2013-12-30,all_tradable,0,0,0.0,0.0,0.0,0.0,45.38590645729231
2013-12-31,all_tradable,0,0,0.0,0.0,0.0,0.0,45.38590645729231
2014-01-01,all_tradable,0,0,0.0,0.0,0.0,0.0,45.38590645729231
2014-01-02,all_tradable,0,0,0.0,0.0,0.0,0.0,45.38590645729231
2014-01-03,all_tradable,0,0,0.0,0.0,0.0,0.0,45.38590645729231
2014-01-06,all_tradable,0,0,0.0,0.0,0.0,0.0,45.38590645729231
2014-01-07,all_tradable,0,0,0.0,0.0,0.0,0.0,45.38590645729231
2014-01-08,all_tradable,0,0,0.0,0.0,0.0,0.0,45.38590645729231
2014-01-09,all_tradable,0,0,0.0,0.0,0.0,0.0,45.38590645729231
2014-01-10,all_tradable,0,0,0.0,0.0,0.0,0.0,45.38590645729231
2014-01-13,all_tradable,0,0,0.0,0.0,0.0,0.0,45.38590645729231
2014-01-14,all_tradable,0,0,0.0,0.0,0.0,0.0,45.38590645729231
2014-01-15,all_tradable,0,0,0.0,0.0,0.0,0.0,45.38590645729231
2014-01-16,all_tradable,0,0,0.0,0.0,0.0,0.0,45.38590645729231
2014-01-17,all_tradable,0,0,0.0,0.0,0.0,0.0,45.38590645729231
2014-01-20,all_tradable,0,0,0.0,0.0,0.0,0.0,45.38590645729231
2014-01-21,all_tradable,0,0,0.0,0.0,0.0,0.0,45.38590645729231
2014-01-22,all_tradable,0,0,0.0,0.0,0.0,0.0,45.38590645729231
2014-01-23,all_tradable,0,0,0.0,0.0,0.0,0.0,45.38590645729231
2014-01-24,all_tradable,0,0,0.0,0.0,0.0,0.0,45.38590645729231
2014-01-27,all_tradable,0,0,0.0,0.0,0.0,0.0,45.38590645729231
2014-01-28,all_tradable,0,0,0.0,0.0,0.0,0.0,45.38590645729231
2014-01-29,all_tradable,0,0,0.0,0.0,0.0,0.0,45.38590645729231
2014-01-30,all_tradable,0,0,0.0,0.0,0.0,0.0,45.38590645729231
2014-01-31,all_tradable,0,0,0.0,0.0,0.0,0.0,45.38590645729231
2014-02-03,all_tradable,0,0,0.0,0.0,0.0,0.0,45.38590645729231
2014-02-04,all_tradable,0,0,0.0,0.0,0.0,0.0,45.38590645729231
2014-02-05,all_tradable,0,0,0.0,0.0,0.0,0.0,45.38590645729231
2014-02-06,all_tradable,0,0,0.0,0.0,0.0,0.0,45.38590645729231
2014-02-07,all_tradable,0,0,0.0,0.0,0.0,0.0,45.38590645729231
2014-02-10,all_tradable,0,0,0.0,0.0,0.0,0.0,45.38590645729231
2014-02-11,all_tradable,0,0,0.0,0.0,0.0,0.0,45.38590645729231
2014-02-12,all_tradable,0,0,0.0,0.0,0.0,0.0,45.38590645729231
2014-02-13,all_tradable,0,0,0.0,0.0,0.0,0.0,45.38590645729231
2014-02-14,all_tradable,0,0,0.0,0.0,0.0,0.0,45.38590645729231
2014-02-17,all_tradable,0,0,0.0,0.0,0.0,0.0,45.38590645729231
2014-02-18,all_tradable,0,0,0.0,0.0,0.0,0.0,45.38590645729231
2014-02-19,all_tradable,0,0,0.0,0.0,0.0,0.0,45.38590645729231
2014-02-20,all_tradable,0,0,0.0,0.0,0.0,0.0,45.38590645729231
2014-02-21,all_tradable,0,0,0.0,0.0,0.0,0.0,45.38590645729231
2014-02-24,all_tradable,0,0,0.0,0.0,0.0,0.0,45.38590645729231
2014-02-25,all_tradable,0,0,0.0,0.0,0.0,0.0,45.38590645729231
2014-02-26,all_tradable,0,0,0.0,0.0,0.0,0.0,45.38590645729231
2014-02-27,all_tradable,0,0,0.0,0.0,0.0,0.0,45.38590645729231
2014-02-28,all_tradable,0,0,0.0,0.0,0.0,0.0,45.38590645729231
2014-03-03,all_tradable,0,0,0.0,0.0,0.0,0.0,45.38590645729231
2014-03-04,all_tradable,0,0,0.0,0.0,0.0,0.0,45.38590645729231
2014-03-05,all_tradable,0,0,0.0,0.0,0.0,0.0,45.38590645729231
2014-03-06,all_tradable,0,0,0.0,0.0,0.0,0.0,45.38590645729231
2014-03-07,all_tradable,0,0,0.0,0.0,0.0,0.0,45.38590645729231
2014-03-10,all_tradable,0,0,0.0,0.0,0.0,0.0,45.38590645729231
2014-03-11,all_tradable,0,0,0.0,0.0,0.0,0.0,45.38590645729231
2014-03-12,all_tradable,0,0,0.0,0.0,0.0,0.0,45.38590645729231
2014-03-13,all_tradable,0,0,0.0,0.0,0.0,0.0,45.38590645729231
2014-03-14,all_tradable,0,0,0.0,0.0,0.0,0.0,45.38590645729231
2014-03-17,all_tradable,0,0,0.0,0.0,0.0,0.0,45.38590645729231
2014-03-18,all_tradable,0,0,0.0,0.0,0.0,0.0,45.38590645729231
2014-03-19,all_tradable,0,0,0.0,0.0,0.0,0.0,45.38590645729231
2014-03-20,all_tradable,0,0,0.0,0.0,0.0,0.0,45.38590645729231
2014-03-21,all_tradable,0,0,0.0,0.0,0.0,0.0,45.38590645729231
2014-03-24,all_tradable,0,0,0.0,0.0,0.0,0.0,45.38590645729231
2014-03-25,all_tradable,0,0,0.0,0.0,0.0,0.0,45.38590645729231
2014-03-26,all_tradable,1,1,24945732.912,0.0,0.0,0.0,45.38590645729231
2014-03-27,all_tradable,1,1,24945732.912,0.0053081570996979,0.0053081570996979,0.53081570996979,45.916722167262094
2014-03-28,all_tradable,1,1,24945732.912,0.0091722054380664,0.0091722054380664,0.91722054380664,46.83394271106874
2014-03-31,all_tradable,1,1,24945732.912,0.0064441087613293,0.0064441087613293,0.64441087613293,47.47835358720167
2014-04-01,all_tradable,1,1,24945732.912,-0.0002688821752266,-0.0002688821752266,-0.02688821752266,47.451465369679006
2014-04-02,all_tradable,1,1,24945732.912,-0.0007341389728095,-0.0007341389728095,-0.07341389728095,47.378051472398056
2014-04-03,all_tradable,1,1,24945732.912,-0.0258429003021149,-0.0258429003021149,-2.58429003021149,44.79376144218657
2014-04-04,all_tradable,1,1,24945732.912,-0.0026465256797582,-0.0026465256797582,-0.26465256797582,44.52910887421075
2014-04-07,all_tradable,1,1,24945732.912,0.0224954682779456,0.0224954682779456,2.24954682779456,46.77865570200531
2014-04-08,all_tradable,1,1,24945732.912,0.0006646525679756,0.0006646525679756,0.06646525679756,46.84512095880287
2014-04-09,all_tradable,1,1,24945732.912,0.0072175226586103,0.0072175226586103,0.7217522658610299,47.5668732246639
2014-04-10,all_tradable,1,1,24945732.912,0.0053685800604228,0.0053685800604228,0.53685800604228,48.10373123070618
2014-04-11,all_tradable,1,1,24945732.912,0.0071299093655589,0.0071299093655589,0.7129909365558901,48.81672216726207
2014-04-14,all_tradable,1,1,24945732.912,0.00892749244713,0.00892749244713,0.892749244713,49.70947141197507
2014-04-15,all_tradable,1,1,24945732.912,-0.0012930513595167,-0.0012930513595167,-0.12930513595167,49.580166276023405
2014-04-16,all_tradable,1,1,24945732.912,0.008785498489426,0.008785498489426,0.8785498489426,50.458716124965996
2014-04-17,all_tradable,1,1,24945732.912,-0.0298050966767372,-0.0298050966767372,-2.98050966767372,47.47820645729227
2014-04-18,all_tradable,0,0,0.0,0.0,0.0,0.0,47.47820645729227
2014-04-21,all_tradable,0,0,0.0,0.0,0.0,0.0,47.47820645729227
2014-04-22,all_tradable,0,0,0.0,0.0,0.0,0.0,47.47820645729227
2014-04-23,all_tradable,0,0,0.0,0.0,0.0,0.0,47.47820645729227
2014-04-24,all_tradable,0,0,0.0,0.0,0.0,0.0,47.47820645729227
2014-04-25,all_tradable,0,0,0.0,0.0,0.0,0.0,47.47820645729227
2014-04-28,all_tradable,0,0,0.0,0.0,0.0,0.0,47.47820645729227
2014-04-29,all_tradable,0,0,0.0,0.0,0.0,0.0,47.47820645729227
2014-04-30,all_tradable,0,0,0.0,0.0,0.0,0.0,47.47820645729227
2014-05-01,all_tradable,0,0,0.0,0.0,0.0,0.0,47.47820645729227
2014-05-02,all_tradable,0,0,0.0,0.0,0.0,0.0,47.47820645729227
2014-05-05,all_tradable,0,0,0.0,0.0,0.0,0.0,47.47820645729227
2014-05-06,all_tradable,0,0,0.0,0.0,0.0,0.0,47.47820645729227
2014-05-07,all_tradable,0,0,0.0,0.0,0.0,0.0,47.47820645729227
2014-05-08,all_tradable,0,0,0.0,0.0,0.0,0.0,47.47820645729227
2014-05-09,all_tradable,0,0,0.0,0.0,0.0,0.0,47.47820645729227
2014-05-12,all_tradable,0,0,0.0,0.0,0.0,0.0,47.47820645729227
2014-05-13,all_tradable,0,0,0.0,0.0,0.0,0.0,47.47820645729227
2014-05-14,all_tradable,0,0,0.0,0.0,0.0,0.0,47.47820645729227
2014-05-15,all_tradable,0,0,0.0,0.0,0.0,0.0,47.47820645729227
2014-05-16,all_tradable,0,0,0.0,0.0,0.0,0.0,47.47820645729227
2014-05-19,all_tradable,0,0,0.0,0.0,0.0,0.0,47.47820645729227
2014-05-20,all_tradable,0,0,0.0,0.0,0.0,0.0,47.47820645729227
2014-05-21,all_tradable,0,0,0.0,0.0,0.0,0.0,47.47820645729227
2014-05-22,all_tradable,0,0,0.0,0.0,0.0,0.0,47.47820645729227
2014-05-23,all_tradable,0,0,0.0,0.0,0.0,0.0,47.47820645729227
2014-05-26,all_tradable,0,0,0.0,0.0,0.0,0.0,47.47820645729227
2014-05-27,all_tradable,0,0,0.0,0.0,0.0,0.0,47.47820645729227
2014-05-28,all_tradable,0,0,0.0,0.0,0.0,0.0,47.47820645729227
2014-05-29,all_tradable,0,0,0.0,0.0,0.0,0.0,47.47820645729227
2014-05-30,all_tradable,0,0,0.0,0.0,0.0,0.0,47.47820645729227
2014-06-02,all_tradable,0,0,0.0,0.0,0.0,0.0,47.47820645729227
2014-06-03,all_tradable,0,0,0.0,0.0,0.0,0.0,47.47820645729227
2014-06-04,all_tradable,0,0,0.0,0.0,0.0,0.0,47.47820645729227
2014-06-05,all_tradable,0,0,0.0,0.0,0.0,0.0,47.47820645729227
2014-06-06,all_tradable,0,0,0.0,0.0,0.0,0.0,47.47820645729227
2014-06-09,all_tradable,0,0,0.0,0.0,0.0,0.0,47.47820645729227
2014-06-10,all_tradable,0,0,0.0,0.0,0.0,0.0,47.47820645729227
2014-06-11,all_tradable,0,0,0.0,0.0,0.0,0.0,47.47820645729227
2014-06-12,all_tradable,0,0,0.0,0.0,0.0,0.0,47.47820645729227
2014-06-13,all_tradable,0,0,0.0,0.0,0.0,0.0,47.47820645729227
2014-06-16,all_tradable,0,0,0.0,0.0,0.0,0.0,47.47820645729227
2014-06-17,all_tradable,0,0,0.0,0.0,0.0,0.0,47.47820645729227
2014-06-18,all_tradable,0,0,0.0,0.0,0.0,0.0,47.47820645729227
2014-06-19,all_tradable,0,0,0.0,0.0,0.0,0.0,47.47820645729227
2014-06-20,all_tradable,0,0,0.0,0.0,0.0,0.0,47.47820645729227
2014-06-23,all_tradable,0,0,0.0,0.0,0.0,0.0,47.47820645729227
2014-06-24,all_tradable,0,0,0.0,0.0,0.0,0.0,47.47820645729227
2014-06-25,all_tradable,0,0,0.0,0.0,0.0,0.0,47.47820645729227
2014-06-26,all_tradable,0,0,0.0,0.0,0.0,0.0,47.47820645729227
2014-06-27,all_tradable,0,0,0.0,0.0,0.0,0.0,47.47820645729227
2014-06-30,all_tradable,0,0,0.0,0.0,0.0,0.0,47.47820645729227
2014-07-01,all_tradable,0,0,0.0,0.0,0.0,0.0,47.47820645729227
2014-07-02,all_tradable,0,0,0.0,0.0,0.0,0.0,47.47820645729227
2014-07-03,all_tradable,0,0,0.0,0.0,0.0,0.0,47.47820645729227
2014-07-04,all_tradable,0,0,0.0,0.0,0.0,0.0,47.47820645729227
2014-07-07,all_tradable,0,0,0.0,0.0,0.0,0.0,47.47820645729227
2014-07-08,all_tradable,0,0,0.0,0.0,0.0,0.0,47.47820645729227
2014-07-09,all_tradable,0,0,0.0,0.0,0.0,0.0,47.47820645729227
2014-07-10,all_tradable,0,0,0.0,0.0,0.0,0.0,47.47820645729227
2014-07-11,all_tradable,0,0,0.0,0.0,0.0,0.0,47.47820645729227
2014-07-14,all_tradable,0,0,0.0,0.0,0.0,0.0,47.47820645729227
2014-07-15,all_tradable,0,0,0.0,0.0,0.0,0.0,47.47820645729227
2014-07-16,all_tradable,0,0,0.0,0.0,0.0,0.0,47.47820645729227
2014-07-17,all_tradable,0,0,0.0,0.0,0.0,0.0,47.47820645729227
2014-07-18,all_tradable,0,0,0.0,0.0,0.0,0.0,47.47820645729227
2014-07-21,all_tradable,0,0,0.0,0.0,0.0,0.0,47.47820645729227
2014-07-22,all_tradable,0,0,0.0,0.0,0.0,0.0,47.47820645729227
2014-07-23,all_tradable,0,0,0.0,0.0,0.0,0.0,47.47820645729227
2014-07-24,all_tradable,0,0,0.0,0.0,0.0,0.0,47.47820645729227
2014-07-25,all_tradable,0,0,0.0,0.0,0.0,0.0,47.47820645729227
2014-07-28,all_tradable,0,0,0.0,0.0,0.0,0.0,47.47820645729227
2014-07-29,all_tradable,0,0,0.0,0.0,0.0,0.0,47.47820645729227
2014-07-30,all_tradable,0,0,0.0,0.0,0.0,0.0,47.47820645729227
2014-07-31,all_tradable,0,0,0.0,0.0,0.0,0.0,47.47820645729227
2014-08-01,all_tradable,0,0,0.0,0.0,0.0,0.0,47.47820645729227
2014-08-04,all_tradable,0,0,0.0,0.0,0.0,0.0,47.47820645729227
2014-08-05,all_tradable,0,0,0.0,0.0,0.0,0.0,47.47820645729227
2014-08-06,all_tradable,0,0,0.0,0.0,0.0,0.0,47.47820645729227
2014-08-07,all_tradable,0,0,0.0,0.0,0.0,0.0,47.47820645729227
2014-08-08,all_tradable,0,0,0.0,0.0,0.0,0.0,47.47820645729227
2014-08-11,all_tradable,1,1,191908.332,0.0,0.0,0.0,47.47820645729227
2014-08-12,all_tradable,1,1,191908.332,0.0015631364562117,0.0015631364562117,0.15631364562117,47.63452010291345
2014-08-13,all_tradable,1,1,191908.332,-0.0001614052953155,-0.0001614052953155,-0.01614052953155,47.618379573381894
2014-08-14,all_tradable,1,1,191908.332,0.0006181262729123,0.0006181262729123,0.06181262729122999,47.680192200673126
2014-08-15,all_tradable,1,1,191908.332,0.000636965376782,0.000636965376782,0.0636965376782,47.74388873835132
2014-08-18,all_tradable,1,1,191908.332,0.0113146639511202,0.0113146639511202,1.13146639511202,48.875355133463344
2014-08-19,all_tradable,1,1,191908.332,-0.0006726069246436,-0.0006726069246436,-0.06726069246436,48.808094440998985
2014-08-20,all_tradable,1,1,191908.332,-0.003911914460285,-0.003911914460285,-0.3911914460285,48.416902994970485
2014-08-21,all_tradable,1,1,191908.332,0.0024220977596741,0.0024220977596741,0.24220977596741,48.659112770937895
2014-08-22,all_tradable,1,1,191908.332,0.0035285132382891,0.0035285132382891,0.35285132382891,49.01196409476681
2014-08-25,all_tradable,1,1,191908.332,0.0022922606924644,0.0022922606924644,0.22922606924644,49.24119016401325
2014-08-26,all_tradable,1,1,191908.332,0.0003834012219957,0.0003834012219957,0.03834012219957,49.27953028621282
2014-08-27,all_tradable,1,1,191908.332,0.002709266802444,0.002709266802444,0.2709266802444,49.55045696645722
2014-08-28,all_tradable,1,1,191908.332,-0.0026945010183298,-0.0026945010183298,-0.26945010183298,49.28100686462424
2014-08-29,all_tradable,1,1,191908.332,-0.0026171079429735,-0.0026171079429735,-0.26171079429735,49.01929607032689
2014-09-01,all_tradable,0,0,0.0,0.0,0.0,0.0,49.01929607032689
2014-09-02,all_tradable,1,1,191908.332,0.002943482688391,0.002943482688391,0.2943482688391,49.31364433916599
2014-09-03,all_tradable,1,1,191908.332,0.0005305498981668,0.0005305498981668,0.05305498981668,49.36669932898267
2014-09-04,all_tradable,1,1,191908.332,0.0030738289205702,0.0030738289205702,0.30738289205702,49.67408222103969
2014-09-05,all_tradable,0,0,0.0,0.0,0.0,0.0,49.67408222103969
2014-09-08,all_tradable,0,0,0.0,0.0,0.0,0.0,49.67408222103969
2014-09-09,all_tradable,0,0,0.0,0.0,0.0,0.0,49.67408222103969
2014-09-10,all_tradable,0,0,0.0,0.0,0.0,0.0,49.67408222103969
2014-09-11,all_tradable,0,0,0.0,0.0,0.0,0.0,49.67408222103969
2014-09-12,all_tradable,0,0,0.0,0.0,0.0,0.0,49.67408222103969
2014-09-15,all_tradable,0,0,0.0,0.0,0.0,0.0,49.67408222103969
2014-09-16,all_tradable,0,0,0.0,0.0,0.0,0.0,49.67408222103969
2014-09-17,all_tradable,0,0,0.0,0.0,0.0,0.0,49.67408222103969
2014-09-18,all_tradable,0,0,0.0,0.0,0.0,0.0,49.67408222103969
2014-09-19,all_tradable,0,0,0.0,0.0,0.0,0.0,49.67408222103969
2014-09-22,all_tradable,0,0,0.0,0.0,0.0,0.0,49.67408222103969
2014-09-23,all_tradable,0,0,0.0,0.0,0.0,0.0,49.67408222103969
2014-09-24,all_tradable,0,0,0.0,0.0,0.0,0.0,49.67408222103969
2014-09-25,all_tradable,0,0,0.0,0.0,0.0,0.0,49.67408222103969
2014-09-26,all_tradable,0,0,0.0,0.0,0.0,0.0,49.67408222103969
2014-09-29,all_tradable,0,0,0.0,0.0,0.0,0.0,49.67408222103969
2014-09-30,all_tradable,0,0,0.0,0.0,0.0,0.0,49.67408222103969
2014-10-01,all_tradable,0,0,0.0,0.0,0.0,0.0,49.67408222103969
2014-10-02,all_tradable,0,0,0.0,0.0,0.0,0.0,49.67408222103969
2014-10-03,all_tradable,0,0,0.0,0.0,0.0,0.0,49.67408222103969
2014-10-06,all_tradable,0,0,0.0,0.0,0.0,0.0,49.67408222103969
2014-10-07,all_tradable,0,0,0.0,0.0,0.0,0.0,49.67408222103969
2014-10-08,all_tradable,0,0,0.0,0.0,0.0,0.0,49.67408222103969
2014-10-09,all_tradable,0,0,0.0,0.0,0.0,0.0,49.67408222103969
2014-10-10,all_tradable,0,0,0.0,0.0,0.0,0.0,49.67408222103969
2014-10-13,all_tradable,0,0,0.0,0.0,0.0,0.0,49.67408222103969
2014-10-14,all_tradable,0,0,0.0,0.0,0.0,0.0,49.67408222103969
2014-10-15,all_tradable,0,0,0.0,0.0,0.0,0.0,49.67408222103969
2014-10-16,all_tradable,0,0,0.0,0.0,0.0,0.0,49.67408222103969
2014-10-17,all_tradable,0,0,0.0,0.0,0.0,0.0,49.67408222103969
2014-10-20,all_tradable,0,0,0.0,0.0,0.0,0.0,49.67408222103969
2014-10-21,all_tradable,0,0,0.0,0.0,0.0,0.0,49.67408222103969
2014-10-22,all_tradable,0,0,0.0,0.0,0.0,0.0,49.67408222103969
2014-10-23,all_tradable,0,0,0.0,0.0,0.0,0.0,49.67408222103969
2014-10-24,all_tradable,0,0,0.0,0.0,0.0,0.0,49.67408222103969
2014-10-27,all_tradable,0,0,0.0,0.0,0.0,0.0,49.67408222103969
2014-10-28,all_tradable,0,0,0.0,0.0,0.0,0.0,49.67408222103969
2014-10-29,all_tradable,0,0,0.0,0.0,0.0,0.0,49.67408222103969
2014-10-30,all_tradable,0,0,0.0,0.0,0.0,0.0,49.67408222103969
2014-10-31,all_tradable,0,0,0.0,0.0,0.0,0.0,49.67408222103969
2014-11-03,all_tradable,0,0,0.0,0.0,0.0,0.0,49.67408222103969
2014-11-04,all_tradable,0,0,0.0,0.0,0.0,0.0,49.67408222103969
2014-11-05,all_tradable,0,0,0.0,0.0,0.0,0.0,49.67408222103969
2014-11-06,all_tradable,0,0,0.0,0.0,0.0,0.0,49.67408222103969
2014-11-07,all_tradable,0,0,0.0,0.0,0.0,0.0,49.67408222103969
2014-11-10,all_tradable,0,0,0.0,0.0,0.0,0.0,49.67408222103969
2014-11-11,all_tradable,0,0,0.0,0.0,0.0,0.0,49.67408222103969
2014-11-12,all_tradable,0,0,0.0,0.0,0.0,0.0,49.67408222103969
2014-11-13,all_tradable,0,0,0.0,0.0,0.0,0.0,49.67408222103969
2014-11-14,all_tradable,0,0,0.0,0.0,0.0,0.0,49.67408222103969
2014-11-17,all_tradable,0,0,0.0,0.0,0.0,0.0,49.67408222103969
2014-11-18,all_tradable,0,0,0.0,0.0,0.0,0.0,49.67408222103969
2014-11-19,all_tradable,0,0,0.0,0.0,0.0,0.0,49.67408222103969
2014-11-20,all_tradable,0,0,0.0,0.0,0.0,0.0,49.67408222103969
2014-11-21,all_tradable,0,0,0.0,0.0,0.0,0.0,49.67408222103969
2014-11-24,all_tradable,0,0,0.0,0.0,0.0,0.0,49.67408222103969
2014-11-25,all_tradable,0,0,0.0,0.0,0.0,0.0,49.67408222103969
2014-11-26,all_tradable,0,0,0.0,0.0,0.0,0.0,49.67408222103969
2014-11-27,all_tradable,0,0,0.0,0.0,0.0,0.0,49.67408222103969
2014-11-28,all_tradable,0,0,0.0,0.0,0.0,0.0,49.67408222103969
2014-12-01,all_tradable,0,0,0.0,0.0,0.0,0.0,49.67408222103969
2014-12-02,all_tradable,0,0,0.0,0.0,0.0,0.0,49.67408222103969
2014-12-03,all_tradable,0,0,0.0,0.0,0.0,0.0,49.67408222103969
2014-12-04,all_tradable,0,0,0.0,0.0,0.0,0.0,49.67408222103969
2014-12-05,all_tradable,0,0,0.0,0.0,0.0,0.0,49.67408222103969
2014-12-08,all_tradable,0,0,0.0,0.0,0.0,0.0,49.67408222103969
2014-12-09,all_tradable,0,0,0.0,0.0,0.0,0.0,49.67408222103969
2014-12-10,all_tradable,0,0,0.0,0.0,0.0,0.0,49.67408222103969
2014-12-11,all_tradable,0,0,0.0,0.0,0.0,0.0,49.67408222103969
2014-12-12,all_tradable,0,0,0.0,0.0,0.0,0.0,49.67408222103969
2014-12-15,all_tradable,0,0,0.0,0.0,0.0,0.0,49.67408222103969
2014-12-16,all_tradable,0,0,0.0,0.0,0.0,0.0,49.67408222103969
2014-12-17,all_tradable,0,0,0.0,0.0,0.0,0.0,49.67408222103969
2014-12-18,all_tradable,0,0,0.0,0.0,0.0,0.0,49.67408222103969
2014-12-19,all_tradable,0,0,0.0,0.0,0.0,0.0,49.67408222103969
2014-12-22,all_tradable,0,0,0.0,0.0,0.0,0.0,49.67408222103969
2014-12-23,all_tradable,0,0,0.0,0.0,0.0,0.0,49.67408222103969
2014-12-24,all_tradable,0,0,0.0,0.0,0.0,0.0,49.67408222103969
2014-12-25,all_tradable,0,0,0.0,0.0,0.0,0.0,49.67408222103969
2014-12-26,all_tradable,0,0,0.0,0.0,0.0,0.0,49.67408222103969
2014-12-29,all_tradable,0,0,0.0,0.0,0.0,0.0,49.67408222103969
2014-12-30,all_tradable,0,0,0.0,0.0,0.0,0.0,49.67408222103969
2014-12-31,all_tradable,0,0,0.0,0.0,0.0,0.0,49.67408222103969
2015-01-01,all_tradable,0,0,0.0,0.0,0.0,0.0,49.67408222103969
2015-01-02,all_tradable,0,0,0.0,0.0,0.0,0.0,49.67408222103969
2015-01-05,all_tradable,0,0,0.0,0.0,0.0,0.0,49.67408222103969
2015-01-06,all_tradable,0,0,0.0,0.0,0.0,0.0,49.67408222103969
2015-01-07,all_tradable,0,0,0.0,0.0,0.0,0.0,49.67408222103969
2015-01-08,all_tradable,0,0,0.0,0.0,0.0,0.0,49.67408222103969
2015-01-09,all_tradable,0,0,0.0,0.0,0.0,0.0,49.67408222103969
2015-01-12,all_tradable,0,0,0.0,0.0,0.0,0.0,49.67408222103969
2015-01-13,all_tradable,0,0,0.0,0.0,0.0,0.0,49.67408222103969
2015-01-14,all_tradable,0,0,0.0,0.0,0.0,0.0,49.67408222103969
2015-01-15,all_tradable,0,0,0.0,0.0,0.0,0.0,49.67408222103969
2015-01-16,all_tradable,0,0,0.0,0.0,0.0,0.0,49.67408222103969
2015-01-19,all_tradable,0,0,0.0,0.0,0.0,0.0,49.67408222103969
2015-01-20,all_tradable,0,0,0.0,0.0,0.0,0.0,49.67408222103969
2015-01-21,all_tradable,0,0,0.0,0.0,0.0,0.0,49.67408222103969
2015-01-22,all_tradable,0,0,0.0,0.0,0.0,0.0,49.67408222103969
2015-01-23,all_tradable,0,0,0.0,0.0,0.0,0.0,49.67408222103969
2015-01-26,all_tradable,0,0,0.0,0.0,0.0,0.0,49.67408222103969
2015-01-27,all_tradable,0,0,0.0,0.0,0.0,0.0,49.67408222103969
2015-01-28,all_tradable,0,0,0.0,0.0,0.0,0.0,49.67408222103969
2015-01-29,all_tradable,0,0,0.0,0.0,0.0,0.0,49.67408222103969
2015-01-30,all_tradable,0,0,0.0,0.0,0.0,0.0,49.67408222103969
2015-02-02,all_tradable,0,0,0.0,0.0,0.0,0.0,49.67408222103969
2015-02-03,all_tradable,0,0,0.0,0.0,0.0,0.0,49.67408222103969
2015-02-04,all_tradable,0,0,0.0,0.0,0.0,0.0,49.67408222103969
2015-02-05,all_tradable,0,0,0.0,0.0,0.0,0.0,49.67408222103969
2015-02-06,all_tradable,0,0,0.0,0.0,0.0,0.0,49.67408222103969
2015-02-09,all_tradable,0,0,0.0,0.0,0.0,0.0,49.67408222103969
2015-02-10,all_tradable,0,0,0.0,0.0,0.0,0.0,49.67408222103969
2015-02-11,all_tradable,0,0,0.0,0.0,0.0,0.0,49.67408222103969
2015-02-12,all_tradable,0,0,0.0,0.0,0.0,0.0,49.67408222103969
2015-02-13,all_tradable,0,0,0.0,0.0,0.0,0.0,49.67408222103969
2015-02-16,all_tradable,0,0,0.0,0.0,0.0,0.0,49.67408222103969
2015-02-17,all_tradable,0,0,0.0,0.0,0.0,0.0,49.67408222103969
2015-02-18,all_tradable,0,0,0.0,0.0,0.0,0.0,49.67408222103969
2015-02-19,all_tradable,0,0,0.0,0.0,0.0,0.0,49.67408222103969
2015-02-20,all_tradable,0,0,0.0,0.0,0.0,0.0,49.67408222103969
2015-02-23,all_tradable,0,0,0.0,0.0,0.0,0.0,49.67408222103969
2015-02-24,all_tradable,0,0,0.0,0.0,0.0,0.0,49.67408222103969
2015-02-25,all_tradable,0,0,0.0,0.0,0.0,0.0,49.67408222103969
2015-02-26,all_tradable,0,0,0.0,0.0,0.0,0.0,49.67408222103969
2015-02-27,all_tradable,0,0,0.0,0.0,0.0,0.0,49.67408222103969
2015-03-02,all_tradable,0,0,0.0,0.0,0.0,0.0,49.67408222103969
2015-03-03,all_tradable,0,0,0.0,0.0,0.0,0.0,49.67408222103969
2015-03-04,all_tradable,0,0,0.0,0.0,0.0,0.0,49.67408222103969
2015-03-05,all_tradable,0,0,0.0,0.0,0.0,0.0,49.67408222103969
2015-03-06,all_tradable,0,0,0.0,0.0,0.0,0.0,49.67408222103969
2015-03-09,all_tradable,0,0,0.0,0.0,0.0,0.0,49.67408222103969
2015-03-10,all_tradable,0,0,0.0,0.0,0.0,0.0,49.67408222103969
2015-03-11,all_tradable,0,0,0.0,0.0,0.0,0.0,49.67408222103969
2015-03-12,all_tradable,0,0,0.0,0.0,0.0,0.0,49.67408222103969
2015-03-13,all_tradable,0,0,0.0,0.0,0.0,0.0,49.67408222103969
2015-03-16,all_tradable,0,0,0.0,0.0,0.0,0.0,49.67408222103969
2015-03-17,all_tradable,0,0,0.0,0.0,0.0,0.0,49.67408222103969
2015-03-18,all_tradable,0,0,0.0,0.0,0.0,0.0,49.67408222103969
2015-03-19,all_tradable,0,0,0.0,0.0,0.0,0.0,49.67408222103969
2015-03-20,all_tradable,0,0,0.0,0.0,0.0,0.0,49.67408222103969
2015-03-23,all_tradable,0,0,0.0,0.0,0.0,0.0,49.67408222103969
2015-03-24,all_tradable,0,0,0.0,0.0,0.0,0.0,49.67408222103969
2015-03-25,all_tradable,0,0,0.0,0.0,0.0,0.0,49.67408222103969
2015-03-26,all_tradable,0,0,0.0,0.0,0.0,0.0,49.67408222103969
2015-03-27,all_tradable,0,0,0.0,0.0,0.0,0.0,49.67408222103969
2015-03-30,all_tradable,0,0,0.0,0.0,0.0,0.0,49.67408222103969
2015-03-31,all_tradable,0,0,0.0,0.0,0.0,0.0,49.67408222103969
2015-04-01,all_tradable,0,0,0.0,0.0,0.0,0.0,49.67408222103969
2015-04-02,all_tradable,0,0,0.0,0.0,0.0,0.0,49.67408222103969
2015-04-03,all_tradable,0,0,0.0,0.0,0.0,0.0,49.67408222103969
2015-04-06,all_tradable,0,0,0.0,0.0,0.0,0.0,49.67408222103969
2015-04-07,all_tradable,0,0,0.0,0.0,0.0,0.0,49.67408222103969
2015-04-08,all_tradable,0,0,0.0,0.0,0.0,0.0,49.67408222103969
2015-04-09,all_tradable,0,0,0.0,0.0,0.0,0.0,49.67408222103969
2015-04-10,all_tradable,0,0,0.0,0.0,0.0,0.0,49.67408222103969
2015-04-13,all_tradable,0,0,0.0,0.0,0.0,0.0,49.67408222103969
2015-04-14,all_tradable,0,0,0.0,0.0,0.0,0.0,49.67408222103969
2015-04-15,all_tradable,0,0,0.0,0.0,0.0,0.0,49.67408222103969
2015-04-16,all_tradable,0,0,0.0,0.0,0.0,0.0,49.67408222103969
2015-04-17,all_tradable,0,0,0.0,0.0,0.0,0.0,49.67408222103969
2015-04-20,all_tradable,0,0,0.0,0.0,0.0,0.0,49.67408222103969
2015-04-21,all_tradable,0,0,0.0,0.0,0.0,0.0,49.67408222103969
2015-04-22,all_tradable,0,0,0.0,0.0,0.0,0.0,49.67408222103969
2015-04-23,all_tradable,0,0,0.0,0.0,0.0,0.0,49.67408222103969
2015-04-24,all_tradable,0,0,0.0,0.0,0.0,0.0,49.67408222103969
2015-04-27,all_tradable,0,0,0.0,0.0,0.0,0.0,49.67408222103969
2015-04-28,all_tradable,0,0,0.0,0.0,0.0,0.0,49.67408222103969
2015-04-29,all_tradable,0,0,0.0,0.0,0.0,0.0,49.67408222103969
2015-04-30,all_tradable,0,0,0.0,0.0,0.0,0.0,49.67408222103969
2015-05-01,all_tradable,0,0,0.0,0.0,0.0,0.0,49.67408222103969
2015-05-04,all_tradable,0,0,0.0,0.0,0.0,0.0,49.67408222103969
2015-05-05,all_tradable,0,0,0.0,0.0,0.0,0.0,49.67408222103969
2015-05-06,all_tradable,0,0,0.0,0.0,0.0,0.0,49.67408222103969
2015-05-07,all_tradable,0,0,0.0,0.0,0.0,0.0,49.67408222103969
2015-05-08,all_tradable,0,0,0.0,0.0,0.0,0.0,49.67408222103969
2015-05-11,all_tradable,0,0,0.0,0.0,0.0,0.0,49.67408222103969
2015-05-12,all_tradable,0,0,0.0,0.0,0.0,0.0,49.67408222103969
2015-05-13,all_tradable,0,0,0.0,0.0,0.0,0.0,49.67408222103969
2015-05-14,all_tradable,0,0,0.0,0.0,0.0,0.0,49.67408222103969
2015-05-15,all_tradable,0,0,0.0,0.0,0.0,0.0,49.67408222103969
2015-05-18,all_tradable,0,0,0.0,0.0,0.0,0.0,49.67408222103969
2015-05-19,all_tradable,0,0,0.0,0.0,0.0,0.0,49.67408222103969
2015-05-20,all_tradable,0,0,0.0,0.0,0.0,0.0,49.67408222103969
2015-05-21,all_tradable,0,0,0.0,0.0,0.0,0.0,49.67408222103969
2015-05-22,all_tradable,0,0,0.0,0.0,0.0,0.0,49.67408222103969
2015-05-25,all_tradable,0,0,0.0,0.0,0.0,0.0,49.67408222103969
2015-05-26,all_tradable,0,0,0.0,0.0,0.0,0.0,49.67408222103969
2015-05-27,all_tradable,0,0,0.0,0.0,0.0,0.0,49.67408222103969
2015-05-28,all_tradable,0,0,0.0,0.0,0.0,0.0,49.67408222103969
2015-05-29,all_tradable,0,0,0.0,0.0,0.0,0.0,49.67408222103969
2015-06-01,all_tradable,0,0,0.0,0.0,0.0,0.0,49.67408222103969
2015-06-02,all_tradable,0,0,0.0,0.0,0.0,0.0,49.67408222103969
2015-06-03,all_tradable,0,0,0.0,0.0,0.0,0.0,49.67408222103969
2015-06-04,all_tradable,0,0,0.0,0.0,0.0,0.0,49.67408222103969
2015-06-05,all_tradable,0,0,0.0,0.0,0.0,0.0,49.67408222103969
2015-06-08,all_tradable,0,0,0.0,0.0,0.0,0.0,49.67408222103969
2015-06-09,all_tradable,0,0,0.0,0.0,0.0,0.0,49.67408222103969
2015-06-10,all_tradable,0,0,0.0,0.0,0.0,0.0,49.67408222103969
2015-06-11,all_tradable,0,0,0.0,0.0,0.0,0.0,49.67408222103969
2015-06-12,all_tradable,0,0,0.0,0.0,0.0,0.0,49.67408222103969
2015-06-15,all_tradable,0,0,0.0,0.0,0.0,0.0,49.67408222103969
2015-06-16,all_tradable,0,0,0.0,0.0,0.0,0.0,49.67408222103969
2015-06-17,all_tradable,0,0,0.0,0.0,0.0,0.0,49.67408222103969
2015-06-18,all_tradable,0,0,0.0,0.0,0.0,0.0,49.67408222103969
2015-06-19,all_tradable,0,0,0.0,0.0,0.0,0.0,49.67408222103969
2015-06-22,all_tradable,0,0,0.0,0.0,0.0,0.0,49.67408222103969
2015-06-23,all_tradable,0,0,0.0,0.0,0.0,0.0,49.67408222103969
2015-06-24,all_tradable,0,0,0.0,0.0,0.0,0.0,49.67408222103969
2015-06-25,all_tradable,0,0,0.0,0.0,0.0,0.0,49.67408222103969
2015-06-26,all_tradable,0,0,0.0,0.0,0.0,0.0,49.67408222103969
2015-06-29,all_tradable,0,0,0.0,0.0,0.0,0.0,49.67408222103969
2015-06-30,all_tradable,0,0,0.0,0.0,0.0,0.0,49.67408222103969
2015-07-01,all_tradable,0,0,0.0,0.0,0.0,0.0,49.67408222103969
2015-07-02,all_tradable,0,0,0.0,0.0,0.0,0.0,49.67408222103969
2015-07-03,all_tradable,0,0,0.0,0.0,0.0,0.0,49.67408222103969
2015-07-06,all_tradable,0,0,0.0,0.0,0.0,0.0,49.67408222103969
2015-07-07,all_tradable,0,0,0.0,0.0,0.0,0.0,49.67408222103969
2015-07-08,all_tradable,0,0,0.0,0.0,0.0,0.0,49.67408222103969
2015-07-09,all_tradable,0,0,0.0,0.0,0.0,0.0,49.67408222103969
2015-07-10,all_tradable,0,0,0.0,0.0,0.0,0.0,49.67408222103969
2015-07-13,all_tradable,0,0,0.0,0.0,0.0,0.0,49.67408222103969
2015-07-14,all_tradable,0,0,0.0,0.0,0.0,0.0,49.67408222103969
2015-07-15,all_tradable,0,0,0.0,0.0,0.0,0.0,49.67408222103969
2015-07-16,all_tradable,0,0,0.0,0.0,0.0,0.0,49.67408222103969
2015-07-17,all_tradable,0,0,0.0,0.0,0.0,0.0,49.67408222103969
2015-07-20,all_tradable,0,0,0.0,0.0,0.0,0.0,49.67408222103969
2015-07-21,all_tradable,0,0,0.0,0.0,0.0,0.0,49.67408222103969
2015-07-22,all_tradable,0,0,0.0,0.0,0.0,0.0,49.67408222103969
2015-07-23,all_tradable,0,0,0.0,0.0,0.0,0.0,49.67408222103969
2015-07-24,all_tradable,0,0,0.0,0.0,0.0,0.0,49.67408222103969
2015-07-27,all_tradable,0,0,0.0,0.0,0.0,0.0,49.67408222103969
2015-07-28,all_tradable,0,0,0.0,0.0,0.0,0.0,49.67408222103969
2015-07-29,all_tradable,0,0,0.0,0.0,0.0,0.0,49.67408222103969
2015-07-30,all_tradable,0,0,0.0,0.0,0.0,0.0,49.67408222103969
2015-07-31,all_tradable,0,0,0.0,0.0,0.0,0.0,49.67408222103969
2015-08-03,all_tradable,0,0,0.0,0.0,0.0,0.0,49.67408222103969
2015-08-04,all_tradable,0,0,0.0,0.0,0.0,0.0,49.67408222103969
2015-08-05,all_tradable,0,0,0.0,0.0,0.0,0.0,49.67408222103969
2015-08-06,all_tradable,0,0,0.0,0.0,0.0,0.0,49.67408222103969
2015-08-07,all_tradable,0,0,0.0,0.0,0.0,0.0,49.67408222103969
2015-08-10,all_tradable,0,0,0.0,0.0,0.0,0.0,49.67408222103969
2015-08-11,all_tradable,0,0,0.0,0.0,0.0,0.0,49.67408222103969
2015-08-12,all_tradable,0,0,0.0,0.0,0.0,0.0,49.67408222103969
2015-08-13,all_tradable,0,0,0.0,0.0,0.0,0.0,49.67408222103969
2015-08-14,all_tradable,0,0,0.0,0.0,0.0,0.0,49.67408222103969
2015-08-17,all_tradable,0,0,0.0,0.0,0.0,0.0,49.67408222103969
2015-08-18,all_tradable,0,0,0.0,0.0,0.0,0.0,49.67408222103969
2015-08-19,all_tradable,0,0,0.0,0.0,0.0,0.0,49.67408222103969
2015-08-20,all_tradable,0,0,0.0,0.0,0.0,0.0,49.67408222103969
2015-08-21,all_tradable,0,0,0.0,0.0,0.0,0.0,49.67408222103969
2015-08-24,all_tradable,1,1,11786776.3502,0.0,0.0,0.0,49.67408222103969
2015-08-25,all_tradable,1,1,11786776.3502,-0.0111331058020478,-0.0111331058020478,-1.11331058020478,48.56077164083491
2015-08-26,all_tradable,1,1,11786776.3502,0.0174470989761092,0.0174470989761092,1.74470989761092,50.30548153844583
2015-08-27,all_tradable,1,1,11786776.3502,0.0076723549488054,0.0076723549488054,0.76723549488054,51.07271703332636
2015-08-28,all_tradable,1,1,11786776.3502,-0.0007303754266211,-0.0007303754266211,-0.07303754266211,50.99967949066425
2015-08-31,all_tradable,1,1,11786776.3502,0.001778156996587,0.001778156996587,0.17781569965869998,51.17749519032295
2015-09-01,all_tradable,1,1,11786776.3502,-0.0200580204778156,-0.0200580204778156,-2.0058020477815597,49.17169314254139
2015-09-02,all_tradable,1,1,11786776.3502,0.0069624573378838,0.0069624573378838,0.69624573378838,49.867938876329774
2015-09-03,all_tradable,1,1,11786776.3502,0.0065870307167236,0.0065870307167236,0.6587030716723601,50.52664194800214
2015-09-04,all_tradable,1,1,11786776.3502,-0.0065119453924915,-0.0065119453924915,-0.65119453924915,49.87544740875299
2015-09-07,all_tradable,0,0,0.0,0.0,0.0,0.0,49.87544740875299
2015-09-08,all_tradable,1,1,11786776.3502,0.0097542662116042,0.0097542662116042,0.97542662116042,50.850874029913406
2015-09-09,all_tradable,1,1,11786776.3502,-0.0050784982935155,-0.0050784982935155,-0.50784982935155,50.34302420056186
2015-09-10,all_tradable,1,1,11786776.3502,0.0054539249146759,0.0054539249146759,0.54539249146759,50.888416692029445
2015-09-11,all_tradable,1,1,11786776.3502,-0.0033174061433447,-0.0033174061433447,-0.33174061433447,50.55667607769497
2015-09-14,all_tradable,1,1,11786776.3502,0.0008054607508531,0.0008054607508531,0.08054607508531,50.63722215278028
2015-09-15,all_tradable,1,1,11786776.3502,0.006334470989761,0.006334470989761,0.6334470989761,51.27066925175639
2015-09-16,all_tradable,1,1,11786776.3502,0.0017064846416383,0.0017064846416383,0.17064846416383,51.441317715920206
2015-09-17,all_tradable,1,1,11786776.3502,0.0069078498293515,0.0069078498293515,0.69078498293515,52.13210269885536
2015-09-18,all_tradable,1,1,11786776.3502,0.006457337883959,0.006457337883959,0.6457337883959,52.777836487251264
2015-09-21,all_tradable,1,1,11786776.3502,-0.0033037542662116,-0.0033037542662116,-0.33037542662116,52.447461060630104
2015-09-22,all_tradable,1,1,11786776.3502,0.003679180887372,0.003679180887372,0.3679180887372,52.8153791493673
2015-09-23,all_tradable,1,1,11786776.3502,0.0001501706484641,0.0001501706484641,0.01501706484641,52.830396214213714
2015-09-24,all_tradable,1,1,11786776.3502,0.0013515358361774,0.0013515358361774,0.13515358361774,52.96554979783146
2015-09-25,all_tradable,1,1,11786776.3502,-0.0047303754266211,-0.0047303754266211,-0.47303754266210996,52.492512255169345
2015-09-28,all_tradable,1,1,11786776.3502,0.0062320819112627,0.0062320819112627,0.62320819112627,53.11572044629561
2015-09-29,all_tradable,1,1,11786776.3502,-0.0024027303754266,-0.0024027303754266,-0.24027303754266,52.875447408752954
2015-09-30,all_tradable,1,1,11786776.3502,-0.0032286689419795,-0.0032286689419795,-0.32286689419795,52.552580514555004
2015-10-01,all_tradable,1,1,11786776.3502,-0.0002252559726962,-0.0002252559726962,-0.02252559726962,52.53005491728538
2015-10-02,all_tradable,1,1,11786776.3502,-0.0009010238907849,-0.0009010238907849,-0.09010238907849,52.43995252820689
2015-10-05,all_tradable,1,1,11786776.3502,-0.0061569965870307,-0.0061569965870307,-0.61569965870307,51.824252869503816
2015-10-06,all_tradable,1,1,11786776.3502,0.0011262798634812,0.0011262798634812,0.11262798634811999,51.93688085585194
2015-10-07,all_tradable,1,1,11786776.3502,-0.0029283276450511,-0.0029283276450511,-0.29283276450511,51.644048091346825
2015-10-08,all_tradable,1,1,11786776.3502,-0.0007508532423207,-0.0007508532423207,-0.07508532423207,51.568962767114755
2015-10-09,all_tradable,1,1,11786776.3502,0.002778156996587,0.002778156996587,0.2778156996587,51.84677846677346
2015-10-12,all_tradable,1,1,11786776.3502,-0.0012764505119454,-0.0012764505119454,-0.12764505119454,51.71913341557892
2015-10-13,all_tradable,1,1,11786776.3502,0.003679180887372,0.003679180887372,0.3679180887372,52.087051504316115
2015-10-14,all_tradable,1,1,11786776.3502,0.0035290102389078,0.0035290102389078,0.35290102389078004,52.4399525282069
2015-10-15,all_tradable,1,1,11786776.3502,-0.008334470989761,-0.008334470989761,-0.8334470989761,51.6065054292308
2015-10-16,all_tradable,1,1,11786776.3502,0.002778156996587,0.002778156996587,0.2778156996587,51.884321128889496
2015-10-19,all_tradable,1,1,11786776.3502,0.0018020477815699,0.0018020477815699,0.18020477815699,52.06452590704649
2015-10-20,all_tradable,1,1,11786776.3502,-0.003754266211604,-0.003754266211604,-0.3754266211604,51.68909928588609
2015-10-21,all_tradable,1,1,11786776.3502,0.0035290102389078,0.0035290102389078,0.35290102389078004,52.04200030977687
2015-10-22,all_tradable,1,1,11786776.3502,-0.0048054607508532,-0.0048054607508532,-0.48054607508532,51.56145423469155
2015-10-23,all_tradable,1,1,11786776.3502,-0.005556313993174,-0.005556313993174,-0.5556313993174,51.00582283537415
2015-10-26,all_tradable,1,1,11786776.3502,0.002778156996587,0.002778156996587,0.2778156996587,51.28363853503285
2015-10-27,all_tradable,1,1,11786776.3502,0.0028532423208191,0.0028532423208191,0.28532423208191005,51.568962767114755
2015-10-28,all_tradable,1,1,11786776.3502,-0.0083344709897611,-0.0083344709897611,-0.8334470989761099,50.73551566813864
2015-10-29,all_tradable,1,1,11786776.3502,0.0019522184300341,0.0019522184300341,0.19522184300341,50.930737511142055
2015-10-30,all_tradable,1,1,11786776.3502,0.0045802047781569,0.0045802047781569,0.45802047781569,51.38875798895774
2015-11-02,all_tradable,1,1,11786776.3502,-0.0048805460750853,-0.0048805460750853,-0.48805460750853,50.90070338144922
2015-11-03,all_tradable,1,1,11786776.3502,0.0001501706484641,0.0001501706484641,0.01501706484641,50.91572044629563
2015-11-04,all_tradable,1,1,11786776.3502,-0.0003003412969283,-0.0003003412969283,-0.03003412969283,50.88568631660279
2015-11-05,all_tradable,1,1,11786776.3502,-0.0024778156996586,-0.0024778156996586,-0.24778156996586,50.63790474663694
2015-11-06,all_tradable,1,1,11786776.3502,-0.0066825938566552,-0.0066825938566552,-0.66825938566552,49.96964536097142
2015-11-09,all_tradable,1,1,11786776.3502,0.0029283276450511,0.0029283276450511,0.29283276450511,50.26247812547653
2015-11-10,all_tradable,1,1,11786776.3502,0.0024027303754266,0.0024027303754266,0.24027303754266,50.50275116301919
2015-11-11,all_tradable,1,1,11786776.3502,0.0001501706484641,0.0001501706484641,0.01501706484641,50.5177682278656
2015-11-12,all_tradable,1,1,11786776.3502,0.0039044368600682,0.0039044368600682,0.39044368600682,50.90821191387243
2015-11-13,all_tradable,1,1,11786776.3502,0.0033037542662115,0.0033037542662115,0.33037542662115,51.23858734049358
2015-11-16,all_tradable,1,1,11786776.3502,-0.0042798634812286,-0.0042798634812286,-0.42798634812285996,50.81060099237072
2015-11-17,all_tradable,1,1,11786776.3502,0.000901023890785,0.000901023890785,0.0901023890785,50.90070338144922
2015-11-18,all_tradable,1,1,11786776.3502,-0.0041296928327645,-0.0041296928327645,-0.41296928327644994,50.487734098172766
2015-11-19,all_tradable,1,1,11786776.3502,-0.0014266211604095,-0.0014266211604095,-0.14266211604095,50.34507198213182
2015-11-20,all_tradable,1,1,11786776.3502,-0.0008259385665528,-0.0008259385665528,-0.08259385665528,50.26247812547654
2015-11-23,all_tradable,1,1,11786776.3502,-0.000901023890785,-0.000901023890785,-0.0901023890785,50.172375736398045
2015-11-24,all_tradable,1,1,11786776.3502,0.0021023890784983,0.0021023890784983,0.21023890784983,50.382614644247866
2015-11-25,all_tradable,1,1,11786776.3502,7.508532423212032e-05,7.508532423212032e-05,0.007508532423212032,50.39012317667109
2015-11-26,all_tradable,0,0,0.0,0.0,0.0,0.0,50.39012317667109
2015-11-27,all_tradable,1,1,11786776.3502,-0.0013515358361774,-0.0013515358361774,-0.13515358361774,50.254969593053346
2015-11-30,all_tradable,1,1,11786776.3502,0.0003003412969283,0.0003003412969283,0.03003412969283,50.28500372274618
2015-12-01,all_tradable,1,1,11786776.3502,-0.0026279863481228,-0.0026279863481228,-0.26279863481228,50.022205087933905
2015-12-02,all_tradable,1,1,11786776.3502,0.0036040955631399,0.0036040955631399,0.36040955631399,50.382614644247894
2015-12-03,all_tradable,1,1,11786776.3502,0.0045802047781569,0.0045802047781569,0.45802047781569,50.84063512206358
2015-12-04,all_tradable,1,1,11786776.3502,-0.0080341296928327,-0.0080341296928327,-0.80341296928327,50.037222152780316
2015-12-07,all_tradable,1,1,11786776.3502,0.001877133105802,0.001877133105802,0.1877133105802,50.22493546336051
2015-12-08,all_tradable,1,1,11786776.3502,0.0060068259385665,0.0060068259385665,0.60068259385665,50.825618057217156
2015-12-09,all_tradable,1,1,11786776.3502,0.0049556313993173,0.0049556313993173,0.49556313993173,51.32118119714889
2015-12-10,all_tradable,1,1,11786776.3502,-0.0024027303754266,-0.0024027303754266,-0.24027303754266,51.08090815960623
2015-12-11,all_tradable,1,1,11786776.3502,0.0056313993174061,0.0056313993174061,0.5631399317406101,51.64404809134684
2015-12-14,all_tradable,1,1,11786776.3502,-0.0007508532423207,-0.0007508532423207,-0.07508532423207,51.56896276711477
2015-12-15,all_tradable,1,1,11786776.3502,-0.0057815699658703,-0.0057815699658703,-0.57815699658703,50.990805770527736
2015-12-16,all_tradable,1,1,11786776.3502,-0.0048805460750853,-0.0048805460750853,-0.48805460750853,50.50275116301921
2015-12-17,all_tradable,1,1,11786776.3502,0.003754266211604,0.003754266211604,0.3754266211604,50.87817778417961
2015-12-18,all_tradable,1,1,11786776.3502,0.0045051194539249,0.0045051194539249,0.45051194539249007,51.328689729572105
2015-12-21,all_tradable,1,1,11786776.3502,-0.0003754266211604,-0.0003754266211604,-0.03754266211604,51.291147067456066
2015-12-22,all_tradable,1,1,11786776.3502,-0.0027030716723549,-0.0027030716723549,-0.27030716723549003,51.02083990022057
2015-12-23,all_tradable,1,1,11786776.3502,-0.0045051194539249,-0.0045051194539249,-0.45051194539249007,50.57032795482807
2015-12-24,all_tradable,1,1,11786776.3502,-0.0002252559726962,-0.0002252559726962,-0.02252559726962,50.54780235755846
2015-12-25,all_tradable,0,0,0.0,0.0,0.0,0.0,50.54780235755846
2015-12-28,all_tradable,1,1,11786776.3502,0.0013515358361774,0.0013515358361774,0.13515358361774,50.6829559411762
2015-12-29,all_tradable,1,1,11786776.3502,-0.0033788395904436,-0.0033788395904436,-0.33788395904436,50.34507198213184
2015-12-30,all_tradable,1,1,11786776.3502,0.002778156996587,0.002778156996587,0.2778156996587,50.62288768179054
2015-12-31,all_tradable,1,1,11786776.3502,0.0027030716723549,0.0027030716723549,0.27030716723549003,50.89319484902604
2016-01-01,all_tradable,0,0,0.0,0.0,0.0,0.0,50.89319484902604
2016-01-04,all_tradable,1,1,11786776.3502,0.0087098976109215,0.0087098976109215,0.87098976109215,51.76418461011818
2016-01-05,all_tradable,1,1,11786776.3502,-7.508532423206697e-05,-7.508532423206697e-05,-0.007508532423206696,51.756676077694976
2016-01-06,all_tradable,1,1,11786776.3502,0.0038293515358361,0.0038293515358361,0.38293515358360997,52.13961123127858
2016-01-07,all_tradable,1,1,11786776.3502,0.0077337883959044,0.0077337883959044,0.77337883959044,52.91299007086903
2016-01-08,all_tradable,1,1,11786776.3502,0.0057064846416382,0.0057064846416382,0.5706484641638201,53.48363853503285
2016-01-11,all_tradable,1,1,11786776.3502,-0.0024027303754266,-0.0024027303754266,-0.24027303754266,53.24336549749019
2016-01-12,all_tradable,1,1,11786776.3502,-0.0016518771331057,-0.0016518771331057,-0.16518771331057,53.07817778417962
2016-01-13,all_tradable,1,1,11786776.3502,0.0088600682593856,0.0088600682593856,0.8860068259385601,53.96418461011818
2016-01-14,all_tradable,1,1,11786776.3502,-0.0022525597269624,-0.0022525597269624,-0.22525597269623998,53.73892863742194
2016-01-15,all_tradable,1,1,11786776.3502,0.0066075085324232,0.0066075085324232,0.66075085324232,54.39967949066427
2016-01-18,all_tradable,0,0,0.0,0.0,0.0,0.0,54.39967949066427
2016-01-19,all_tradable,1,1,11786776.3502,0.0016518771331057,0.0016518771331057,0.16518771331057,54.564867203974835
2016-01-20,all_tradable,1,1,11786776.3502,0.0004505119453925,0.0004505119453925,0.04505119453925,54.60991839851408
2016-01-21,all_tradable,1,1,11786776.3502,0.0081092150170648,0.0081092150170648,0.81092150170648,55.420839900220564
2016-01-22,all_tradable,1,1,11786776.3502,-0.0012764505119453,-0.0012764505119453,-0.12764505119452998,55.29319484902604
2016-01-25,all_tradable,1,1,11786776.3502,0.0063071672354948,0.0063071672354948,0.6307167235494799,55.92391157257553
2016-01-26,all_tradable,1,1,11786776.3502,-0.0027030716723549,-0.0027030716723549,-0.27030716723549003,55.653604405340026
2016-01-27,all_tradable,1,1,11786776.3502,-0.0013515358361774,-0.0013515358361774,-0.13515358361774,55.51845082172229
2016-01-28,all_tradable,1,1,11786776.3502,-0.0019522184300341,-0.0019522184300341,-0.19522184300341,55.32322897871887
2016-01-29,all_tradable,1,1,11786776.3502,-0.0056313993174061,-0.0056313993174061,-0.5631399317406101,54.760089046978266
2016-02-01,all_tradable,2,2,222184358.5247,0.0013890784982935,0.0001473799299012,0.014737992990119998,54.774827039968386
2016-02-02,all_tradable,2,2,222184358.5247,0.0009517329519698,-0.0029629498213732,-0.29629498213732,54.47853205783106
2016-02-03,all_tradable,2,2,222184358.5247,-0.0032501391606298,-0.0048130647644543,-0.48130647644543,53.997225581385635
2016-02-04,all_tradable,2,2,222184358.5247,-0.0074249073643512,-0.0115115230212034,-1.15115230212034,52.84607327926529
2016-02-05,all_tradable,2,2,222184358.5247,0.0050883657814002,0.0089656722955931,0.8965672295593099,53.7426405088246
2016-02-08,all_tradable,2,2,222184358.5247,0.0054541247600637,0.0054298965505756,0.54298965505756,54.28563016388216
2016-02-09,all_tradable,2,2,222184358.5247,-0.0005137946934713,0.0008391324710817,0.08391324710817001,54.36954341099033
2016-02-10,all_tradable,2,2,222184358.5247,0.0043094591208947,0.005946766887697,0.5946766887697,54.96422009976003
2016-02-11,all_tradable,2,2,222184358.5247,0.0086438872170115,0.009725900770267,0.9725900770267001,55.936810176786736
2016-02-12,all_tradable,2,2,222184358.5247,-0.0091650362207579,-0.0086322212681526,-0.86322212681526,55.07358804997148
2016-02-15,all_tradable,0,0,0.0,0.0,0.0,0.0,55.07358804997148
2016-02-16,all_tradable,2,2,222184358.5247,-0.0085386135409385,-0.0094594040151882,-0.9459404015188201,54.12764764845266
2016-02-17,all_tradable,2,2,222184358.5247,-0.0057751651649017,-0.0086555500933204,-0.86555500933204,53.26209263912062
2016-02-18,all_tradable,2,2,222184358.5247,0.005405550632535,0.005807733855776,0.5807733855776,53.842866024698225
2016-02-19,all_tradable,2,2,222184358.5247,0.0054049579203601,0.0110418809573419,1.10418809573419,54.94705412043241
2016-02-22,all_tradable,2,2,222184358.5247,-0.008998793128828,-0.0130828110698768,-1.30828110698768,53.63877301344473
2016-02-23,all_tradable,2,2,222184358.5247,0.0058369056914991,0.0052151819330296,0.52151819330296,54.160291206747694
2016-02-24,all_tradable,2,2,222184358.5247,0.0045887023995094,0.0080193593494522,0.80193593494522,54.96222714169291
2016-02-25,all_tradable,1,1,11786776.3502,-0.003679180887372,-0.003679180887372,-0.3679180887372,54.594309052955715
2016-02-26,all_tradable,1,1,11786776.3502,-0.0060819112627985,-0.0060819112627985,-0.60819112627985,53.98611792667587
2016-02-29,all_tradable,1,1,11786776.3502,0.0085597269624573,0.0085597269624573,0.85597269624573,54.8420906229216
2016-03-01,all_tradable,1,1,11786776.3502,-0.0096860068259386,-0.0096860068259386,-0.9686006825938599,53.873489940327744
2016-03-02,all_tradable,1,1,11786776.3502,-0.0027030716723549,-0.0027030716723549,-0.27030716723549003,53.60318277309225
2016-03-03,all_tradable,1,1,11786776.3502,-0.0034539249146757,-0.0034539249146757,-0.34539249146757,53.257790281624686
2016-03-04,all_tradable,1,1,11786776.3502,-0.0016518771331057,-0.0016518771331057,-0.16518771331057,53.09260256831412
2016-03-07,all_tradable,1,1,11786776.3502,0.0010511945392491,0.0010511945392491,0.10511945392491001,53.19772202223903
2016-03-08,all_tradable,1,1,11786776.3502,0.0051808873720136,0.0051808873720136,0.51808873720136,53.71581075944039
2016-03-09,all_tradable,1,1,11786776.3502,0.0015017064846416,0.0015017064846416,0.15017064846416,53.86598140790455
2016-03-10,all_tradable,1,1,11786776.3502,-0.0015017064846416,-0.0015017064846416,-0.15017064846416,53.71581075944039
2016-03-11,all_tradable,1,1,11786776.3502,-0.0059317406143345,-0.0059317406143345,-0.5931740614334501,53.12263669800693
2016-03-14,all_tradable,1,1,11786776.3502,0.0005255972696245,0.0005255972696245,0.052559726962449996,53.175196424969386
2016-03-15,all_tradable,1,1,11786776.3502,0.000976109215017,0.000976109215017,0.0976109215017,53.27280734647108
2016-03-16,all_tradable,1,1,11786776.3502,0.0021774744027303,0.0021774744027303,0.21774744027303,53.49055478674411
2016-03-17,all_tradable,1,1,11786776.3502,-0.0014266211604095,-0.0014266211604095,-0.14266211604095,53.34789267070317
2016-03-18,all_tradable,1,1,11786776.3502,-0.0039044368600682,-0.0039044368600682,-0.39044368600682,52.95744898469634
2016-03-21,all_tradable,1,1,11786776.3502,0.0003003412969283,0.0003003412969283,0.03003412969283,52.98748311438918
2016-03-22,all_tradable,1,1,11786776.3502,0.0017269624573379,0.0017269624573379,0.17269624573379,53.160179360122974
2016-03-23,all_tradable,1,1,11786776.3502,0.0019522184300341,0.0019522184300341,0.19522184300341,53.355401203126384
2016-03-24,all_tradable,1,1,11786776.3502,0.0033788395904437,0.0033788395904437,0.33788395904436996,53.69328516217075
2016-03-25,all_tradable,0,0,0.0,0.0,0.0,0.0,53.69328516217075
2016-03-28,all_tradable,1,1,11786776.3502,0.000976109215017,0.000976109215017,0.0976109215017,53.79089608367246
2016-03-29,all_tradable,1,1,11786776.3502,0.0018020477815699,0.0018020477815699,0.18020477815699,53.97110086182945
2016-03-30,all_tradable,1,1,11786776.3502,-0.0192944368600682,-0.0192944368600682,-1.9294436860068198,52.04165717582263
2016-03-31,all_tradable,0,0,0.0,0.0,0.0,0.0,52.04165717582263
2016-04-01,all_tradable,0,0,0.0,0.0,0.0,0.0,52.04165717582263
2016-04-04,all_tradable,0,0,0.0,0.0,0.0,0.0,52.04165717582263
2016-04-05,all_tradable,0,0,0.0,0.0,0.0,0.0,52.04165717582263
2016-04-06,all_tradable,0,0,0.0,0.0,0.0,0.0,52.04165717582263
2016-04-07,all_tradable,0,0,0.0,0.0,0.0,0.0,52.04165717582263
2016-04-08,all_tradable,0,0,0.0,0.0,0.0,0.0,52.04165717582263
2016-04-11,all_tradable,0,0,0.0,0.0,0.0,0.0,52.04165717582263
2016-04-12,all_tradable,0,0,0.0,0.0,0.0,0.0,52.04165717582263
2016-04-13,all_tradable,0,0,0.0,0.0,0.0,0.0,52.04165717582263
2016-04-14,all_tradable,0,0,0.0,0.0,0.0,0.0,52.04165717582263
2016-04-15,all_tradable,0,0,0.0,0.0,0.0,0.0,52.04165717582263
2016-04-18,all_tradable,0,0,0.0,0.0,0.0,0.0,52.04165717582263
2016-04-19,all_tradable,0,0,0.0,0.0,0.0,0.0,52.04165717582263
2016-04-20,all_tradable,0,0,0.0,0.0,0.0,0.0,52.04165717582263
2016-04-21,all_tradable,0,0,0.0,0.0,0.0,0.0,52.04165717582263
2016-04-22,all_tradable,0,0,0.0,0.0,0.0,0.0,52.04165717582263
2016-04-25,all_tradable,0,0,0.0,0.0,0.0,0.0,52.04165717582263
2016-04-26,all_tradable,0,0,0.0,0.0,0.0,0.0,52.04165717582263
2016-04-27,all_tradable,0,0,0.0,0.0,0.0,0.0,52.04165717582263
2016-04-28,all_tradable,0,0,0.0,0.0,0.0,0.0,52.04165717582263
2016-04-29,all_tradable,0,0,0.0,0.0,0.0,0.0,52.04165717582263
2016-05-02,all_tradable,1,1,36317.936,0.0,0.0,0.0,52.04165717582263
2016-05-03,all_tradable,1,1,36317.936,0.0051194539249145,0.0051194539249145,0.51194539249145,52.55360256831408
2016-05-04,all_tradable,1,1,36317.936,-0.0204436860068259,-0.0204436860068259,-2.04436860068259,50.509233967631495
2016-05-05,all_tradable,1,1,36317.936,0.0061348122866894,0.0061348122866894,0.6134812286689401,51.12271519630044
2016-05-06,all_tradable,1,1,36317.936,0.0077406143344709,0.0077406143344709,0.77406143344709,51.896776629747535
2016-05-09,all_tradable,1,1,36317.936,0.0008293515358362,0.0008293515358362,0.08293515358362001,51.97971178333115
2016-05-10,all_tradable,1,1,36317.936,0.0010836177474402,0.0010836177474402,0.10836177474402,52.088073558075166
2016-05-11,all_tradable,1,1,36317.936,-0.0008737201365188,-0.0008737201365188,-0.08737201365187999,52.000701544423286
2016-05-12,all_tradable,1,1,36317.936,-0.0027218430034128,-0.0027218430034128,-0.27218430034128,51.728517244082006
2016-05-13,all_tradable,1,1,36317.936,0.0060392491467576,0.0060392491467576,0.60392491467576,52.332442158757765
2016-05-16,all_tradable,1,1,36317.936,-0.0023020477815698,-0.0023020477815698,-0.23020477815697998,52.10223738060078
2016-05-17,all_tradable,1,1,36317.936,-0.0010153583617748,-0.0010153583617748,-0.10153583617748001,52.0007015444233
2016-05-18,all_tradable,1,1,36317.936,-0.0006757679180887,-0.0006757679180887,-0.06757679180887,51.93312475261443
2016-05-19,all_tradable,1,1,36317.936,0.0018105802047782,0.0018105802047782,0.18105802047782,52.11418277309225
2016-05-20,all_tradable,1,1,36317.936,-0.0049573378839589,-0.0049573378839589,-0.49573378839589,51.618448984696364
2016-05-23,all_tradable,1,1,36317.936,0.004428327645051,0.004428327645051,0.44283276450509995,52.06128174920146
2016-05-24,all_tradable,1,1,36317.936,0.007679180887372,0.007679180887372,0.7679180887372,52.82919983793866
2016-05-25,all_tradable,1,1,36317.936,-0.0098003412969282,-0.0098003412969282,-0.98003412969282,51.849165708245835
2016-05-26,all_tradable,1,1,36317.936,0.014481228668942,0.014481228668942,1.4481228668942,53.29728857514004
2016-05-27,all_tradable,0,0,0.0,0.0,0.0,0.0,53.29728857514004
2016-05-30,all_tradable,0,0,0.0,0.0,0.0,0.0,53.29728857514004
2016-05-31,all_tradable,0,0,0.0,0.0,0.0,0.0,53.29728857514004
2016-06-01,all_tradable,0,0,0.0,0.0,0.0,0.0,53.29728857514004
2016-06-02,all_tradable,0,0,0.0,0.0,0.0,0.0,53.29728857514004
2016-06-03,all_tradable,0,0,0.0,0.0,0.0,0.0,53.29728857514004
2016-06-06,all_tradable,0,0,0.0,0.0,0.0,0.0,53.29728857514004
2016-06-07,all_tradable,0,0,0.0,0.0,0.0,0.0,53.29728857514004
2016-06-08,all_tradable,0,0,0.0,0.0,0.0,0.0,53.29728857514004
2016-06-09,all_tradable,0,0,0.0,0.0,0.0,0.0,53.29728857514004
2016-06-10,all_tradable,0,0,0.0,0.0,0.0,0.0,53.29728857514004
2016-06-13,all_tradable,0,0,0.0,0.0,0.0,0.0,53.29728857514004
2016-06-14,all_tradable,0,0,0.0,0.0,0.0,0.0,53.29728857514004
2016-06-15,all_tradable,0,0,0.0,0.0,0.0,0.0,53.29728857514004
2016-06-16,all_tradable,0,0,0.0,0.0,0.0,0.0,53.29728857514004
2016-06-17,all_tradable,0,0,0.0,0.0,0.0,0.0,53.29728857514004
2016-06-20,all_tradable,0,0,0.0,0.0,0.0,0.0,53.29728857514004
2016-06-21,all_tradable,0,0,0.0,0.0,0.0,0.0,53.29728857514004
2016-06-22,all_tradable,0,0,0.0,0.0,0.0,0.0,53.29728857514004
2016-06-23,all_tradable,0,0,0.0,0.0,0.0,0.0,53.29728857514004
2016-06-24,all_tradable,0,0,0.0,0.0,0.0,0.0,53.29728857514004
2016-06-27,all_tradable,0,0,0.0,0.0,0.0,0.0,53.29728857514004
2016-06-28,all_tradable,0,0,0.0,0.0,0.0,0.0,53.29728857514004
2016-06-29,all_tradable,0,0,0.0,0.0,0.0,0.0,53.29728857514004
2016-06-30,all_tradable,0,0,0.0,0.0,0.0,0.0,53.29728857514004
2016-07-01,all_tradable,0,0,0.0,0.0,0.0,0.0,53.29728857514004
2016-07-04,all_tradable,0,0,0.0,0.0,0.0,0.0,53.29728857514004
2016-07-05,all_tradable,0,0,0.0,0.0,0.0,0.0,53.29728857514004
2016-07-06,all_tradable,0,0,0.0,0.0,0.0,0.0,53.29728857514004
2016-07-07,all_tradable,0,0,0.0,0.0,0.0,0.0,53.29728857514004
2016-07-08,all_tradable,0,0,0.0,0.0,0.0,0.0,53.29728857514004
2016-07-11,all_tradable,0,0,0.0,0.0,0.0,0.0,53.29728857514004
2016-07-12,all_tradable,0,0,0.0,0.0,0.0,0.0,53.29728857514004
2016-07-13,all_tradable,0,0,0.0,0.0,0.0,0.0,53.29728857514004
2016-07-14,all_tradable,0,0,0.0,0.0,0.0,0.0,53.29728857514004
2016-07-15,all_tradable,0,0,0.0,0.0,0.0,0.0,53.29728857514004
2016-07-18,all_tradable,0,0,0.0,0.0,0.0,0.0,53.29728857514004
2016-07-19,all_tradable,0,0,0.0,0.0,0.0,0.0,53.29728857514004
2016-07-20,all_tradable,0,0,0.0,0.0,0.0,0.0,53.29728857514004
2016-07-21,all_tradable,0,0,0.0,0.0,0.0,0.0,53.29728857514004
2016-07-22,all_tradable,0,0,0.0,0.0,0.0,0.0,53.29728857514004
2016-07-25,all_tradable,0,0,0.0,0.0,0.0,0.0,53.29728857514004
2016-07-26,all_tradable,0,0,0.0,0.0,0.0,0.0,53.29728857514004
2016-07-27,all_tradable,0,0,0.0,0.0,0.0,0.0,53.29728857514004
2016-07-28,all_tradable,0,0,0.0,0.0,0.0,0.0,53.29728857514004
2016-07-29,all_tradable,0,0,0.0,0.0,0.0,0.0,53.29728857514004
2016-08-01,all_tradable,0,0,0.0,0.0,0.0,0.0,53.29728857514004
2016-08-02,all_tradable,0,0,0.0,0.0,0.0,0.0,53.29728857514004
2016-08-03,all_tradable,0,0,0.0,0.0,0.0,0.0,53.29728857514004
2016-08-04,all_tradable,0,0,0.0,0.0,0.0,0.0,53.29728857514004
2016-08-05,all_tradable,0,0,0.0,0.0,0.0,0.0,53.29728857514004
2016-08-08,all_tradable,0,0,0.0,0.0,0.0,0.0,53.29728857514004
2016-08-09,all_tradable,0,0,0.0,0.0,0.0,0.0,53.29728857514004
2016-08-10,all_tradable,0,0,0.0,0.0,0.0,0.0,53.29728857514004
2016-08-11,all_tradable,0,0,0.0,0.0,0.0,0.0,53.29728857514004
2016-08-12,all_tradable,0,0,0.0,0.0,0.0,0.0,53.29728857514004
2016-08-15,all_tradable,0,0,0.0,0.0,0.0,0.0,53.29728857514004
2016-08-16,all_tradable,0,0,0.0,0.0,0.0,0.0,53.29728857514004
2016-08-17,all_tradable,0,0,0.0,0.0,0.0,0.0,53.29728857514004
2016-08-18,all_tradable,0,0,0.0,0.0,0.0,0.0,53.29728857514004
2016-08-19,all_tradable,0,0,0.0,0.0,0.0,0.0,53.29728857514004
2016-08-22,all_tradable,0,0,0.0,0.0,0.0,0.0,53.29728857514004
2016-08-23,all_tradable,0,0,0.0,0.0,0.0,0.0,53.29728857514004
2016-08-24,all_tradable,0,0,0.0,0.0,0.0,0.0,53.29728857514004
2016-08-25,all_tradable,0,0,0.0,0.0,0.0,0.0,53.29728857514004
2016-08-26,all_tradable,0,0,0.0,0.0,0.0,0.0,53.29728857514004
2016-08-29,all_tradable,0,0,0.0,0.0,0.0,0.0,53.29728857514004
2016-08-30,all_tradable,0,0,0.0,0.0,0.0,0.0,53.29728857514004
2016-08-31,all_tradable,0,0,0.0,0.0,0.0,0.0,53.29728857514004
2016-09-01,all_tradable,0,0,0.0,0.0,0.0,0.0,53.29728857514004
2016-09-02,all_tradable,0,0,0.0,0.0,0.0,0.0,53.29728857514004
2016-09-05,all_tradable,0,0,0.0,0.0,0.0,0.0,53.29728857514004
2016-09-06,all_tradable,0,0,0.0,0.0,0.0,0.0,53.29728857514004
2016-09-07,all_tradable,0,0,0.0,0.0,0.0,0.0,53.29728857514004
2016-09-08,all_tradable,0,0,0.0,0.0,0.0,0.0,53.29728857514004
2016-09-09,all_tradable,0,0,0.0,0.0,0.0,0.0,53.29728857514004
2016-09-12,all_tradable,0,0,0.0,0.0,0.0,0.0,53.29728857514004
2016-09-13,all_tradable,0,0,0.0,0.0,0.0,0.0,53.29728857514004
2016-09-14,all_tradable,0,0,0.0,0.0,0.0,0.0,53.29728857514004
2016-09-15,all_tradable,0,0,0.0,0.0,0.0,0.0,53.29728857514004
2016-09-16,all_tradable,0,0,0.0,0.0,0.0,0.0,53.29728857514004
2016-09-19,all_tradable,0,0,0.0,0.0,0.0,0.0,53.29728857514004
2016-09-20,all_tradable,0,0,0.0,0.0,0.0,0.0,53.29728857514004
2016-09-21,all_tradable,0,0,0.0,0.0,0.0,0.0,53.29728857514004
2016-09-22,all_tradable,0,0,0.0,0.0,0.0,0.0,53.29728857514004
2016-09-23,all_tradable,0,0,0.0,0.0,0.0,0.0,53.29728857514004
2016-09-26,all_tradable,0,0,0.0,0.0,0.0,0.0,53.29728857514004
2016-09-27,all_tradable,0,0,0.0,0.0,0.0,0.0,53.29728857514004
2016-09-28,all_tradable,0,0,0.0,0.0,0.0,0.0,53.29728857514004
2016-09-29,all_tradable,0,0,0.0,0.0,0.0,0.0,53.29728857514004
2016-09-30,all_tradable,0,0,0.0,0.0,0.0,0.0,53.29728857514004
2016-10-03,all_tradable,0,0,0.0,0.0,0.0,0.0,53.29728857514004
2016-10-04,all_tradable,0,0,0.0,0.0,0.0,0.0,53.29728857514004
2016-10-05,all_tradable,0,0,0.0,0.0,0.0,0.0,53.29728857514004
2016-10-06,all_tradable,0,0,0.0,0.0,0.0,0.0,53.29728857514004
2016-10-07,all_tradable,0,0,0.0,0.0,0.0,0.0,53.29728857514004
2016-10-10,all_tradable,0,0,0.0,0.0,0.0,0.0,53.29728857514004
2016-10-11,all_tradable,0,0,0.0,0.0,0.0,0.0,53.29728857514004
2016-10-12,all_tradable,0,0,0.0,0.0,0.0,0.0,53.29728857514004
2016-10-13,all_tradable,0,0,0.0,0.0,0.0,0.0,53.29728857514004
2016-10-14,all_tradable,0,0,0.0,0.0,0.0,0.0,53.29728857514004
2016-10-17,all_tradable,0,0,0.0,0.0,0.0,0.0,53.29728857514004
2016-10-18,all_tradable,0,0,0.0,0.0,0.0,0.0,53.29728857514004
2016-10-19,all_tradable,0,0,0.0,0.0,0.0,0.0,53.29728857514004
2016-10-20,all_tradable,0,0,0.0,0.0,0.0,0.0,53.29728857514004
2016-10-21,all_tradable,0,0,0.0,0.0,0.0,0.0,53.29728857514004
2016-10-24,all_tradable,0,0,0.0,0.0,0.0,0.0,53.29728857514004
2016-10-25,all_tradable,0,0,0.0,0.0,0.0,0.0,53.29728857514004
2016-10-26,all_tradable,0,0,0.0,0.0,0.0,0.0,53.29728857514004
2016-10-27,all_tradable,0,0,0.0,0.0,0.0,0.0,53.29728857514004
2016-10-28,all_tradable,0,0,0.0,0.0,0.0,0.0,53.29728857514004
2016-10-31,all_tradable,0,0,0.0,0.0,0.0,0.0,53.29728857514004
2016-11-01,all_tradable,0,0,0.0,0.0,0.0,0.0,53.29728857514004
2016-11-02,all_tradable,0,0,0.0,0.0,0.0,0.0,53.29728857514004
2016-11-03,all_tradable,0,0,0.0,0.0,0.0,0.0,53.29728857514004
2016-11-04,all_tradable,0,0,0.0,0.0,0.0,0.0,53.29728857514004
2016-11-07,all_tradable,0,0,0.0,0.0,0.0,0.0,53.29728857514004
2016-11-08,all_tradable,0,0,0.0,0.0,0.0,0.0,53.29728857514004
2016-11-09,all_tradable,0,0,0.0,0.0,0.0,0.0,53.29728857514004
2016-11-10,all_tradable,0,0,0.0,0.0,0.0,0.0,53.29728857514004
2016-11-11,all_tradable,0,0,0.0,0.0,0.0,0.0,53.29728857514004
2016-11-14,all_tradable,0,0,0.0,0.0,0.0,0.0,53.29728857514004
2016-11-15,all_tradable,0,0,0.0,0.0,0.0,0.0,53.29728857514004
2016-11-16,all_tradable,0,0,0.0,0.0,0.0,0.0,53.29728857514004
2016-11-17,all_tradable,0,0,0.0,0.0,0.0,0.0,53.29728857514004
2016-11-18,all_tradable,0,0,0.0,0.0,0.0,0.0,53.29728857514004
2016-11-21,all_tradable,0,0,0.0,0.0,0.0,0.0,53.29728857514004
2016-11-22,all_tradable,1,1,152907567.096,0.0,0.0,0.0,53.29728857514004
2016-11-23,all_tradable,1,1,152907567.096,0.0149638713080168,0.0149638713080168,1.49638713080168,54.793675705941716
2016-11-24,all_tradable,0,0,0.0,0.0,0.0,0.0,54.793675705941716
2016-11-25,all_tradable,1,1,152907567.096,-0.0014377637130801,-0.0014377637130801,-0.14377637130801002,54.6498993346337
2016-11-28,all_tradable,1,1,152907567.096,0.0042183544303798,0.0042183544303798,0.42183544303798,55.07173477767168
2016-11-29,all_tradable,1,1,152907567.096,0.0148364978902953,0.0148364978902953,1.48364978902953,56.55538456670121
2016-11-30,all_tradable,1,1,152907567.096,-0.012282964135021,-0.012282964135021,-1.2282964135021,55.327088153199114
2016-12-01,all_tradable,1,1,152907567.096,-0.0027262658227847,-0.0027262658227847,-0.27262658227847003,55.054461570920644
2016-12-02,all_tradable,1,1,152907567.096,-0.0003718354430379,-0.0003718354430379,-0.03718354430379,55.01727802661686
2016-12-05,all_tradable,1,1,152907567.096,-0.0149551687763714,-0.0149551687763714,-1.4955168776371401,53.52176114897972
2016-12-06,all_tradable,1,1,152907567.096,-0.002214135021097,-0.002214135021097,-0.22141350210969998,53.300347646870016
2016-12-07,all_tradable,1,1,152907567.096,-0.0145150316455695,-0.0145150316455695,-1.45150316455695,51.84884448231306
2016-12-08,all_tradable,1,1,152907567.096,0.0002631856540084,0.0002631856540084,0.02631856540084,51.875163047713905
2016-12-09,all_tradable,1,1,152907567.096,0.0038259493670885,0.0038259493670885,0.38259493670885003,52.257757984422746
2016-12-12,all_tradable,1,1,152907567.096,0.0005026371308017,0.0005026371308017,0.05026371308017,52.308021697502916
2016-12-13,all_tradable,1,1,152907567.096,-0.0065026371308017,-0.0065026371308017,-0.65026371308017,51.657757984422744
2016-12-14,all_tradable,1,1,152907567.096,0.0119332805907173,0.0119332805907173,1.1933280590717301,52.851086043494476
2016-12-15,all_tradable,1,1,152907567.096,-0.0049728375527426,-0.0049728375527426,-0.49728375527426,52.35380228822022
2016-12-16,all_tradable,1,1,152907567.096,-0.0001616561181434,-0.0001616561181434,-0.016165611814339998,52.33763667640587
2016-12-19,all_tradable,1,1,152907567.096,-0.0002289029535864,-0.0002289029535864,-0.02289029535864,52.314746381047236
2016-12-20,all_tradable,1,1,152907567.096,-0.0099572784810127,-0.0099572784810127,-0.99572784810127,51.31901853294597
2016-12-21,all_tradable,1,1,152907567.096,0.0051503164556962,0.0051503164556962,0.51503164556962,51.83405017851559
2016-12-22,all_tradable,1,1,152907567.096,0.0036624472573839,0.0036624472573839,0.36624472573839,52.20029490425397
2016-12-23,all_tradable,1,1,152907567.096,0.0036624472573839,0.0036624472573839,0.36624472573839,52.56653962999236
2016-12-26,all_tradable,0,0,0.0,0.0,0.0,0.0,52.56653962999236
2016-12-27,all_tradable,1,1,152907567.096,-0.0029757383966244,-0.0029757383966244,-0.29757383966244,52.26896579032992
2016-12-28,all_tradable,1,1,152907567.096,-0.0099572784810127,-0.0099572784810127,-0.99572784810127,51.273237942228654
2016-12-29,all_tradable,1,1,152907567.096,-0.0008011603375527,-0.0008011603375527,-0.08011603375527,51.19312190847338
2016-12-30,all_tradable,1,1,152907567.096,-0.0062948312236286,-0.0062948312236286,-0.62948312236286,50.56363878611052
2017-01-02,all_tradable,0,0,0.0,0.0,0.0,0.0,50.56363878611052
2017-01-03,all_tradable,1,1,152907567.096,0.007611023206751,0.007611023206751,0.7611023206751,51.32474110678562
2017-01-04,all_tradable,1,1,152907567.096,-0.0174538502109704,-0.0174538502109704,-1.74538502109704,49.57935608568858
2017-01-05,all_tradable,1,1,152907567.096,-0.0026323839662447,-0.0026323839662447,-0.26323839662447,49.31611768906411
2017-01-06,all_tradable,1,1,152907567.096,-0.0086983122362868,-0.0086983122362868,-0.86983122362868,48.44628646543543
2017-01-09,all_tradable,1,1,152907567.096,-0.0118457278481012,-0.0118457278481012,-1.1845727848101202,47.261713680625306
2017-01-10,all_tradable,1,1,152907567.096,-0.0005150316455696,-0.0005150316455696,-0.05150316455696,47.210210516068344
2017-01-11,all_tradable,1,1,152907567.096,0.0010300632911391,0.0010300632911391,0.10300632911390999,47.313216845182254
2017-01-12,all_tradable,1,1,152907567.096,-0.006237605485232,-0.006237605485232,-0.6237605485232,46.68945629665905
2017-01-13,all_tradable,1,1,152907567.096,-0.0061231540084388,-0.0061231540084388,-0.6123154008438799,46.07714089581517
2017-01-16,all_tradable,0,0,0.0,0.0,0.0,0.0,46.07714089581517
2017-01-17,all_tradable,1,1,152907567.096,0.0069815400843881,0.0069815400843881,0.69815400843881,46.77529490425398
2017-01-18,all_tradable,1,1,152907567.096,0.0045780590717299,0.0045780590717299,0.45780590717298997,47.23310081142698
2017-01-19,all_tradable,1,1,152907567.096,-0.0061231540084387,-0.0061231540084387,-0.61231540084387,46.6207854105831
2017-01-20,all_tradable,1,1,152907567.096,-0.0004578059071729,-0.0004578059071729,-0.04578059071729,46.57500481986581
2017-01-23,all_tradable,1,1,152907567.096,-0.0002861286919831,-0.0002861286919831,-0.028612869198310003,46.546391950667505
2017-01-24,all_tradable,1,1,152907567.096,0.0088699894514767,0.0088699894514767,0.88699894514767,47.43339089581517
2017-01-25,all_tradable,1,1,152907567.096,0.0002861286919831,0.0002861286919831,0.028612869198310003,47.462003765013485
2017-01-26,all_tradable,1,1,152907567.096,-0.0005150316455696,-0.0005150316455696,-0.05150316455696,47.41050060045652
2017-01-27,all_tradable,1,1,152907567.096,0.0004578059071729,0.0004578059071729,0.04578059071729,47.456281191173815
2017-01-30,all_tradable,1,1,152907567.096,0.0079543776371308,0.0079543776371308,0.79543776371308,48.2517189548869
2017-01-31,all_tradable,1,1,152907567.096,-0.0146497890295358,-0.0146497890295358,-1.46497890295358,46.786740051933315
2017-02-01,all_tradable,1,1,152907567.096,0.0007439345991561,0.0007439345991561,0.07439345991561,46.86113351184893
2017-02-02,all_tradable,1,1,152907567.096,0.0087555379746835,0.0087555379746835,0.8755537974683499,47.736687309317276
2017-02-03,all_tradable,1,1,152907567.096,0.005779799578059,0.005779799578059,0.5779799578059001,48.31466726712318
2017-02-06,all_tradable,1,1,152907567.096,-0.0009728375527426,-0.0009728375527426,-0.09728375527426,48.21738351184892
2017-02-07,all_tradable,1,1,152907567.096,0.0105295358649789,0.0105295358649789,1.05295358649789,49.270337098346815
2017-02-08,all_tradable,1,1,152907567.096,0.000743934599156,0.000743934599156,0.07439345991560001,49.34473055826241
2017-02-09,all_tradable,1,1,152907567.096,0.0129330168776371,0.0129330168776371,1.29330168776371,50.63803224602612
2017-02-10,all_tradable,1,1,152907567.096,-0.0014306434599156,-0.0014306434599156,-0.14306434599156,50.49496790003456
2017-02-13,all_tradable,1,1,152907567.096,0.0001144514767932,0.0001144514767932,0.01144514767932,50.506413047713885
2017-02-14,all_tradable,1,1,152907567.096,0.0037768987341772,0.0037768987341772,0.37768987341772,50.8841029211316
2017-02-15,all_tradable,1,1,152907567.096,0.0,0.0,0.0,50.8841029211316
2017-02-16,all_tradable,1,1,152907567.096,-0.0044636075949367,-0.0044636075949367,-0.44636075949367005,50.437742161637935
2017-02-17,all_tradable,1,1,152907567.096,-0.0033763185654008,-0.0033763185654008,-0.33763185654008,50.10011030509786
2017-02-20,all_tradable,0,0,0.0,0.0,0.0,0.0,50.10011030509786
2017-02-21,all_tradable,1,1,152907567.096,0.0139630801687763,0.0139630801687763,1.3963080168776298,51.49641832197549
2017-02-22,all_tradable,1,1,152907567.096,-0.0061803797468354,-0.0061803797468354,-0.6180379746835399,50.87838034729195
2017-02-23,all_tradable,1,1,152907567.096,0.0049214135021097,0.0049214135021097,0.49214135021096994,51.37052169750292
2017-02-24,all_tradable,1,1,152907567.096,-0.0052075421940928,-0.0052075421940928,-0.52075421940928,50.849767478093646
2017-02-27,all_tradable,1,1,152907567.096,0.0021745780590717,0.0021745780590717,0.21745780590717,51.06722528400082
2017-02-28,all_tradable,1,1,152907567.096,-0.01796888185654,-0.01796888185654,-1.7968881856540002,49.270337098346815
2017-03-01,all_tradable,1,1,152907567.096,0.0045780590717299,0.0045780590717299,0.45780590717298997,49.72814300551981
2017-03-02,all_tradable,1,1,152907567.096,-0.0159087552742616,-0.0159087552742616,-1.59087552742616,48.13726747809365
2017-03-03,all_tradable,1,1,152907567.096,0.0011445147679325,0.0011445147679325,0.11445147679325,48.2517189548869
2017-03-06,all_tradable,1,1,152907567.096,0.0054364451476793,0.0054364451476793,0.54364451476793,48.79536346965483
2017-03-07,all_tradable,1,1,152907567.096,-0.0051503164556962,-0.0051503164556962,-0.51503164556962,48.28033182408521
2017-03-08,all_tradable,1,1,152907567.096,0.0017167721518987,0.0017167721518987,0.17167721518987,48.452009039275076
2017-03-09,all_tradable,1,1,152907567.096,-0.0115023734177215,-0.0115023734177215,-1.1502373417721499,47.30177169750293
2017-03-10,all_tradable,1,1,152907567.096,0.0011445147679325,0.0011445147679325,0.11445147679325,47.41622317429618
2017-03-13,all_tradable,1,1,152907567.096,0.0085838607594936,0.0085838607594936,0.85838607594936,48.27460925024554
2017-03-14,all_tradable,1,1,152907567.096,-0.0020601265822784,-0.0020601265822784,-0.20601265822784,48.0685965920177
2017-03-15,all_tradable,1,1,152907567.096,0.0136769514767932,0.0136769514767932,1.36769514767932,49.43629173969702
2017-03-16,all_tradable,1,1,152907567.096,-0.0020029008438819,-0.0020029008438819,-0.20029008438819,49.23600165530883
2017-03-17,all_tradable,1,1,152907567.096,0.0012017405063291,0.0012017405063291,0.12017405063290999,49.35617570594174
2017-03-20,all_tradable,1,1,152907567.096,-0.0063520569620253,-0.0063520569620253,-0.63520569620253,48.72097000973921
2017-03-21,all_tradable,1,1,152907567.096,-0.0127041139240506,-0.0127041139240506,-1.27041139240506,47.45055861733415
2017-03-22,all_tradable,1,1,152907567.096,-0.0001144514767933,-0.0001144514767933,-0.01144514767933,47.43911346965483
2017-03-23,all_tradable,1,1,152907567.096,-0.0011445147679324,-0.0011445147679324,-0.11445147679324001,47.324661992861586
2017-03-24,all_tradable,1,1,152907567.096,-0.0086410864978903,-0.0086410864978903,-0.8641086497890299,46.460553343072554
2017-03-27,all_tradable,1,1,152907567.096,0.0066381856540084,0.0066381856540084,0.6638185654008399,47.12437190847339
2017-03-28,all_tradable,1,1,152907567.096,0.0010872890295358,0.0010872890295358,0.10872890295358,47.23310081142698
2017-03-29,all_tradable,1,1,152907567.096,0.0080116033755274,0.0080116033755274,0.80116033755274,48.034261148979716
2017-03-30,all_tradable,1,1,152907567.096,-0.0136769514767932,-0.0136769514767932,-1.36769514767932,46.666566001300396
2017-03-31,all_tradable,1,1,152907567.096,0.0024034810126582,0.0024034810126582,0.24034810126581999,46.90691410256622
2017-04-03,all_tradable,1,1,152907567.096,-0.0032046413502109,-0.0032046413502109,-0.32046413502109,46.58644996754512
2017-04-04,all_tradable,1,1,152907567.096,-0.003490770042194,-0.003490770042194,-0.34907700421939997,46.237372963325726
2017-04-05,all_tradable,1,1,152907567.096,-0.0060659282700422,-0.0060659282700422,-0.60659282700422,45.630780136321505
2017-04-06,all_tradable,1,1,152907567.096,0.0028040611814345,0.0028040611814345,0.28040611814345,45.91118625446495
2017-04-07,all_tradable,1,1,152907567.096,0.0048641877637131,0.0048641877637131,0.48641877637131004,46.39760503083627
2017-04-10,all_tradable,1,1,152907567.096,0.0043491561181434,0.0043491561181434,0.43491561181434,46.83252064265061
2017-04-11,all_tradable,1,1,152907567.096,0.0052647679324893,0.0052647679324893,0.52647679324893,47.35899743589954
2017-04-12,all_tradable,1,1,152907567.096,-0.0038341244725737,-0.0038341244725737,-0.38341244725737,46.97558498864217
2017-04-13,all_tradable,1,1,152907567.096,-0.0080688291139241,-0.0080688291139241,-0.8068829113924101,46.168702077249755
2017-04-14,all_tradable,0,0,0.0,0.0,0.0,0.0,46.168702077249755
2017-04-17,all_tradable,1,1,152907567.096,-0.0022890295358649,-0.0022890295358649,-0.22890295358649,45.93979912366326
2017-04-18,all_tradable,1,1,152907567.096,-0.0123607594936709,-0.0123607594936709,-1.23607594936709,44.70372317429618
2017-04-19,all_tradable,1,1,152907567.096,-0.0098428270042194,-0.0098428270042194,-0.9842827004219399,43.719440473874236
2017-04-20,all_tradable,1,1,152907567.096,0.0051503164556962,0.0051503164556962,0.51503164556962,44.23447211944386
2017-04-21,all_tradable,1,1,152907567.096,0.0085838607594936,0.0085838607594936,0.85838607594936,45.09285819539321
2017-04-24,all_tradable,1,1,152907567.096,0.0123035337552742,0.0123035337552742,1.2303533755274199,46.323211570920634
2017-04-25,all_tradable,1,1,152907567.096,0.0035479957805906,0.0035479957805906,0.35479957805906,46.6780111489797
2017-04-26,all_tradable,1,1,152907567.096,-0.0033763185654008,-0.0033763185654008,-0.33763185654008,46.340379292439614
2017-04-27,all_tradable,1,1,152907567.096,-0.0012589662447257,-0.0012589662447257,-0.12589662447257,46.21448266796705
2017-04-28,all_tradable,1,1,152907567.096,-0.0008011603375527,-0.0008011603375527,-0.08011603375527,46.13436663421177
2017-05-01,all_tradable,1,1,152907567.096,-0.0047497362869198,-0.0047497362869198,-0.47497362869197995,45.659393005519796
2017-05-02,all_tradable,1,1,152907567.096,0.0038341244725738,0.0038341244725738,0.38341244725738,46.04280545277717
2017-05-03,all_tradable,1,1,152907567.096,5.722573839665375e-05,5.7225738396653746e-05,0.0057225738396653745,46.04852802661684
2017-05-04,all_tradable,1,1,152907567.096,-0.0036624472573839,-0.0036624472573839,-0.36624472573839,45.68228330087845
2017-05-05,all_tradable,1,1,152907567.096,0.0111017932489451,0.0111017932489451,1.11017932489451,46.79246262577296
2017-05-08,all_tradable,1,1,152907567.096,0.0056653481012657,0.0056653481012657,0.56653481012657,47.35899743589953
2017-05-09,all_tradable,1,1,152907567.096,0.0092705696202531,0.0092705696202531,0.92705696202531,48.286054397924836
2017-05-10,all_tradable,1,1,152907567.096,-0.0022318037974683,-0.0022318037974683,-0.22318037974682997,48.06287401817801
2017-05-11,all_tradable,1,1,152907567.096,-0.007153217299578,-0.007153217299578,-0.7153217299578001,47.34755228822021
2017-05-12,all_tradable,1,1,152907567.096,-0.0055508966244725,-0.0055508966244725,-0.55508966244725,46.792462625772956
2017-05-15,all_tradable,1,1,152907567.096,0.0062948312236286,0.0062948312236286,0.62948312236286,47.42194574813582
2017-05-16,all_tradable,1,1,152907567.096,-0.0004578059071729,-0.0004578059071729,-0.04578059071729,47.37616515741853
2017-05-17,all_tradable,1,1,152907567.096,-0.0002289029535864,-0.0002289029535864,-0.02289029535864,47.353274862059884
2017-05-18,all_tradable,1,1,152907567.096,-0.0020029008438819,-0.0020029008438819,-0.20029008438819,47.1529847776717
2017-05-19,all_tradable,1,1,152907567.096,0.0104150843881856,0.0104150843881856,1.04150843881856,48.19449321649026
2017-05-22,all_tradable,1,1,152907567.096,-0.0002861286919831,-0.0002861286919831,-0.028612869198310003,48.16588034729195
2017-05-23,all_tradable,1,1,152907567.096,-0.001373417721519,-0.001373417721519,-0.1373417721519,48.028538575140054
2017-05-24,all_tradable,1,1,152907567.096,0.0004005801687764,0.0004005801687764,0.040058016877640004,48.06859659201769
2017-05-25,all_tradable,1,1,152907567.096,0.0063520569620253,0.0063520569620253,0.63520569620253,48.703802288220224
2017-05-26,all_tradable,1,1,152907567.096,-0.0042347046413502,-0.0042347046413502,-0.42347046413502,48.2803318240852
2017-05-29,all_tradable,0,0,0.0,0.0,0.0,0.0,48.2803318240852
2017-05-30,all_tradable,1,1,152907567.096,0.0578995675105485,0.0578995675105485,5.7899567510548495,54.070288575140054
2017-05-31,all_tradable,0,0,0.0,0.0,0.0,0.0,54.070288575140054
2017-06-01,all_tradable,0,0,0.0,0.0,0.0,0.0,54.070288575140054
2017-06-02,all_tradable,0,0,0.0,0.0,0.0,0.0,54.070288575140054
2017-06-05,all_tradable,0,0,0.0,0.0,0.0,0.0,54.070288575140054
2017-06-06,all_tradable,0,0,0.0,0.0,0.0,0.0,54.070288575140054
2017-06-07,all_tradable,0,0,0.0,0.0,0.0,0.0,54.070288575140054
2017-06-08,all_tradable,0,0,0.0,0.0,0.0,0.0,54.070288575140054
2017-06-09,all_tradable,0,0,0.0,0.0,0.0,0.0,54.070288575140054
2017-06-12,all_tradable,0,0,0.0,0.0,0.0,0.0,54.070288575140054
2017-06-13,all_tradable,0,0,0.0,0.0,0.0,0.0,54.070288575140054
2017-06-14,all_tradable,0,0,0.0,0.0,0.0,0.0,54.070288575140054
2017-06-15,all_tradable,0,0,0.0,0.0,0.0,0.0,54.070288575140054
2017-06-16,all_tradable,0,0,0.0,0.0,0.0,0.0,54.070288575140054
2017-06-19,all_tradable,0,0,0.0,0.0,0.0,0.0,54.070288575140054
2017-06-20,all_tradable,0,0,0.0,0.0,0.0,0.0,54.070288575140054
2017-06-21,all_tradable,0,0,0.0,0.0,0.0,0.0,54.070288575140054
2017-06-22,all_tradable,0,0,0.0,0.0,0.0,0.0,54.070288575140054
2017-06-23,all_tradable,0,0,0.0,0.0,0.0,0.0,54.070288575140054
2017-06-26,all_tradable,0,0,0.0,0.0,0.0,0.0,54.070288575140054
2017-06-27,all_tradable,0,0,0.0,0.0,0.0,0.0,54.070288575140054
2017-06-28,all_tradable,0,0,0.0,0.0,0.0,0.0,54.070288575140054
2017-06-29,all_tradable,0,0,0.0,0.0,0.0,0.0,54.070288575140054
2017-06-30,all_tradable,0,0,0.0,0.0,0.0,0.0,54.070288575140054
2017-07-03,all_tradable,0,0,0.0,0.0,0.0,0.0,54.070288575140054
2017-07-04,all_tradable,0,0,0.0,0.0,0.0,0.0,54.070288575140054
2017-07-05,all_tradable,0,0,0.0,0.0,0.0,0.0,54.070288575140054
2017-07-06,all_tradable,0,0,0.0,0.0,0.0,0.0,54.070288575140054
2017-07-07,all_tradable,0,0,0.0,0.0,0.0,0.0,54.070288575140054
2017-07-10,all_tradable,0,0,0.0,0.0,0.0,0.0,54.070288575140054
2017-07-11,all_tradable,0,0,0.0,0.0,0.0,0.0,54.070288575140054
2017-07-12,all_tradable,0,0,0.0,0.0,0.0,0.0,54.070288575140054
2017-07-13,all_tradable,0,0,0.0,0.0,0.0,0.0,54.070288575140054
2017-07-14,all_tradable,0,0,0.0,0.0,0.0,0.0,54.070288575140054
2017-07-17,all_tradable,0,0,0.0,0.0,0.0,0.0,54.070288575140054
2017-07-18,all_tradable,0,0,0.0,0.0,0.0,0.0,54.070288575140054
2017-07-19,all_tradable,0,0,0.0,0.0,0.0,0.0,54.070288575140054
2017-07-20,all_tradable,0,0,0.0,0.0,0.0,0.0,54.070288575140054
2017-07-21,all_tradable,0,0,0.0,0.0,0.0,0.0,54.070288575140054
2017-07-24,all_tradable,0,0,0.0,0.0,0.0,0.0,54.070288575140054
2017-07-25,all_tradable,0,0,0.0,0.0,0.0,0.0,54.070288575140054
2017-07-26,all_tradable,0,0,0.0,0.0,0.0,0.0,54.070288575140054
2017-07-27,all_tradable,0,0,0.0,0.0,0.0,0.0,54.070288575140054
2017-07-28,all_tradable,0,0,0.0,0.0,0.0,0.0,54.070288575140054
2017-07-31,all_tradable,0,0,0.0,0.0,0.0,0.0,54.070288575140054
2017-08-01,all_tradable,0,0,0.0,0.0,0.0,0.0,54.070288575140054
2017-08-02,all_tradable,0,0,0.0,0.0,0.0,0.0,54.070288575140054
2017-08-03,all_tradable,0,0,0.0,0.0,0.0,0.0,54.070288575140054
2017-08-04,all_tradable,0,0,0.0,0.0,0.0,0.0,54.070288575140054
2017-08-07,all_tradable,0,0,0.0,0.0,0.0,0.0,54.070288575140054
2017-08-08,all_tradable,0,0,0.0,0.0,0.0,0.0,54.070288575140054
2017-08-09,all_tradable,0,0,0.0,0.0,0.0,0.0,54.070288575140054
2017-08-10,all_tradable,0,0,0.0,0.0,0.0,0.0,54.070288575140054
2017-08-11,all_tradable,0,0,0.0,0.0,0.0,0.0,54.070288575140054
2017-08-14,all_tradable,0,0,0.0,0.0,0.0,0.0,54.070288575140054
2017-08-15,all_tradable,0,0,0.0,0.0,0.0,0.0,54.070288575140054
2017-08-16,all_tradable,0,0,0.0,0.0,0.0,0.0,54.070288575140054
2017-08-17,all_tradable,0,0,0.0,0.0,0.0,0.0,54.070288575140054
2017-08-18,all_tradable,0,0,0.0,0.0,0.0,0.0,54.070288575140054
2017-08-21,all_tradable,0,0,0.0,0.0,0.0,0.0,54.070288575140054
2017-08-22,all_tradable,0,0,0.0,0.0,0.0,0.0,54.070288575140054
2017-08-23,all_tradable,0,0,0.0,0.0,0.0,0.0,54.070288575140054
2017-08-24,all_tradable,0,0,0.0,0.0,0.0,0.0,54.070288575140054
2017-08-25,all_tradable,0,0,0.0,0.0,0.0,0.0,54.070288575140054
2017-08-28,all_tradable,0,0,0.0,0.0,0.0,0.0,54.070288575140054
2017-08-29,all_tradable,0,0,0.0,0.0,0.0,0.0,54.070288575140054
2017-08-30,all_tradable,0,0,0.0,0.0,0.0,0.0,54.070288575140054
2017-08-31,all_tradable,0,0,0.0,0.0,0.0,0.0,54.070288575140054
2017-09-01,all_tradable,0,0,0.0,0.0,0.0,0.0,54.070288575140054
2017-09-04,all_tradable,0,0,0.0,0.0,0.0,0.0,54.070288575140054
2017-09-05,all_tradable,0,0,0.0,0.0,0.0,0.0,54.070288575140054
2017-09-06,all_tradable,0,0,0.0,0.0,0.0,0.0,54.070288575140054
2017-09-07,all_tradable,0,0,0.0,0.0,0.0,0.0,54.070288575140054
2017-09-08,all_tradable,0,0,0.0,0.0,0.0,0.0,54.070288575140054
2017-09-11,all_tradable,0,0,0.0,0.0,0.0,0.0,54.070288575140054
2017-09-12,all_tradable,0,0,0.0,0.0,0.0,0.0,54.070288575140054
2017-09-13,all_tradable,0,0,0.0,0.0,0.0,0.0,54.070288575140054
2017-09-14,all_tradable,0,0,0.0,0.0,0.0,0.0,54.070288575140054
2017-09-15,all_tradable,0,0,0.0,0.0,0.0,0.0,54.070288575140054
2017-09-18,all_tradable,0,0,0.0,0.0,0.0,0.0,54.070288575140054
2017-09-19,all_tradable,0,0,0.0,0.0,0.0,0.0,54.070288575140054
2017-09-20,all_tradable,0,0,0.0,0.0,0.0,0.0,54.070288575140054
2017-09-21,all_tradable,0,0,0.0,0.0,0.0,0.0,54.070288575140054
2017-09-22,all_tradable,0,0,0.0,0.0,0.0,0.0,54.070288575140054
2017-09-25,all_tradable,0,0,0.0,0.0,0.0,0.0,54.070288575140054
2017-09-26,all_tradable,0,0,0.0,0.0,0.0,0.0,54.070288575140054
2017-09-27,all_tradable,0,0,0.0,0.0,0.0,0.0,54.070288575140054
2017-09-28,all_tradable,0,0,0.0,0.0,0.0,0.0,54.070288575140054
2017-09-29,all_tradable,0,0,0.0,0.0,0.0,0.0,54.070288575140054
2017-10-02,all_tradable,0,0,0.0,0.0,0.0,0.0,54.070288575140054
2017-10-03,all_tradable,0,0,0.0,0.0,0.0,0.0,54.070288575140054
2017-10-04,all_tradable,0,0,0.0,0.0,0.0,0.0,54.070288575140054
2017-10-05,all_tradable,0,0,0.0,0.0,0.0,0.0,54.070288575140054
2017-10-06,all_tradable,0,0,0.0,0.0,0.0,0.0,54.070288575140054
2017-10-09,all_tradable,0,0,0.0,0.0,0.0,0.0,54.070288575140054
2017-10-10,all_tradable,0,0,0.0,0.0,0.0,0.0,54.070288575140054
2017-10-11,all_tradable,0,0,0.0,0.0,0.0,0.0,54.070288575140054
2017-10-12,all_tradable,0,0,0.0,0.0,0.0,0.0,54.070288575140054
2017-10-13,all_tradable,0,0,0.0,0.0,0.0,0.0,54.070288575140054
2017-10-16,all_tradable,0,0,0.0,0.0,0.0,0.0,54.070288575140054
2017-10-17,all_tradable,0,0,0.0,0.0,0.0,0.0,54.070288575140054
2017-10-18,all_tradable,0,0,0.0,0.0,0.0,0.0,54.070288575140054
2017-10-19,all_tradable,0,0,0.0,0.0,0.0,0.0,54.070288575140054
2017-10-20,all_tradable,0,0,0.0,0.0,0.0,0.0,54.070288575140054
2017-10-23,all_tradable,0,0,0.0,0.0,0.0,0.0,54.070288575140054
2017-10-24,all_tradable,0,0,0.0,0.0,0.0,0.0,54.070288575140054
2017-10-25,all_tradable,0,0,0.0,0.0,0.0,0.0,54.070288575140054
2017-10-26,all_tradable,0,0,0.0,0.0,0.0,0.0,54.070288575140054
2017-10-27,all_tradable,0,0,0.0,0.0,0.0,0.0,54.070288575140054
2017-10-30,all_tradable,0,0,0.0,0.0,0.0,0.0,54.070288575140054
2017-10-31,all_tradable,0,0,0.0,0.0,0.0,0.0,54.070288575140054
2017-11-01,all_tradable,0,0,0.0,0.0,0.0,0.0,54.070288575140054
2017-11-02,all_tradable,0,0,0.0,0.0,0.0,0.0,54.070288575140054
2017-11-03,all_tradable,0,0,0.0,0.0,0.0,0.0,54.070288575140054
2017-11-06,all_tradable,0,0,0.0,0.0,0.0,0.0,54.070288575140054
2017-11-07,all_tradable,0,0,0.0,0.0,0.0,0.0,54.070288575140054
2017-11-08,all_tradable,0,0,0.0,0.0,0.0,0.0,54.070288575140054
2017-11-09,all_tradable,0,0,0.0,0.0,0.0,0.0,54.070288575140054
2017-11-10,all_tradable,0,0,0.0,0.0,0.0,0.0,54.070288575140054
2017-11-13,all_tradable,0,0,0.0,0.0,0.0,0.0,54.070288575140054
2017-11-14,all_tradable,0,0,0.0,0.0,0.0,0.0,54.070288575140054
2017-11-15,all_tradable,0,0,0.0,0.0,0.0,0.0,54.070288575140054
2017-11-16,all_tradable,0,0,0.0,0.0,0.0,0.0,54.070288575140054
2017-11-17,all_tradable,0,0,0.0,0.0,0.0,0.0,54.070288575140054
2017-11-20,all_tradable,0,0,0.0,0.0,0.0,0.0,54.070288575140054
2017-11-21,all_tradable,0,0,0.0,0.0,0.0,0.0,54.070288575140054
2017-11-22,all_tradable,0,0,0.0,0.0,0.0,0.0,54.070288575140054
2017-11-23,all_tradable,0,0,0.0,0.0,0.0,0.0,54.070288575140054
2017-11-24,all_tradable,0,0,0.0,0.0,0.0,0.0,54.070288575140054
2017-11-27,all_tradable,0,0,0.0,0.0,0.0,0.0,54.070288575140054
2017-11-28,all_tradable,0,0,0.0,0.0,0.0,0.0,54.070288575140054
2017-11-29,all_tradable,0,0,0.0,0.0,0.0,0.0,54.070288575140054
2017-11-30,all_tradable,0,0,0.0,0.0,0.0,0.0,54.070288575140054
2017-12-01,all_tradable,0,0,0.0,0.0,0.0,0.0,54.070288575140054
2017-12-04,all_tradable,0,0,0.0,0.0,0.0,0.0,54.070288575140054
2017-12-05,all_tradable,0,0,0.0,0.0,0.0,0.0,54.070288575140054
2017-12-06,all_tradable,0,0,0.0,0.0,0.0,0.0,54.070288575140054
2017-12-07,all_tradable,0,0,0.0,0.0,0.0,0.0,54.070288575140054
2017-12-08,all_tradable,0,0,0.0,0.0,0.0,0.0,54.070288575140054
2017-12-11,all_tradable,0,0,0.0,0.0,0.0,0.0,54.070288575140054
2017-12-12,all_tradable,0,0,0.0,0.0,0.0,0.0,54.070288575140054
2017-12-13,all_tradable,0,0,0.0,0.0,0.0,0.0,54.070288575140054
2017-12-14,all_tradable,0,0,0.0,0.0,0.0,0.0,54.070288575140054
2017-12-15,all_tradable,0,0,0.0,0.0,0.0,0.0,54.070288575140054
2017-12-18,all_tradable,0,0,0.0,0.0,0.0,0.0,54.070288575140054
2017-12-19,all_tradable,0,0,0.0,0.0,0.0,0.0,54.070288575140054
2017-12-20,all_tradable,0,0,0.0,0.0,0.0,0.0,54.070288575140054
2017-12-21,all_tradable,0,0,0.0,0.0,0.0,0.0,54.070288575140054
2017-12-22,all_tradable,0,0,0.0,0.0,0.0,0.0,54.070288575140054
2017-12-25,all_tradable,0,0,0.0,0.0,0.0,0.0,54.070288575140054
2017-12-26,all_tradable,0,0,0.0,0.0,0.0,0.0,54.070288575140054
2017-12-27,all_tradable,0,0,0.0,0.0,0.0,0.0,54.070288575140054
2017-12-28,all_tradable,0,0,0.0,0.0,0.0,0.0,54.070288575140054
2017-12-29,all_tradable,0,0,0.0,0.0,0.0,0.0,54.070288575140054
2018-01-01,all_tradable,0,0,0.0,0.0,0.0,0.0,54.070288575140054
2018-01-02,all_tradable,0,0,0.0,0.0,0.0,0.0,54.070288575140054
2018-01-03,all_tradable,0,0,0.0,0.0,0.0,0.0,54.070288575140054
2018-01-04,all_tradable,0,0,0.0,0.0,0.0,0.0,54.070288575140054
2018-01-05,all_tradable,0,0,0.0,0.0,0.0,0.0,54.070288575140054
2018-01-08,all_tradable,0,0,0.0,0.0,0.0,0.0,54.070288575140054
2018-01-09,all_tradable,0,0,0.0,0.0,0.0,0.0,54.070288575140054
2018-01-10,all_tradable,0,0,0.0,0.0,0.0,0.0,54.070288575140054
2018-01-11,all_tradable,0,0,0.0,0.0,0.0,0.0,54.070288575140054
2018-01-12,all_tradable,0,0,0.0,0.0,0.0,0.0,54.070288575140054
2018-01-15,all_tradable,0,0,0.0,0.0,0.0,0.0,54.070288575140054
2018-01-16,all_tradable,0,0,0.0,0.0,0.0,0.0,54.070288575140054
2018-01-17,all_tradable,0,0,0.0,0.0,0.0,0.0,54.070288575140054
2018-01-18,all_tradable,0,0,0.0,0.0,0.0,0.0,54.070288575140054
2018-01-19,all_tradable,0,0,0.0,0.0,0.0,0.0,54.070288575140054
2018-01-22,all_tradable,0,0,0.0,0.0,0.0,0.0,54.070288575140054
2018-01-23,all_tradable,0,0,0.0,0.0,0.0,0.0,54.070288575140054
2018-01-24,all_tradable,0,0,0.0,0.0,0.0,0.0,54.070288575140054
2018-01-25,all_tradable,0,0,0.0,0.0,0.0,0.0,54.070288575140054
2018-01-26,all_tradable,0,0,0.0,0.0,0.0,0.0,54.070288575140054
2018-01-29,all_tradable,0,0,0.0,0.0,0.0,0.0,54.070288575140054
2018-01-30,all_tradable,0,0,0.0,0.0,0.0,0.0,54.070288575140054
2018-01-31,all_tradable,0,0,0.0,0.0,0.0,0.0,54.070288575140054
2018-02-01,all_tradable,0,0,0.0,0.0,0.0,0.0,54.070288575140054
2018-02-02,all_tradable,0,0,0.0,0.0,0.0,0.0,54.070288575140054
2018-02-05,all_tradable,0,0,0.0,0.0,0.0,0.0,54.070288575140054
2018-02-06,all_tradable,0,0,0.0,0.0,0.0,0.0,54.070288575140054
2018-02-07,all_tradable,0,0,0.0,0.0,0.0,0.0,54.070288575140054
2018-02-08,all_tradable,0,0,0.0,0.0,0.0,0.0,54.070288575140054
2018-02-09,all_tradable,0,0,0.0,0.0,0.0,0.0,54.070288575140054
2018-02-12,all_tradable,0,0,0.0,0.0,0.0,0.0,54.070288575140054
2018-02-13,all_tradable,0,0,0.0,0.0,0.0,0.0,54.070288575140054
2018-02-14,all_tradable,0,0,0.0,0.0,0.0,0.0,54.070288575140054
2018-02-15,all_tradable,0,0,0.0,0.0,0.0,0.0,54.070288575140054
2018-02-16,all_tradable,0,0,0.0,0.0,0.0,0.0,54.070288575140054
2018-02-19,all_tradable,0,0,0.0,0.0,0.0,0.0,54.070288575140054
2018-02-20,all_tradable,0,0,0.0,0.0,0.0,0.0,54.070288575140054
2018-02-21,all_tradable,0,0,0.0,0.0,0.0,0.0,54.070288575140054
2018-02-22,all_tradable,0,0,0.0,0.0,0.0,0.0,54.070288575140054
2018-02-23,all_tradable,0,0,0.0,0.0,0.0,0.0,54.070288575140054
2018-02-26,all_tradable,0,0,0.0,0.0,0.0,0.0,54.070288575140054
2018-02-27,all_tradable,0,0,0.0,0.0,0.0,0.0,54.070288575140054
2018-02-28,all_tradable,0,0,0.0,0.0,0.0,0.0,54.070288575140054
2018-03-01,all_tradable,0,0,0.0,0.0,0.0,0.0,54.070288575140054
2018-03-02,all_tradable,0,0,0.0,0.0,0.0,0.0,54.070288575140054
2018-03-05,all_tradable,0,0,0.0,0.0,0.0,0.0,54.070288575140054
2018-03-06,all_tradable,0,0,0.0,0.0,0.0,0.0,54.070288575140054
2018-03-07,all_tradable,0,0,0.0,0.0,0.0,0.0,54.070288575140054
2018-03-08,all_tradable,0,0,0.0,0.0,0.0,0.0,54.070288575140054
2018-03-09,all_tradable,0,0,0.0,0.0,0.0,0.0,54.070288575140054
2018-03-12,all_tradable,0,0,0.0,0.0,0.0,0.0,54.070288575140054
2018-03-13,all_tradable,0,0,0.0,0.0,0.0,0.0,54.070288575140054
2018-03-14,all_tradable,0,0,0.0,0.0,0.0,0.0,54.070288575140054
2018-03-15,all_tradable,0,0,0.0,0.0,0.0,0.0,54.070288575140054
2018-03-16,all_tradable,0,0,0.0,0.0,0.0,0.0,54.070288575140054
2018-03-19,all_tradable,0,0,0.0,0.0,0.0,0.0,54.070288575140054
2018-03-20,all_tradable,0,0,0.0,0.0,0.0,0.0,54.070288575140054
2018-03-21,all_tradable,0,0,0.0,0.0,0.0,0.0,54.070288575140054
2018-03-22,all_tradable,0,0,0.0,0.0,0.0,0.0,54.070288575140054
2018-03-23,all_tradable,0,0,0.0,0.0,0.0,0.0,54.070288575140054
2018-03-26,all_tradable,0,0,0.0,0.0,0.0,0.0,54.070288575140054
2018-03-27,all_tradable,0,0,0.0,0.0,0.0,0.0,54.070288575140054
2018-03-28,all_tradable,0,0,0.0,0.0,0.0,0.0,54.070288575140054
2018-03-29,all_tradable,0,0,0.0,0.0,0.0,0.0,54.070288575140054
2018-03-30,all_tradable,0,0,0.0,0.0,0.0,0.0,54.070288575140054
2018-04-02,all_tradable,0,0,0.0,0.0,0.0,0.0,54.070288575140054
2018-04-03,all_tradable,0,0,0.0,0.0,0.0,0.0,54.070288575140054
2018-04-04,all_tradable,0,0,0.0,0.0,0.0,0.0,54.070288575140054
2018-04-05,all_tradable,0,0,0.0,0.0,0.0,0.0,54.070288575140054
2018-04-06,all_tradable,0,0,0.0,0.0,0.0,0.0,54.070288575140054
2018-04-09,all_tradable,0,0,0.0,0.0,0.0,0.0,54.070288575140054
2018-04-10,all_tradable,0,0,0.0,0.0,0.0,0.0,54.070288575140054
2018-04-11,all_tradable,0,0,0.0,0.0,0.0,0.0,54.070288575140054
2018-04-12,all_tradable,0,0,0.0,0.0,0.0,0.0,54.070288575140054
2018-04-13,all_tradable,0,0,0.0,0.0,0.0,0.0,54.070288575140054
2018-04-16,all_tradable,0,0,0.0,0.0,0.0,0.0,54.070288575140054
2018-04-17,all_tradable,0,0,0.0,0.0,0.0,0.0,54.070288575140054
2018-04-18,all_tradable,0,0,0.0,0.0,0.0,0.0,54.070288575140054
2018-04-19,all_tradable,0,0,0.0,0.0,0.0,0.0,54.070288575140054
2018-04-20,all_tradable,0,0,0.0,0.0,0.0,0.0,54.070288575140054
2018-04-23,all_tradable,0,0,0.0,0.0,0.0,0.0,54.070288575140054
2018-04-24,all_tradable,0,0,0.0,0.0,0.0,0.0,54.070288575140054
2018-04-25,all_tradable,0,0,0.0,0.0,0.0,0.0,54.070288575140054
2018-04-26,all_tradable,0,0,0.0,0.0,0.0,0.0,54.070288575140054
2018-04-27,all_tradable,0,0,0.0,0.0,0.0,0.0,54.070288575140054
2018-04-30,all_tradable,0,0,0.0,0.0,0.0,0.0,54.070288575140054
2018-05-01,all_tradable,0,0,0.0,0.0,0.0,0.0,54.070288575140054
2018-05-02,all_tradable,0,0,0.0,0.0,0.0,0.0,54.070288575140054
2018-05-03,all_tradable,0,0,0.0,0.0,0.0,0.0,54.070288575140054
2018-05-04,all_tradable,0,0,0.0,0.0,0.0,0.0,54.070288575140054
2018-05-07,all_tradable,0,0,0.0,0.0,0.0,0.0,54.070288575140054
2018-05-08,all_tradable,0,0,0.0,0.0,0.0,0.0,54.070288575140054
2018-05-09,all_tradable,0,0,0.0,0.0,0.0,0.0,54.070288575140054
2018-05-10,all_tradable,0,0,0.0,0.0,0.0,0.0,54.070288575140054
2018-05-11,all_tradable,0,0,0.0,0.0,0.0,0.0,54.070288575140054
2018-05-14,all_tradable,0,0,0.0,0.0,0.0,0.0,54.070288575140054
2018-05-15,all_tradable,0,0,0.0,0.0,0.0,0.0,54.070288575140054
2018-05-16,all_tradable,0,0,0.0,0.0,0.0,0.0,54.070288575140054
2018-05-17,all_tradable,0,0,0.0,0.0,0.0,0.0,54.070288575140054
2018-05-18,all_tradable,0,0,0.0,0.0,0.0,0.0,54.070288575140054
2018-05-21,all_tradable,0,0,0.0,0.0,0.0,0.0,54.070288575140054
2018-05-22,all_tradable,0,0,0.0,0.0,0.0,0.0,54.070288575140054
2018-05-23,all_tradable,0,0,0.0,0.0,0.0,0.0,54.070288575140054
2018-05-24,all_tradable,0,0,0.0,0.0,0.0,0.0,54.070288575140054
2018-05-25,all_tradable,0,0,0.0,0.0,0.0,0.0,54.070288575140054
2018-05-28,all_tradable,0,0,0.0,0.0,0.0,0.0,54.070288575140054
2018-05-29,all_tradable,0,0,0.0,0.0,0.0,0.0,54.070288575140054
2018-05-30,all_tradable,0,0,0.0,0.0,0.0,0.0,54.070288575140054
2018-05-31,all_tradable,0,0,0.0,0.0,0.0,0.0,54.070288575140054
2018-06-01,all_tradable,0,0,0.0,0.0,0.0,0.0,54.070288575140054
2018-06-04,all_tradable,0,0,0.0,0.0,0.0,0.0,54.070288575140054
2018-06-05,all_tradable,0,0,0.0,0.0,0.0,0.0,54.070288575140054
2018-06-06,all_tradable,0,0,0.0,0.0,0.0,0.0,54.070288575140054
2018-06-07,all_tradable,0,0,0.0,0.0,0.0,0.0,54.070288575140054
2018-06-08,all_tradable,0,0,0.0,0.0,0.0,0.0,54.070288575140054
2018-06-11,all_tradable,0,0,0.0,0.0,0.0,0.0,54.070288575140054
2018-06-12,all_tradable,0,0,0.0,0.0,0.0,0.0,54.070288575140054
2018-06-13,all_tradable,0,0,0.0,0.0,0.0,0.0,54.070288575140054
2018-06-14,all_tradable,0,0,0.0,0.0,0.0,0.0,54.070288575140054
2018-06-15,all_tradable,0,0,0.0,0.0,0.0,0.0,54.070288575140054
2018-06-18,all_tradable,0,0,0.0,0.0,0.0,0.0,54.070288575140054
2018-06-19,all_tradable,0,0,0.0,0.0,0.0,0.0,54.070288575140054
2018-06-20,all_tradable,0,0,0.0,0.0,0.0,0.0,54.070288575140054
2018-06-21,all_tradable,0,0,0.0,0.0,0.0,0.0,54.070288575140054
2018-06-22,all_tradable,0,0,0.0,0.0,0.0,0.0,54.070288575140054
2018-06-25,all_tradable,0,0,0.0,0.0,0.0,0.0,54.070288575140054
2018-06-26,all_tradable,0,0,0.0,0.0,0.0,0.0,54.070288575140054
2018-06-27,all_tradable,0,0,0.0,0.0,0.0,0.0,54.070288575140054
2018-06-28,all_tradable,0,0,0.0,0.0,0.0,0.0,54.070288575140054
2018-06-29,all_tradable,0,0,0.0,0.0,0.0,0.0,54.070288575140054
2018-07-02,all_tradable,0,0,0.0,0.0,0.0,0.0,54.070288575140054
2018-07-03,all_tradable,0,0,0.0,0.0,0.0,0.0,54.070288575140054
2018-07-04,all_tradable,0,0,0.0,0.0,0.0,0.0,54.070288575140054
2018-07-05,all_tradable,0,0,0.0,0.0,0.0,0.0,54.070288575140054
2018-07-06,all_tradable,0,0,0.0,0.0,0.0,0.0,54.070288575140054
2018-07-09,all_tradable,0,0,0.0,0.0,0.0,0.0,54.070288575140054
2018-07-10,all_tradable,0,0,0.0,0.0,0.0,0.0,54.070288575140054
2018-07-11,all_tradable,0,0,0.0,0.0,0.0,0.0,54.070288575140054
2018-07-12,all_tradable,0,0,0.0,0.0,0.0,0.0,54.070288575140054
2018-07-13,all_tradable,0,0,0.0,0.0,0.0,0.0,54.070288575140054
2018-07-16,all_tradable,0,0,0.0,0.0,0.0,0.0,54.070288575140054
2018-07-17,all_tradable,0,0,0.0,0.0,0.0,0.0,54.070288575140054
2018-07-18,all_tradable,0,0,0.0,0.0,0.0,0.0,54.070288575140054
2018-07-19,all_tradable,0,0,0.0,0.0,0.0,0.0,54.070288575140054
2018-07-20,all_tradable,0,0,0.0,0.0,0.0,0.0,54.070288575140054
2018-07-23,all_tradable,0,0,0.0,0.0,0.0,0.0,54.070288575140054
2018-07-24,all_tradable,0,0,0.0,0.0,0.0,0.0,54.070288575140054
2018-07-25,all_tradable,0,0,0.0,0.0,0.0,0.0,54.070288575140054
2018-07-26,all_tradable,0,0,0.0,0.0,0.0,0.0,54.070288575140054
2018-07-27,all_tradable,0,0,0.0,0.0,0.0,0.0,54.070288575140054
2018-07-30,all_tradable,0,0,0.0,0.0,0.0,0.0,54.070288575140054
2018-07-31,all_tradable,0,0,0.0,0.0,0.0,0.0,54.070288575140054
2018-08-01,all_tradable,0,0,0.0,0.0,0.0,0.0,54.070288575140054
2018-08-02,all_tradable,0,0,0.0,0.0,0.0,0.0,54.070288575140054
2018-08-03,all_tradable,0,0,0.0,0.0,0.0,0.0,54.070288575140054
2018-08-06,all_tradable,0,0,0.0,0.0,0.0,0.0,54.070288575140054
2018-08-07,all_tradable,0,0,0.0,0.0,0.0,0.0,54.070288575140054
2018-08-08,all_tradable,0,0,0.0,0.0,0.0,0.0,54.070288575140054
2018-08-09,all_tradable,0,0,0.0,0.0,0.0,0.0,54.070288575140054
2018-08-10,all_tradable,0,0,0.0,0.0,0.0,0.0,54.070288575140054
2018-08-13,all_tradable,0,0,0.0,0.0,0.0,0.0,54.070288575140054
2018-08-14,all_tradable,0,0,0.0,0.0,0.0,0.0,54.070288575140054
2018-08-15,all_tradable,0,0,0.0,0.0,0.0,0.0,54.070288575140054
2018-08-16,all_tradable,0,0,0.0,0.0,0.0,0.0,54.070288575140054
2018-08-17,all_tradable,0,0,0.0,0.0,0.0,0.0,54.070288575140054
2018-08-20,all_tradable,0,0,0.0,0.0,0.0,0.0,54.070288575140054
2018-08-21,all_tradable,0,0,0.0,0.0,0.0,0.0,54.070288575140054
2018-08-22,all_tradable,0,0,0.0,0.0,0.0,0.0,54.070288575140054
2018-08-23,all_tradable,0,0,0.0,0.0,0.0,0.0,54.070288575140054
2018-08-24,all_tradable,0,0,0.0,0.0,0.0,0.0,54.070288575140054
2018-08-27,all_tradable,0,0,0.0,0.0,0.0,0.0,54.070288575140054
2018-08-28,all_tradable,0,0,0.0,0.0,0.0,0.0,54.070288575140054
2018-08-29,all_tradable,0,0,0.0,0.0,0.0,0.0,54.070288575140054
2018-08-30,all_tradable,0,0,0.0,0.0,0.0,0.0,54.070288575140054
2018-08-31,all_tradable,0,0,0.0,0.0,0.0,0.0,54.070288575140054
2018-09-03,all_tradable,0,0,0.0,0.0,0.0,0.0,54.070288575140054
2018-09-04,all_tradable,0,0,0.0,0.0,0.0,0.0,54.070288575140054
2018-09-05,all_tradable,0,0,0.0,0.0,0.0,0.0,54.070288575140054
2018-09-06,all_tradable,0,0,0.0,0.0,0.0,0.0,54.070288575140054
2018-09-07,all_tradable,0,0,0.0,0.0,0.0,0.0,54.070288575140054
2018-09-10,all_tradable,0,0,0.0,0.0,0.0,0.0,54.070288575140054
2018-09-11,all_tradable,0,0,0.0,0.0,0.0,0.0,54.070288575140054
2018-09-12,all_tradable,0,0,0.0,0.0,0.0,0.0,54.070288575140054
2018-09-13,all_tradable,0,0,0.0,0.0,0.0,0.0,54.070288575140054
2018-09-14,all_tradable,0,0,0.0,0.0,0.0,0.0,54.070288575140054
2018-09-17,all_tradable,0,0,0.0,0.0,0.0,0.0,54.070288575140054
2018-09-18,all_tradable,0,0,0.0,0.0,0.0,0.0,54.070288575140054
2018-09-19,all_tradable,0,0,0.0,0.0,0.0,0.0,54.070288575140054
2018-09-20,all_tradable,0,0,0.0,0.0,0.0,0.0,54.070288575140054
2018-09-21,all_tradable,0,0,0.0,0.0,0.0,0.0,54.070288575140054
2018-09-24,all_tradable,0,0,0.0,0.0,0.0,0.0,54.070288575140054
2018-09-25,all_tradable,0,0,0.0,0.0,0.0,0.0,54.070288575140054
2018-09-26,all_tradable,0,0,0.0,0.0,0.0,0.0,54.070288575140054
2018-09-27,all_tradable,0,0,0.0,0.0,0.0,0.0,54.070288575140054
2018-09-28,all_tradable,0,0,0.0,0.0,0.0,0.0,54.070288575140054
2018-10-01,all_tradable,0,0,0.0,0.0,0.0,0.0,54.070288575140054
2018-10-02,all_tradable,0,0,0.0,0.0,0.0,0.0,54.070288575140054
2018-10-03,all_tradable,0,0,0.0,0.0,0.0,0.0,54.070288575140054
2018-10-04,all_tradable,0,0,0.0,0.0,0.0,0.0,54.070288575140054
2018-10-05,all_tradable,0,0,0.0,0.0,0.0,0.0,54.070288575140054
2018-10-08,all_tradable,0,0,0.0,0.0,0.0,0.0,54.070288575140054
2018-10-09,all_tradable,0,0,0.0,0.0,0.0,0.0,54.070288575140054
2018-10-10,all_tradable,0,0,0.0,0.0,0.0,0.0,54.070288575140054
2018-10-11,all_tradable,0,0,0.0,0.0,0.0,0.0,54.070288575140054
2018-10-12,all_tradable,0,0,0.0,0.0,0.0,0.0,54.070288575140054
2018-10-15,all_tradable,0,0,0.0,0.0,0.0,0.0,54.070288575140054
2018-10-16,all_tradable,0,0,0.0,0.0,0.0,0.0,54.070288575140054
2018-10-17,all_tradable,0,0,0.0,0.0,0.0,0.0,54.070288575140054
2018-10-18,all_tradable,0,0,0.0,0.0,0.0,0.0,54.070288575140054
2018-10-19,all_tradable,0,0,0.0,0.0,0.0,0.0,54.070288575140054
2018-10-22,all_tradable,0,0,0.0,0.0,0.0,0.0,54.070288575140054
2018-10-23,all_tradable,0,0,0.0,0.0,0.0,0.0,54.070288575140054
2018-10-24,all_tradable,0,0,0.0,0.0,0.0,0.0,54.070288575140054
2018-10-25,all_tradable,0,0,0.0,0.0,0.0,0.0,54.070288575140054
2018-10-26,all_tradable,0,0,0.0,0.0,0.0,0.0,54.070288575140054
2018-10-29,all_tradable,0,0,0.0,0.0,0.0,0.0,54.070288575140054
2018-10-30,all_tradable,0,0,0.0,0.0,0.0,0.0,54.070288575140054
2018-10-31,all_tradable,0,0,0.0,0.0,0.0,0.0,54.070288575140054
2018-11-01,all_tradable,0,0,0.0,0.0,0.0,0.0,54.070288575140054
2018-11-02,all_tradable,0,0,0.0,0.0,0.0,0.0,54.070288575140054
2018-11-05,all_tradable,0,0,0.0,0.0,0.0,0.0,54.070288575140054
2018-11-06,all_tradable,0,0,0.0,0.0,0.0,0.0,54.070288575140054
2018-11-07,all_tradable,0,0,0.0,0.0,0.0,0.0,54.070288575140054
2018-11-08,all_tradable,0,0,0.0,0.0,0.0,0.0,54.070288575140054
2018-11-09,all_tradable,0,0,0.0,0.0,0.0,0.0,54.070288575140054
2018-11-12,all_tradable,0,0,0.0,0.0,0.0,0.0,54.070288575140054
2018-11-13,all_tradable,0,0,0.0,0.0,0.0,0.0,54.070288575140054
2018-11-14,all_tradable,0,0,0.0,0.0,0.0,0.0,54.070288575140054
2018-11-15,all_tradable,0,0,0.0,0.0,0.0,0.0,54.070288575140054
2018-11-16,all_tradable,0,0,0.0,0.0,0.0,0.0,54.070288575140054
2018-11-19,all_tradable,0,0,0.0,0.0,0.0,0.0,54.070288575140054
2018-11-20,all_tradable,0,0,0.0,0.0,0.0,0.0,54.070288575140054
2018-11-21,all_tradable,0,0,0.0,0.0,0.0,0.0,54.070288575140054
2018-11-22,all_tradable,0,0,0.0,0.0,0.0,0.0,54.070288575140054
2018-11-23,all_tradable,0,0,0.0,0.0,0.0,0.0,54.070288575140054
2018-11-26,all_tradable,1,1,28587165.007,0.0,0.0,0.0,54.070288575140054
2018-11-27,all_tradable,1,1,28587165.007,-0.0065258774538964,-0.0065258774538964,-0.65258774538964,53.417700829750416
2018-11-28,all_tradable,1,1,28587165.007,-0.0253450327186199,-0.0253450327186199,-2.5345032718619898,50.88319755788843
2018-11-29,all_tradable,1,1,28587165.007,0.0006412849494347,0.0006412849494347,0.06412849494347,50.9473260528319
2018-11-30,all_tradable,1,1,28587165.007,-0.0243646638905412,-0.0243646638905412,-2.4364663890541203,48.51085966377778
2018-12-03,all_tradable,1,1,28587165.007,0.0144470553242118,0.0144470553242118,1.44470553242118,49.95556519619896
2018-12-04,all_tradable,1,1,28587165.007,0.012655264723379,0.012655264723379,1.2655264723379,51.22109166853686
2018-12-05,all_tradable,0,0,0.0,0.0,0.0,0.0,51.22109166853686
2018-12-06,all_tradable,1,1,28587165.007,-0.022232004759072,-0.022232004759072,-2.2232004759072,48.99789119262966
2018-12-07,all_tradable,1,1,28587165.007,0.0209559785841761,0.0209559785841761,2.09559785841761,51.09348905104727
2018-12-10,all_tradable,1,1,28587165.007,0.0329729327781082,0.0329729327781082,3.29729327781082,54.39078232885809
2018-12-11,all_tradable,1,1,28587165.007,-0.0032629387269482,-0.0032629387269482,-0.32629387269482,54.064488456163275
2018-12-12,all_tradable,1,1,28587165.007,-0.0197388459250444,-0.0197388459250444,-1.97388459250444,52.090603863658835
2018-12-13,all_tradable,1,1,28587165.007,-0.0018444378346223,-0.0018444378346223,-0.18444378346223,51.90616008019661
2018-12-14,all_tradable,1,1,28587165.007,0.0324455681142177,0.0324455681142177,3.24455681142177,55.15071689161838
2018-12-17,all_tradable,1,1,28587165.007,0.0170243902439023,0.0170243902439023,1.70243902439023,56.85315591600861
2018-12-18,all_tradable,1,1,28587165.007,-0.0044991076740035,-0.0044991076740035,-0.44991076740035,56.40324514860826
2018-12-19,all_tradable,1,1,28587165.007,-0.0224785657346816,-0.0224785657346816,-2.2478565734681597,54.15538857514011
2018-12-20,all_tradable,0,0,0.0,0.0,0.0,0.0,54.15538857514011
2018-12-21,all_tradable,0,0,0.0,0.0,0.0,0.0,54.15538857514011
2018-12-24,all_tradable,0,0,0.0,0.0,0.0,0.0,54.15538857514011
2018-12-25,all_tradable,0,0,0.0,0.0,0.0,0.0,54.15538857514011
2018-12-26,all_tradable,0,0,0.0,0.0,0.0,0.0,54.15538857514011
2018-12-27,all_tradable,0,0,0.0,0.0,0.0,0.0,54.15538857514011
2018-12-28,all_tradable,0,0,0.0,0.0,0.0,0.0,54.15538857514011
2018-12-31,all_tradable,0,0,0.0,0.0,0.0,0.0,54.15538857514011
2019-01-01,all_tradable,0,0,0.0,0.0,0.0,0.0,54.15538857514011
2019-01-02,all_tradable,0,0,0.0,0.0,0.0,0.0,54.15538857514011
2019-01-03,all_tradable,0,0,0.0,0.0,0.0,0.0,54.15538857514011
2019-01-04,all_tradable,0,0,0.0,0.0,0.0,0.0,54.15538857514011
2019-01-07,all_tradable,0,0,0.0,0.0,0.0,0.0,54.15538857514011
2019-01-08,all_tradable,0,0,0.0,0.0,0.0,0.0,54.15538857514011
2019-01-09,all_tradable,0,0,0.0,0.0,0.0,0.0,54.15538857514011
2019-01-10,all_tradable,0,0,0.0,0.0,0.0,0.0,54.15538857514011
2019-01-11,all_tradable,0,0,0.0,0.0,0.0,0.0,54.15538857514011
2019-01-14,all_tradable,0,0,0.0,0.0,0.0,0.0,54.15538857514011
2019-01-15,all_tradable,0,0,0.0,0.0,0.0,0.0,54.15538857514011
2019-01-16,all_tradable,0,0,0.0,0.0,0.0,0.0,54.15538857514011
2019-01-17,all_tradable,0,0,0.0,0.0,0.0,0.0,54.15538857514011
2019-01-18,all_tradable,0,0,0.0,0.0,0.0,0.0,54.15538857514011
2019-01-21,all_tradable,0,0,0.0,0.0,0.0,0.0,54.15538857514011
2019-01-22,all_tradable,0,0,0.0,0.0,0.0,0.0,54.15538857514011
2019-01-23,all_tradable,0,0,0.0,0.0,0.0,0.0,54.15538857514011
2019-01-24,all_tradable,0,0,0.0,0.0,0.0,0.0,54.15538857514011
2019-01-25,all_tradable,0,0,0.0,0.0,0.0,0.0,54.15538857514011
2019-01-28,all_tradable,0,0,0.0,0.0,0.0,0.0,54.15538857514011
2019-01-29,all_tradable,0,0,0.0,0.0,0.0,0.0,54.15538857514011
2019-01-30,all_tradable,0,0,0.0,0.0,0.0,0.0,54.15538857514011
2019-01-31,all_tradable,0,0,0.0,0.0,0.0,0.0,54.15538857514011
2019-02-01,all_tradable,0,0,0.0,0.0,0.0,0.0,54.15538857514011
2019-02-04,all_tradable,0,0,0.0,0.0,0.0,0.0,54.15538857514011
2019-02-05,all_tradable,0,0,0.0,0.0,0.0,0.0,54.15538857514011
2019-02-06,all_tradable,0,0,0.0,0.0,0.0,0.0,54.15538857514011
2019-02-07,all_tradable,0,0,0.0,0.0,0.0,0.0,54.15538857514011
2019-02-08,all_tradable,0,0,0.0,0.0,0.0,0.0,54.15538857514011
2019-02-11,all_tradable,0,0,0.0,0.0,0.0,0.0,54.15538857514011
2019-02-12,all_tradable,0,0,0.0,0.0,0.0,0.0,54.15538857514011
2019-02-13,all_tradable,0,0,0.0,0.0,0.0,0.0,54.15538857514011
2019-02-14,all_tradable,0,0,0.0,0.0,0.0,0.0,54.15538857514011
2019-02-15,all_tradable,0,0,0.0,0.0,0.0,0.0,54.15538857514011
2019-02-18,all_tradable,0,0,0.0,0.0,0.0,0.0,54.15538857514011
2019-02-19,all_tradable,0,0,0.0,0.0,0.0,0.0,54.15538857514011
2019-02-20,all_tradable,0,0,0.0,0.0,0.0,0.0,54.15538857514011
2019-02-21,all_tradable,0,0,0.0,0.0,0.0,0.0,54.15538857514011
2019-02-22,all_tradable,0,0,0.0,0.0,0.0,0.0,54.15538857514011
2019-02-25,all_tradable,0,0,0.0,0.0,0.0,0.0,54.15538857514011
2019-02-26,all_tradable,0,0,0.0,0.0,0.0,0.0,54.15538857514011
2019-02-27,all_tradable,0,0,0.0,0.0,0.0,0.0,54.15538857514011
2019-02-28,all_tradable,0,0,0.0,0.0,0.0,0.0,54.15538857514011
2019-03-01,all_tradable,0,0,0.0,0.0,0.0,0.0,54.15538857514011
2019-03-04,all_tradable,0,0,0.0,0.0,0.0,0.0,54.15538857514011
2019-03-05,all_tradable,0,0,0.0,0.0,0.0,0.0,54.15538857514011
2019-03-06,all_tradable,0,0,0.0,0.0,0.0,0.0,54.15538857514011
2019-03-07,all_tradable,0,0,0.0,0.0,0.0,0.0,54.15538857514011
2019-03-08,all_tradable,0,0,0.0,0.0,0.0,0.0,54.15538857514011
2019-03-11,all_tradable,0,0,0.0,0.0,0.0,0.0,54.15538857514011
2019-03-12,all_tradable,0,0,0.0,0.0,0.0,0.0,54.15538857514011
2019-03-13,all_tradable,0,0,0.0,0.0,0.0,0.0,54.15538857514011
2019-03-14,all_tradable,0,0,0.0,0.0,0.0,0.0,54.15538857514011
2019-03-15,all_tradable,0,0,0.0,0.0,0.0,0.0,54.15538857514011
2019-03-18,all_tradable,0,0,0.0,0.0,0.0,0.0,54.15538857514011
2019-03-19,all_tradable,0,0,0.0,0.0,0.0,0.0,54.15538857514011
2019-03-20,all_tradable,0,0,0.0,0.0,0.0,0.0,54.15538857514011
2019-03-21,all_tradable,0,0,0.0,0.0,0.0,0.0,54.15538857514011
2019-03-22,all_tradable,0,0,0.0,0.0,0.0,0.0,54.15538857514011
2019-03-25,all_tradable,0,0,0.0,0.0,0.0,0.0,54.15538857514011
2019-03-26,all_tradable,0,0,0.0,0.0,0.0,0.0,54.15538857514011
2019-03-27,all_tradable,0,0,0.0,0.0,0.0,0.0,54.15538857514011
2019-03-28,all_tradable,0,0,0.0,0.0,0.0,0.0,54.15538857514011
2019-03-29,all_tradable,0,0,0.0,0.0,0.0,0.0,54.15538857514011
2019-04-01,all_tradable,0,0,0.0,0.0,0.0,0.0,54.15538857514011
2019-04-02,all_tradable,0,0,0.0,0.0,0.0,0.0,54.15538857514011
2019-04-03,all_tradable,0,0,0.0,0.0,0.0,0.0,54.15538857514011
2019-04-04,all_tradable,0,0,0.0,0.0,0.0,0.0,54.15538857514011
2019-04-05,all_tradable,0,0,0.0,0.0,0.0,0.0,54.15538857514011
2019-04-08,all_tradable,1,1,25072300.252,0.0,0.0,0.0,54.15538857514011
2019-04-09,all_tradable,1,1,25072300.252,-0.0015446555146016,-0.0015446555146016,-0.15446555146016,54.000923023679945
2019-04-10,all_tradable,1,1,25072300.252,-0.0006626027785652,-0.0006626027785652,-0.06626027785652,53.934662745823424
2019-04-11,all_tradable,1,1,25072300.252,-0.0013271902466686,-0.0013271902466686,-0.13271902466686,53.80194372115656
2019-04-12,all_tradable,1,1,25072300.252,-0.0008820527360362,-0.0008820527360362,-0.08820527360362,53.71373844755294
2019-04-15,all_tradable,1,1,25072300.252,0.0008993478877233,0.0008993478877233,0.08993478877233001,53.80367323632527
2019-04-16,all_tradable,1,1,25072300.252,-7.116529628589243e-05,-7.116529628589243e-05,-0.007116529628589243,53.79655670669668
2019-04-17,all_tradable,1,1,25072300.252,0.0011239013325772,0.0011239013325772,0.11239013325772,53.908946839954396
2019-04-18,all_tradable,1,1,25072300.252,-0.0001635951233343,-0.0001635951233343,-0.01635951233343,53.892587327620966
2019-04-19,all_tradable,0,0,0.0,0.0,0.0,0.0,53.892587327620966
2019-04-22,all_tradable,1,1,25072300.252,-0.0075474907853699,-0.0075474907853699,-0.75474907853699,53.13783824908398
2019-04-23,all_tradable,1,1,25072300.252,0.0008485965409697,0.0008485965409697,0.08485965409697,53.22269790318095
2019-04-24,all_tradable,1,1,25072300.252,0.0002327757300822,0.0002327757300822,0.02327757300822,53.245975476189166
2019-04-25,all_tradable,1,1,25072300.252,0.003130989509498,0.003130989509498,0.3130989509498,53.55907442713897
2019-04-26,all_tradable,1,1,25072300.252,-0.0078605046781967,-0.0078605046781967,-0.7860504678196699,52.773023959319296
2019-04-29,all_tradable,1,1,25072300.252,0.0063473206691239,0.0063473206691239,0.63473206691239,53.40775602623169
2019-04-30,all_tradable,1,1,25072300.252,-0.0071165296285795,-0.0071165296285795,-0.71165296285795,52.69610306337375
2019-05-01,all_tradable,1,1,25072300.252,0.0016909554862488,0.0016909554862488,0.16909554862488,52.86519861199862
2019-05-02,all_tradable,1,1,25072300.252,0.0327328996314148,0.0327328996314148,3.27328996314148,56.1384885751401
2019-05-03,all_tradable,0,0,0.0,0.0,0.0,0.0,56.1384885751401
2019-05-06,all_tradable,0,0,0.0,0.0,0.0,0.0,56.1384885751401
2019-05-07,all_tradable,0,0,0.0,0.0,0.0,0.0,56.1384885751401
2019-05-08,all_tradable,0,0,0.0,0.0,0.0,0.0,56.1384885751401
2019-05-09,all_tradable,0,0,0.0,0.0,0.0,0.0,56.1384885751401
2019-05-10,all_tradable,0,0,0.0,0.0,0.0,0.0,56.1384885751401
2019-05-13,all_tradable,0,0,0.0,0.0,0.0,0.0,56.1384885751401
2019-05-14,all_tradable,0,0,0.0,0.0,0.0,0.0,56.1384885751401
2019-05-15,all_tradable,0,0,0.0,0.0,0.0,0.0,56.1384885751401
2019-05-16,all_tradable,0,0,0.0,0.0,0.0,0.0,56.1384885751401
2019-05-17,all_tradable,0,0,0.0,0.0,0.0,0.0,56.1384885751401
2019-05-20,all_tradable,0,0,0.0,0.0,0.0,0.0,56.1384885751401
2019-05-21,all_tradable,0,0,0.0,0.0,0.0,0.0,56.1384885751401
2019-05-22,all_tradable,0,0,0.0,0.0,0.0,0.0,56.1384885751401
2019-05-23,all_tradable,0,0,0.0,0.0,0.0,0.0,56.1384885751401
2019-05-24,all_tradable,0,0,0.0,0.0,0.0,0.0,56.1384885751401
2019-05-27,all_tradable,0,0,0.0,0.0,0.0,0.0,56.1384885751401
2019-05-28,all_tradable,0,0,0.0,0.0,0.0,0.0,56.1384885751401
2019-05-29,all_tradable,0,0,0.0,0.0,0.0,0.0,56.1384885751401
2019-05-30,all_tradable,0,0,0.0,0.0,0.0,0.0,56.1384885751401
2019-05-31,all_tradable,0,0,0.0,0.0,0.0,0.0,56.1384885751401
2019-06-03,all_tradable,0,0,0.0,0.0,0.0,0.0,56.1384885751401
2019-06-04,all_tradable,0,0,0.0,0.0,0.0,0.0,56.1384885751401
2019-06-05,all_tradable,0,0,0.0,0.0,0.0,0.0,56.1384885751401
2019-06-06,all_tradable,0,0,0.0,0.0,0.0,0.0,56.1384885751401
2019-06-07,all_tradable,0,0,0.0,0.0,0.0,0.0,56.1384885751401
2019-06-10,all_tradable,0,0,0.0,0.0,0.0,0.0,56.1384885751401
2019-06-11,all_tradable,0,0,0.0,0.0,0.0,0.0,56.1384885751401
2019-06-12,all_tradable,0,0,0.0,0.0,0.0,0.0,56.1384885751401
2019-06-13,all_tradable,0,0,0.0,0.0,0.0,0.0,56.1384885751401
2019-06-14,all_tradable,0,0,0.0,0.0,0.0,0.0,56.1384885751401
2019-06-17,all_tradable,0,0,0.0,0.0,0.0,0.0,56.1384885751401
2019-06-18,all_tradable,0,0,0.0,0.0,0.0,0.0,56.1384885751401
2019-06-19,all_tradable,0,0,0.0,0.0,0.0,0.0,56.1384885751401
2019-06-20,all_tradable,0,0,0.0,0.0,0.0,0.0,56.1384885751401
2019-06-21,all_tradable,0,0,0.0,0.0,0.0,0.0,56.1384885751401
2019-06-24,all_tradable,0,0,0.0,0.0,0.0,0.0,56.1384885751401
2019-06-25,all_tradable,0,0,0.0,0.0,0.0,0.0,56.1384885751401
2019-06-26,all_tradable,0,0,0.0,0.0,0.0,0.0,56.1384885751401
2019-06-27,all_tradable,0,0,0.0,0.0,0.0,0.0,56.1384885751401
2019-06-28,all_tradable,0,0,0.0,0.0,0.0,0.0,56.1384885751401
2019-07-01,all_tradable,0,0,0.0,0.0,0.0,0.0,56.1384885751401
2019-07-02,all_tradable,0,0,0.0,0.0,0.0,0.0,56.1384885751401
2019-07-03,all_tradable,0,0,0.0,0.0,0.0,0.0,56.1384885751401
2019-07-04,all_tradable,0,0,0.0,0.0,0.0,0.0,56.1384885751401
2019-07-05,all_tradable,0,0,0.0,0.0,0.0,0.0,56.1384885751401
2019-07-08,all_tradable,0,0,0.0,0.0,0.0,0.0,56.1384885751401
2019-07-09,all_tradable,0,0,0.0,0.0,0.0,0.0,56.1384885751401
2019-07-10,all_tradable,0,0,0.0,0.0,0.0,0.0,56.1384885751401
2019-07-11,all_tradable,0,0,0.0,0.0,0.0,0.0,56.1384885751401
2019-07-12,all_tradable,0,0,0.0,0.0,0.0,0.0,56.1384885751401
2019-07-15,all_tradable,0,0,0.0,0.0,0.0,0.0,56.1384885751401
2019-07-16,all_tradable,0,0,0.0,0.0,0.0,0.0,56.1384885751401
2019-07-17,all_tradable,0,0,0.0,0.0,0.0,0.0,56.1384885751401
2019-07-18,all_tradable,0,0,0.0,0.0,0.0,0.0,56.1384885751401
2019-07-19,all_tradable,0,0,0.0,0.0,0.0,0.0,56.1384885751401
2019-07-22,all_tradable,0,0,0.0,0.0,0.0,0.0,56.1384885751401
2019-07-23,all_tradable,0,0,0.0,0.0,0.0,0.0,56.1384885751401
2019-07-24,all_tradable,0,0,0.0,0.0,0.0,0.0,56.1384885751401
2019-07-25,all_tradable,0,0,0.0,0.0,0.0,0.0,56.1384885751401
2019-07-26,all_tradable,0,0,0.0,0.0,0.0,0.0,56.1384885751401
2019-07-29,all_tradable,0,0,0.0,0.0,0.0,0.0,56.1384885751401
2019-07-30,all_tradable,0,0,0.0,0.0,0.0,0.0,56.1384885751401
2019-07-31,all_tradable,0,0,0.0,0.0,0.0,0.0,56.1384885751401
2019-08-01,all_tradable,0,0,0.0,0.0,0.0,0.0,56.1384885751401
2019-08-02,all_tradable,0,0,0.0,0.0,0.0,0.0,56.1384885751401
2019-08-05,all_tradable,0,0,0.0,0.0,0.0,0.0,56.1384885751401
2019-08-06,all_tradable,0,0,0.0,0.0,0.0,0.0,56.1384885751401
2019-08-07,all_tradable,0,0,0.0,0.0,0.0,0.0,56.1384885751401
2019-08-08,all_tradable,0,0,0.0,0.0,0.0,0.0,56.1384885751401
2019-08-09,all_tradable,0,0,0.0,0.0,0.0,0.0,56.1384885751401
2019-08-12,all_tradable,0,0,0.0,0.0,0.0,0.0,56.1384885751401
2019-08-13,all_tradable,0,0,0.0,0.0,0.0,0.0,56.1384885751401
2019-08-14,all_tradable,0,0,0.0,0.0,0.0,0.0,56.1384885751401
2019-08-15,all_tradable,0,0,0.0,0.0,0.0,0.0,56.1384885751401
2019-08-16,all_tradable,0,0,0.0,0.0,0.0,0.0,56.1384885751401
2019-08-19,all_tradable,0,0,0.0,0.0,0.0,0.0,56.1384885751401
2019-08-20,all_tradable,0,0,0.0,0.0,0.0,0.0,56.1384885751401
2019-08-21,all_tradable,0,0,0.0,0.0,0.0,0.0,56.1384885751401
2019-08-22,all_tradable,0,0,0.0,0.0,0.0,0.0,56.1384885751401
2019-08-23,all_tradable,0,0,0.0,0.0,0.0,0.0,56.1384885751401
2019-08-26,all_tradable,0,0,0.0,0.0,0.0,0.0,56.1384885751401
2019-08-27,all_tradable,0,0,0.0,0.0,0.0,0.0,56.1384885751401
2019-08-28,all_tradable,0,0,0.0,0.0,0.0,0.0,56.1384885751401
2019-08-29,all_tradable,0,0,0.0,0.0,0.0,0.0,56.1384885751401
2019-08-30,all_tradable,0,0,0.0,0.0,0.0,0.0,56.1384885751401
2019-09-02,all_tradable,0,0,0.0,0.0,0.0,0.0,56.1384885751401
2019-09-03,all_tradable,0,0,0.0,0.0,0.0,0.0,56.1384885751401
2019-09-04,all_tradable,0,0,0.0,0.0,0.0,0.0,56.1384885751401
2019-09-05,all_tradable,0,0,0.0,0.0,0.0,0.0,56.1384885751401
2019-09-06,all_tradable,0,0,0.0,0.0,0.0,0.0,56.1384885751401
2019-09-09,all_tradable,0,0,0.0,0.0,0.0,0.0,56.1384885751401
2019-09-10,all_tradable,0,0,0.0,0.0,0.0,0.0,56.1384885751401
2019-09-11,all_tradable,0,0,0.0,0.0,0.0,0.0,56.1384885751401
2019-09-12,all_tradable,0,0,0.0,0.0,0.0,0.0,56.1384885751401
2019-09-13,all_tradable,0,0,0.0,0.0,0.0,0.0,56.1384885751401
2019-09-16,all_tradable,0,0,0.0,0.0,0.0,0.0,56.1384885751401
2019-09-17,all_tradable,0,0,0.0,0.0,0.0,0.0,56.1384885751401
2019-09-18,all_tradable,0,0,0.0,0.0,0.0,0.0,56.1384885751401
2019-09-19,all_tradable,0,0,0.0,0.0,0.0,0.0,56.1384885751401
2019-09-20,all_tradable,0,0,0.0,0.0,0.0,0.0,56.1384885751401
2019-09-23,all_tradable,0,0,0.0,0.0,0.0,0.0,56.1384885751401
2019-09-24,all_tradable,0,0,0.0,0.0,0.0,0.0,56.1384885751401
2019-09-25,all_tradable,0,0,0.0,0.0,0.0,0.0,56.1384885751401
2019-09-26,all_tradable,0,0,0.0,0.0,0.0,0.0,56.1384885751401
2019-09-27,all_tradable,0,0,0.0,0.0,0.0,0.0,56.1384885751401
2019-09-30,all_tradable,0,0,0.0,0.0,0.0,0.0,56.1384885751401
2019-10-01,all_tradable,0,0,0.0,0.0,0.0,0.0,56.1384885751401
2019-10-02,all_tradable,0,0,0.0,0.0,0.0,0.0,56.1384885751401
2019-10-03,all_tradable,0,0,0.0,0.0,0.0,0.0,56.1384885751401
2019-10-04,all_tradable,0,0,0.0,0.0,0.0,0.0,56.1384885751401
2019-10-07,all_tradable,0,0,0.0,0.0,0.0,0.0,56.1384885751401
2019-10-08,all_tradable,0,0,0.0,0.0,0.0,0.0,56.1384885751401
2019-10-09,all_tradable,0,0,0.0,0.0,0.0,0.0,56.1384885751401
2019-10-10,all_tradable,0,0,0.0,0.0,0.0,0.0,56.1384885751401
2019-10-11,all_tradable,0,0,0.0,0.0,0.0,0.0,56.1384885751401
2019-10-14,all_tradable,0,0,0.0,0.0,0.0,0.0,56.1384885751401
2019-10-15,all_tradable,0,0,0.0,0.0,0.0,0.0,56.1384885751401
2019-10-16,all_tradable,0,0,0.0,0.0,0.0,0.0,56.1384885751401
2019-10-17,all_tradable,0,0,0.0,0.0,0.0,0.0,56.1384885751401
2019-10-18,all_tradable,0,0,0.0,0.0,0.0,0.0,56.1384885751401
2019-10-21,all_tradable,0,0,0.0,0.0,0.0,0.0,56.1384885751401
2019-10-22,all_tradable,0,0,0.0,0.0,0.0,0.0,56.1384885751401
2019-10-23,all_tradable,0,0,0.0,0.0,0.0,0.0,56.1384885751401
2019-10-24,all_tradable,0,0,0.0,0.0,0.0,0.0,56.1384885751401
2019-10-25,all_tradable,0,0,0.0,0.0,0.0,0.0,56.1384885751401
2019-10-28,all_tradable,0,0,0.0,0.0,0.0,0.0,56.1384885751401
2019-10-29,all_tradable,0,0,0.0,0.0,0.0,0.0,56.1384885751401
2019-10-30,all_tradable,0,0,0.0,0.0,0.0,0.0,56.1384885751401
2019-10-31,all_tradable,0,0,0.0,0.0,0.0,0.0,56.1384885751401
2019-11-01,all_tradable,0,0,0.0,0.0,0.0,0.0,56.1384885751401
2019-11-04,all_tradable,0,0,0.0,0.0,0.0,0.0,56.1384885751401
2019-11-05,all_tradable,0,0,0.0,0.0,0.0,0.0,56.1384885751401
2019-11-06,all_tradable,0,0,0.0,0.0,0.0,0.0,56.1384885751401
2019-11-07,all_tradable,0,0,0.0,0.0,0.0,0.0,56.1384885751401
2019-11-08,all_tradable,0,0,0.0,0.0,0.0,0.0,56.1384885751401
2019-11-11,all_tradable,0,0,0.0,0.0,0.0,0.0,56.1384885751401
2019-11-12,all_tradable,0,0,0.0,0.0,0.0,0.0,56.1384885751401
2019-11-13,all_tradable,0,0,0.0,0.0,0.0,0.0,56.1384885751401
2019-11-14,all_tradable,0,0,0.0,0.0,0.0,0.0,56.1384885751401
2019-11-15,all_tradable,0,0,0.0,0.0,0.0,0.0,56.1384885751401
2019-11-18,all_tradable,0,0,0.0,0.0,0.0,0.0,56.1384885751401
2019-11-19,all_tradable,0,0,0.0,0.0,0.0,0.0,56.1384885751401
2019-11-20,all_tradable,0,0,0.0,0.0,0.0,0.0,56.1384885751401
2019-11-21,all_tradable,0,0,0.0,0.0,0.0,0.0,56.1384885751401
2019-11-22,all_tradable,0,0,0.0,0.0,0.0,0.0,56.1384885751401
2019-11-25,all_tradable,0,0,0.0,0.0,0.0,0.0,56.1384885751401
2019-11-26,all_tradable,0,0,0.0,0.0,0.0,0.0,56.1384885751401
2019-11-27,all_tradable,0,0,0.0,0.0,0.0,0.0,56.1384885751401
2019-11-28,all_tradable,0,0,0.0,0.0,0.0,0.0,56.1384885751401
2019-11-29,all_tradable,0,0,0.0,0.0,0.0,0.0,56.1384885751401
2019-12-02,all_tradable,0,0,0.0,0.0,0.0,0.0,56.1384885751401
2019-12-03,all_tradable,0,0,0.0,0.0,0.0,0.0,56.1384885751401
2019-12-04,all_tradable,0,0,0.0,0.0,0.0,0.0,56.1384885751401
2019-12-05,all_tradable,0,0,0.0,0.0,0.0,0.0,56.1384885751401
2019-12-06,all_tradable,0,0,0.0,0.0,0.0,0.0,56.1384885751401
2019-12-09,all_tradable,0,0,0.0,0.0,0.0,0.0,56.1384885751401
2019-12-10,all_tradable,0,0,0.0,0.0,0.0,0.0,56.1384885751401
2019-12-11,all_tradable,0,0,0.0,0.0,0.0,0.0,56.1384885751401
2019-12-12,all_tradable,0,0,0.0,0.0,0.0,0.0,56.1384885751401
2019-12-13,all_tradable,0,0,0.0,0.0,0.0,0.0,56.1384885751401
2019-12-16,all_tradable,0,0,0.0,0.0,0.0,0.0,56.1384885751401
2019-12-17,all_tradable,0,0,0.0,0.0,0.0,0.0,56.1384885751401
2019-12-18,all_tradable,0,0,0.0,0.0,0.0,0.0,56.1384885751401
2019-12-19,all_tradable,0,0,0.0,0.0,0.0,0.0,56.1384885751401
2019-12-20,all_tradable,0,0,0.0,0.0,0.0,0.0,56.1384885751401
2019-12-23,all_tradable,0,0,0.0,0.0,0.0,0.0,56.1384885751401
2019-12-24,all_tradable,0,0,0.0,0.0,0.0,0.0,56.1384885751401
2019-12-25,all_tradable,0,0,0.0,0.0,0.0,0.0,56.1384885751401
2019-12-26,all_tradable,0,0,0.0,0.0,0.0,0.0,56.1384885751401
2019-12-27,all_tradable,0,0,0.0,0.0,0.0,0.0,56.1384885751401
2019-12-30,all_tradable,0,0,0.0,0.0,0.0,0.0,56.1384885751401
2019-12-31,all_tradable,0,0,0.0,0.0,0.0,0.0,56.1384885751401
2020-01-01,all_tradable,0,0,0.0,0.0,0.0,0.0,56.1384885751401
2020-01-02,all_tradable,0,0,0.0,0.0,0.0,0.0,56.1384885751401
2020-01-03,all_tradable,0,0,0.0,0.0,0.0,0.0,56.1384885751401
2020-01-06,all_tradable,0,0,0.0,0.0,0.0,0.0,56.1384885751401
2020-01-07,all_tradable,0,0,0.0,0.0,0.0,0.0,56.1384885751401
2020-01-08,all_tradable,0,0,0.0,0.0,0.0,0.0,56.1384885751401
2020-01-09,all_tradable,0,0,0.0,0.0,0.0,0.0,56.1384885751401
2020-01-10,all_tradable,0,0,0.0,0.0,0.0,0.0,56.1384885751401
2020-01-13,all_tradable,0,0,0.0,0.0,0.0,0.0,56.1384885751401
2020-01-14,all_tradable,0,0,0.0,0.0,0.0,0.0,56.1384885751401
2020-01-15,all_tradable,0,0,0.0,0.0,0.0,0.0,56.1384885751401
2020-01-16,all_tradable,0,0,0.0,0.0,0.0,0.0,56.1384885751401
2020-01-17,all_tradable,0,0,0.0,0.0,0.0,0.0,56.1384885751401
2020-01-20,all_tradable,0,0,0.0,0.0,0.0,0.0,56.1384885751401
2020-01-21,all_tradable,0,0,0.0,0.0,0.0,0.0,56.1384885751401
2020-01-22,all_tradable,0,0,0.0,0.0,0.0,0.0,56.1384885751401
2020-01-23,all_tradable,0,0,0.0,0.0,0.0,0.0,56.1384885751401
2020-01-24,all_tradable,0,0,0.0,0.0,0.0,0.0,56.1384885751401
2020-01-27,all_tradable,0,0,0.0,0.0,0.0,0.0,56.1384885751401
2020-01-28,all_tradable,0,0,0.0,0.0,0.0,0.0,56.1384885751401
2020-01-29,all_tradable,0,0,0.0,0.0,0.0,0.0,56.1384885751401
2020-01-30,all_tradable,0,0,0.0,0.0,0.0,0.0,56.1384885751401
2020-01-31,all_tradable,0,0,0.0,0.0,0.0,0.0,56.1384885751401
2020-02-03,all_tradable,0,0,0.0,0.0,0.0,0.0,56.1384885751401
2020-02-04,all_tradable,0,0,0.0,0.0,0.0,0.0,56.1384885751401
2020-02-05,all_tradable,0,0,0.0,0.0,0.0,0.0,56.1384885751401
2020-02-06,all_tradable,0,0,0.0,0.0,0.0,0.0,56.1384885751401
2020-02-07,all_tradable,0,0,0.0,0.0,0.0,0.0,56.1384885751401
2020-02-10,all_tradable,0,0,0.0,0.0,0.0,0.0,56.1384885751401
2020-02-11,all_tradable,0,0,0.0,0.0,0.0,0.0,56.1384885751401
2020-02-12,all_tradable,0,0,0.0,0.0,0.0,0.0,56.1384885751401
2020-02-13,all_tradable,0,0,0.0,0.0,0.0,0.0,56.1384885751401
2020-02-14,all_tradable,0,0,0.0,0.0,0.0,0.0,56.1384885751401
2020-02-17,all_tradable,0,0,0.0,0.0,0.0,0.0,56.1384885751401
2020-02-18,all_tradable,0,0,0.0,0.0,0.0,0.0,56.1384885751401
2020-02-19,all_tradable,0,0,0.0,0.0,0.0,0.0,56.1384885751401
2020-02-20,all_tradable,0,0,0.0,0.0,0.0,0.0,56.1384885751401
2020-02-21,all_tradable,0,0,0.0,0.0,0.0,0.0,56.1384885751401
2020-02-24,all_tradable,0,0,0.0,0.0,0.0,0.0,56.1384885751401
2020-02-25,all_tradable,0,0,0.0,0.0,0.0,0.0,56.1384885751401
2020-02-26,all_tradable,0,0,0.0,0.0,0.0,0.0,56.1384885751401
2020-02-27,all_tradable,0,0,0.0,0.0,0.0,0.0,56.1384885751401
2020-02-28,all_tradable,0,0,0.0,0.0,0.0,0.0,56.1384885751401
2020-03-02,all_tradable,0,0,0.0,0.0,0.0,0.0,56.1384885751401
2020-03-03,all_tradable,0,0,0.0,0.0,0.0,0.0,56.1384885751401
2020-03-04,all_tradable,0,0,0.0,0.0,0.0,0.0,56.1384885751401
2020-03-05,all_tradable,0,0,0.0,0.0,0.0,0.0,56.1384885751401
2020-03-06,all_tradable,0,0,0.0,0.0,0.0,0.0,56.1384885751401
2020-03-09,all_tradable,0,0,0.0,0.0,0.0,0.0,56.1384885751401
2020-03-10,all_tradable,0,0,0.0,0.0,0.0,0.0,56.1384885751401
2020-03-11,all_tradable,0,0,0.0,0.0,0.0,0.0,56.1384885751401
2020-03-12,all_tradable,0,0,0.0,0.0,0.0,0.0,56.1384885751401
2020-03-13,all_tradable,0,0,0.0,0.0,0.0,0.0,56.1384885751401
2020-03-16,all_tradable,0,0,0.0,0.0,0.0,0.0,56.1384885751401
2020-03-17,all_tradable,0,0,0.0,0.0,0.0,0.0,56.1384885751401
2020-03-18,all_tradable,0,0,0.0,0.0,0.0,0.0,56.1384885751401
2020-03-19,all_tradable,0,0,0.0,0.0,0.0,0.0,56.1384885751401
2020-03-20,all_tradable,0,0,0.0,0.0,0.0,0.0,56.1384885751401
2020-03-23,all_tradable,0,0,0.0,0.0,0.0,0.0,56.1384885751401
2020-03-24,all_tradable,0,0,0.0,0.0,0.0,0.0,56.1384885751401
2020-03-25,all_tradable,0,0,0.0,0.0,0.0,0.0,56.1384885751401
2020-03-26,all_tradable,0,0,0.0,0.0,0.0,0.0,56.1384885751401
2020-03-27,all_tradable,0,0,0.0,0.0,0.0,0.0,56.1384885751401
2020-03-30,all_tradable,0,0,0.0,0.0,0.0,0.0,56.1384885751401
2020-03-31,all_tradable,0,0,0.0,0.0,0.0,0.0,56.1384885751401
2020-04-01,all_tradable,0,0,0.0,0.0,0.0,0.0,56.1384885751401
2020-04-02,all_tradable,0,0,0.0,0.0,0.0,0.0,56.1384885751401
2020-04-03,all_tradable,0,0,0.0,0.0,0.0,0.0,56.1384885751401
2020-04-06,all_tradable,0,0,0.0,0.0,0.0,0.0,56.1384885751401
2020-04-07,all_tradable,0,0,0.0,0.0,0.0,0.0,56.1384885751401
2020-04-08,all_tradable,0,0,0.0,0.0,0.0,0.0,56.1384885751401
2020-04-09,all_tradable,0,0,0.0,0.0,0.0,0.0,56.1384885751401
2020-04-10,all_tradable,0,0,0.0,0.0,0.0,0.0,56.1384885751401
2020-04-13,all_tradable,0,0,0.0,0.0,0.0,0.0,56.1384885751401
2020-04-14,all_tradable,0,0,0.0,0.0,0.0,0.0,56.1384885751401
2020-04-15,all_tradable,0,0,0.0,0.0,0.0,0.0,56.1384885751401
2020-04-16,all_tradable,0,0,0.0,0.0,0.0,0.0,56.1384885751401
2020-04-17,all_tradable,0,0,0.0,0.0,0.0,0.0,56.1384885751401
2020-04-20,all_tradable,0,0,0.0,0.0,0.0,0.0,56.1384885751401
2020-04-21,all_tradable,0,0,0.0,0.0,0.0,0.0,56.1384885751401
2020-04-22,all_tradable,0,0,0.0,0.0,0.0,0.0,56.1384885751401
2020-04-23,all_tradable,0,0,0.0,0.0,0.0,0.0,56.1384885751401
2020-04-24,all_tradable,0,0,0.0,0.0,0.0,0.0,56.1384885751401
2020-04-27,all_tradable,0,0,0.0,0.0,0.0,0.0,56.1384885751401
2020-04-28,all_tradable,0,0,0.0,0.0,0.0,0.0,56.1384885751401
2020-04-29,all_tradable,0,0,0.0,0.0,0.0,0.0,56.1384885751401
2020-04-30,all_tradable,0,0,0.0,0.0,0.0,0.0,56.1384885751401
2020-05-01,all_tradable,0,0,0.0,0.0,0.0,0.0,56.1384885751401
2020-05-04,all_tradable,0,0,0.0,0.0,0.0,0.0,56.1384885751401
2020-05-05,all_tradable,0,0,0.0,0.0,0.0,0.0,56.1384885751401
2020-05-06,all_tradable,0,0,0.0,0.0,0.0,0.0,56.1384885751401
2020-05-07,all_tradable,0,0,0.0,0.0,0.0,0.0,56.1384885751401
2020-05-08,all_tradable,0,0,0.0,0.0,0.0,0.0,56.1384885751401
2020-05-11,all_tradable,0,0,0.0,0.0,0.0,0.0,56.1384885751401
2020-05-12,all_tradable,0,0,0.0,0.0,0.0,0.0,56.1384885751401
2020-05-13,all_tradable,0,0,0.0,0.0,0.0,0.0,56.1384885751401
2020-05-14,all_tradable,0,0,0.0,0.0,0.0,0.0,56.1384885751401
2020-05-15,all_tradable,0,0,0.0,0.0,0.0,0.0,56.1384885751401
2020-05-18,all_tradable,0,0,0.0,0.0,0.0,0.0,56.1384885751401
2020-05-19,all_tradable,0,0,0.0,0.0,0.0,0.0,56.1384885751401
2020-05-20,all_tradable,0,0,0.0,0.0,0.0,0.0,56.1384885751401
2020-05-21,all_tradable,0,0,0.0,0.0,0.0,0.0,56.1384885751401
2020-05-22,all_tradable,0,0,0.0,0.0,0.0,0.0,56.1384885751401
2020-05-25,all_tradable,0,0,0.0,0.0,0.0,0.0,56.1384885751401
2020-05-26,all_tradable,0,0,0.0,0.0,0.0,0.0,56.1384885751401
2020-05-27,all_tradable,0,0,0.0,0.0,0.0,0.0,56.1384885751401
2020-05-28,all_tradable,0,0,0.0,0.0,0.0,0.0,56.1384885751401
2020-05-29,all_tradable,0,0,0.0,0.0,0.0,0.0,56.1384885751401
2020-06-01,all_tradable,0,0,0.0,0.0,0.0,0.0,56.1384885751401
2020-06-02,all_tradable,0,0,0.0,0.0,0.0,0.0,56.1384885751401
2020-06-03,all_tradable,0,0,0.0,0.0,0.0,0.0,56.1384885751401
2020-06-04,all_tradable,0,0,0.0,0.0,0.0,0.0,56.1384885751401
2020-06-05,all_tradable,0,0,0.0,0.0,0.0,0.0,56.1384885751401
2020-06-08,all_tradable,0,0,0.0,0.0,0.0,0.0,56.1384885751401
2020-06-09,all_tradable,0,0,0.0,0.0,0.0,0.0,56.1384885751401
2020-06-10,all_tradable,0,0,0.0,0.0,0.0,0.0,56.1384885751401
2020-06-11,all_tradable,0,0,0.0,0.0,0.0,0.0,56.1384885751401
2020-06-12,all_tradable,0,0,0.0,0.0,0.0,0.0,56.1384885751401
2020-06-15,all_tradable,0,0,0.0,0.0,0.0,0.0,56.1384885751401
2020-06-16,all_tradable,0,0,0.0,0.0,0.0,0.0,56.1384885751401
2020-06-17,all_tradable,0,0,0.0,0.0,0.0,0.0,56.1384885751401
2020-06-18,all_tradable,0,0,0.0,0.0,0.0,0.0,56.1384885751401
2020-06-19,all_tradable,0,0,0.0,0.0,0.0,0.0,56.1384885751401
2020-06-22,all_tradable,0,0,0.0,0.0,0.0,0.0,56.1384885751401
2020-06-23,all_tradable,0,0,0.0,0.0,0.0,0.0,56.1384885751401
2020-06-24,all_tradable,0,0,0.0,0.0,0.0,0.0,56.1384885751401
2020-06-25,all_tradable,0,0,0.0,0.0,0.0,0.0,56.1384885751401
2020-06-26,all_tradable,0,0,0.0,0.0,0.0,0.0,56.1384885751401
2020-06-29,all_tradable,0,0,0.0,0.0,0.0,0.0,56.1384885751401
2020-06-30,all_tradable,0,0,0.0,0.0,0.0,0.0,56.1384885751401
2020-07-01,all_tradable,0,0,0.0,0.0,0.0,0.0,56.1384885751401
2020-07-02,all_tradable,0,0,0.0,0.0,0.0,0.0,56.1384885751401
2020-07-03,all_tradable,0,0,0.0,0.0,0.0,0.0,56.1384885751401
2020-07-06,all_tradable,0,0,0.0,0.0,0.0,0.0,56.1384885751401
2020-07-07,all_tradable,0,0,0.0,0.0,0.0,0.0,56.1384885751401
2020-07-08,all_tradable,0,0,0.0,0.0,0.0,0.0,56.1384885751401
2020-07-09,all_tradable,0,0,0.0,0.0,0.0,0.0,56.1384885751401
2020-07-10,all_tradable,0,0,0.0,0.0,0.0,0.0,56.1384885751401
2020-07-13,all_tradable,0,0,0.0,0.0,0.0,0.0,56.1384885751401
2020-07-14,all_tradable,0,0,0.0,0.0,0.0,0.0,56.1384885751401
2020-07-15,all_tradable,0,0,0.0,0.0,0.0,0.0,56.1384885751401
2020-07-16,all_tradable,0,0,0.0,0.0,0.0,0.0,56.1384885751401
2020-07-17,all_tradable,0,0,0.0,0.0,0.0,0.0,56.1384885751401
2020-07-20,all_tradable,0,0,0.0,0.0,0.0,0.0,56.1384885751401
2020-07-21,all_tradable,0,0,0.0,0.0,0.0,0.0,56.1384885751401
2020-07-22,all_tradable,0,0,0.0,0.0,0.0,0.0,56.1384885751401
2020-07-23,all_tradable,0,0,0.0,0.0,0.0,0.0,56.1384885751401
2020-07-24,all_tradable,0,0,0.0,0.0,0.0,0.0,56.1384885751401
2020-07-27,all_tradable,0,0,0.0,0.0,0.0,0.0,56.1384885751401
2020-07-28,all_tradable,0,0,0.0,0.0,0.0,0.0,56.1384885751401
2020-07-29,all_tradable,0,0,0.0,0.0,0.0,0.0,56.1384885751401
2020-07-30,all_tradable,0,0,0.0,0.0,0.0,0.0,56.1384885751401
2020-07-31,all_tradable,0,0,0.0,0.0,0.0,0.0,56.1384885751401
2020-08-03,all_tradable,0,0,0.0,0.0,0.0,0.0,56.1384885751401
2020-08-04,all_tradable,0,0,0.0,0.0,0.0,0.0,56.1384885751401
2020-08-05,all_tradable,0,0,0.0,0.0,0.0,0.0,56.1384885751401
2020-08-06,all_tradable,0,0,0.0,0.0,0.0,0.0,56.1384885751401
2020-08-07,all_tradable,0,0,0.0,0.0,0.0,0.0,56.1384885751401
2020-08-10,all_tradable,0,0,0.0,0.0,0.0,0.0,56.1384885751401
2020-08-11,all_tradable,1,1,35214939.637,0.0,0.0,0.0,56.1384885751401
2020-08-12,all_tradable,1,1,35214939.637,-0.0172506861848124,-0.0172506861848124,-1.7250686184812398,54.413419956658856
2020-08-13,all_tradable,1,1,35214939.637,0.0015196706312899,0.0015196706312899,0.15196706312899,54.56538701978785
2020-08-14,all_tradable,1,1,35214939.637,-0.0025086916742909,-0.0025086916742909,-0.25086916742909,54.314517852358755
2020-08-17,all_tradable,1,1,35214939.637,0.0003989021043001,0.0003989021043001,0.03989021043001,54.354408062788764
2020-08-18,all_tradable,1,1,35214939.637,-0.0055782250686185,-0.0055782250686185,-0.55782250686185,53.79658555592691
2020-08-19,all_tradable,1,1,35214939.637,-0.0077913998170173,-0.0077913998170173,-0.77913998170173,53.017445574225185
2020-08-20,all_tradable,1,1,35214939.637,-0.0112150045745655,-0.0112150045745655,-1.12150045745655,51.89594511676864
2020-08-21,all_tradable,1,1,35214939.637,-0.0007236962488563,-0.0007236962488563,-0.07236962488563,51.82357549188301
2020-08-24,all_tradable,1,1,35214939.637,0.0123522415370538,0.0123522415370538,1.23522415370538,53.058799645588394
2020-08-25,all_tradable,1,1,35214939.637,-0.0071125343092405,-0.0071125343092405,-0.71125343092405,52.34754621466434
2020-08-26,all_tradable,1,1,35214939.637,0.0048691674290943,0.0048691674290943,0.48691674290943,52.83446295757377
2020-08-27,all_tradable,1,1,35214939.637,-0.0028481244281794,-0.0028481244281794,-0.28481244281794,52.54965051475583
2020-08-28,all_tradable,1,1,35214939.637,-0.026089661482159,-0.026089661482159,-2.6089661482159,49.94068436653993
2020-08-31,all_tradable,1,1,35214939.637,0.0091335773101554,0.0091335773101554,0.91335773101554,50.854042097555464
2020-09-01,all_tradable,1,1,35214939.637,-0.0064336688014638,-0.0064336688014638,-0.64336688014638,50.21067521740908
2020-09-02,all_tradable,1,1,35214939.637,0.002715462031107,0.002715462031107,0.2715462031107,50.48222142051978
2020-09-03,all_tradable,1,1,35214939.637,-0.0025681610247026,-0.0025681610247026,-0.25681610247026,50.22540531804952
2020-09-04,all_tradable,1,1,35214939.637,-0.0030695333943276,-0.0030695333943276,-0.30695333943276,49.918451978616766
2020-09-07,all_tradable,0,0,0.0,0.0,0.0,0.0,49.918451978616766
2020-09-08,all_tradable,1,1,35214939.637,-0.0066852698993595,-0.0066852698993595,-0.66852698993595,49.24992498868081
2020-09-09,all_tradable,1,1,35214939.637,0.0067145471180238,0.0067145471180238,0.67145471180238,49.92137970048319
2020-09-10,all_tradable,1,1,35214939.637,-0.0066852698993597,-0.0066852698993597,-0.66852698993597,49.252852710547224
2020-09-11,all_tradable,1,1,35214939.637,-0.0047520585544373,-0.0047520585544373,-0.47520585544373,48.7776468551035
2020-09-14,all_tradable,1,1,35214939.637,0.0045745654162855,0.0045745654162855,0.45745654162855,49.23510339673204
2020-09-15,all_tradable,1,1,35214939.637,-0.000722781335773,-0.000722781335773,-0.07227813357730001,49.162825263154744
2020-09-16,all_tradable,1,1,35214939.637,-0.0018151875571821,-0.0018151875571821,-0.18151875571821,48.981306507436535
2020-09-17,all_tradable,1,1,35214939.637,-0.0148609332113448,-0.0148609332113448,-1.48609332113448,47.49521318630205
2020-09-18,all_tradable,1,1,35214939.637,-0.0125141811527905,-0.0125141811527905,-1.25141811527905,46.243795071023
2020-09-21,all_tradable,1,1,35214939.637,-0.007423604757548,-0.007423604757548,-0.7423604757548,45.5014345952682
2020-09-22,all_tradable,1,1,35214939.637,-0.0047374199451051,-0.0047374199451051,-0.47374199451050997,45.02769260075769
2020-09-23,all_tradable,1,1,35214939.637,-0.0087127172918572,-0.0087127172918572,-0.8712717291857199,44.156420871571974
2020-09-24,all_tradable,1,1,35214939.637,-0.0021491308325708,-0.0021491308325708,-0.21491308325708,43.941507788314894
2020-09-25,all_tradable,1,1,35214939.637,-0.0011216834400732,-0.0011216834400732,-0.11216834400732,43.82933944430757
2020-09-28,all_tradable,1,1,35214939.637,0.0025535224153704,0.0025535224153704,0.25535224153704,44.08469168584461
2020-09-29,all_tradable,1,1,35214939.637,-0.0002067703568159,-0.0002067703568159,-0.02067703568159,44.064014650163024
2020-09-30,all_tradable,1,1,35214939.637,-0.0013870082342178,-0.0013870082342178,-0.13870082342178,43.925313826741245
2020-10-01,all_tradable,1,1,35214939.637,-0.0004720951509606,-0.0004720951509606,-0.04720951509606,43.87810431164519
2020-10-02,all_tradable,1,1,35214939.637,0.0231537053979871,0.0231537053979871,2.3153705397987103,46.1934748514439
2020-10-05,all_tradable,1,1,35214939.637,-0.0051052150045744,-0.0051052150045744,-0.5105215004574399,45.68295335098646
2020-10-06,all_tradable,1,1,35214939.637,0.0028774016468434,0.0028774016468434,0.28774016468434,45.9706935156708
2020-10-07,all_tradable,1,1,35214939.637,-2.927721866416603e-05,-2.927721866416603e-05,-0.002927721866416603,45.96776579380438
2020-10-08,all_tradable,1,1,35214939.637,0.0100503202195791,0.0100503202195791,1.0050320219579099,46.97279781576229
2020-10-09,all_tradable,1,1,35214939.637,0.0001326623970722,0.0001326623970722,0.013266239707219999,46.98606405546951
2020-10-12,all_tradable,2,2,52404771.06200001,0.0028334858188471,0.0038080896090529,0.38080896090529,47.3668730163748
2020-10-13,all_tradable,2,2,52404771.06200001,5.503707080935682e-05,7.16668519085118e-05,0.007166685190851179,47.37403970156565
2020-10-14,all_tradable,2,2,52404771.06200001,0.0082331483107767,0.0074873793809114,0.74873793809114,48.12277763965679
2020-10-15,all_tradable,2,2,52404771.06200001,-0.0004329237133843,0.0013404289706731,0.13404289706730999,48.2568205367241
2020-10-16,all_tradable,2,2,52404771.06200001,-0.0074182101362578,-0.0064139925901085,-0.6413992590108499,47.615421277713246
2020-10-19,all_tradable,2,2,52404771.06200001,0.007270017166095,0.004672187078717,0.46721870787170006,48.082639985584954
2020-10-20,all_tradable,2,2,52404771.06200001,0.0022246356412193,0.0018946717566903,0.18946717566902999,48.27210716125398
2020-10-21,all_tradable,2,2,52404771.06200001,0.0012984789187502,0.000624646777166,0.062464677716600005,48.33457183897058
2020-10-22,all_tradable,2,2,52404771.06200001,0.0022872903579177,0.0035916896351348,0.35916896351348,48.69374080248406
2020-10-23,all_tradable,2,2,52404771.06200001,0.0012331620803714,0.000731275381523,0.0731275381523,48.76686834063636
2020-10-26,all_tradable,2,2,52404771.06200001,-0.0028580951448407,-0.0040608833599753,-0.40608833599752997,48.36078000463883
2020-10-27,all_tradable,2,2,52404771.06200001,-0.000981541093061,-0.0011109351143261,-0.11109351143261,48.24968649320623
2020-10-28,all_tradable,2,2,52404771.06200001,-0.0006410633799153,-0.0021718294413565,-0.21718294413565,48.03250354907057
2020-10-29,all_tradable,2,2,52404771.06200001,0.000451003191486,-0.0006431670461097,-0.06431670461097,47.968186844459595
2020-10-30,all_tradable,2,2,52404771.06200001,0.0171814710211225,0.0202049305702584,2.0204930570258397,49.98867990148544
2020-11-02,all_tradable,2,2,52404771.06200001,-0.0118962583420795,-0.0149101944853563,-1.49101944853563,48.49766045294981
2020-11-03,all_tradable,2,2,52404771.06200001,0.0017424014785485,0.0047724390557132,0.47724390557132,48.97490435852113
2020-11-04,all_tradable,2,2,52404771.06200001,-0.0016016842601291,-8.655114226216713e-05,-0.008655114226216712,48.96624924429491
2020-11-05,all_tradable,1,1,35214939.637,0.0340741079597438,0.0340741079597438,3.40741079597438,52.373660040269286
2020-11-06,all_tradable,1,1,35214939.637,-0.0345013723696249,-0.0345013723696249,-3.4501372369624903,48.923522803306795
2020-11-09,all_tradable,1,1,35214939.637,0.0196276303751143,0.0196276303751143,1.96276303751143,50.886285840818225
2020-11-10,all_tradable,1,1,35214939.637,-0.0014016468435499,-0.0014016468435499,-0.14016468435499,50.74612115646323
2020-11-11,all_tradable,1,1,35214939.637,-0.005430924062214,-0.005430924062214,-0.5430924062214,50.20302875024183
2020-11-12,all_tradable,1,1,35214939.637,-0.0008554437328454,-0.0008554437328454,-0.08554437328454001,50.117484376957286
2020-11-13,all_tradable,1,1,35214939.637,0.0068764867337603,0.0068764867337603,0.68764867337603,50.80513305033332
2020-11-16,all_tradable,1,1,35214939.637,0.0215178408051234,0.0215178408051234,2.15178408051234,52.95691713084566
2020-11-17,all_tradable,1,1,35214939.637,-0.011967978042086,-0.011967978042086,-1.1967978042086,51.76011932663705
2020-11-18,all_tradable,1,1,35214939.637,-0.0053275388838059,-0.0053275388838059,-0.53275388838059,51.22736543825647
2020-11-19,all_tradable,1,1,35214939.637,-0.002715462031107,-0.002715462031107,-0.2715462031107,50.955819235145775
2020-11-20,all_tradable,1,1,35214939.637,-0.0162031107044829,-0.0162031107044829,-1.62031107044829,49.33550816469749
2020-11-23,all_tradable,1,1,35214939.637,0.0202909423604756,0.0202909423604756,2.02909423604756,51.36460240074504
2020-11-24,all_tradable,1,1,35214939.637,0.0173696248856358,0.0173696248856358,1.7369624885635802,53.10156488930862
2020-11-25,all_tradable,1,1,35214939.637,-0.0030896614821592,-0.0030896614821592,-0.30896614821592,52.792598741092704
2020-11-26,all_tradable,0,0,0.0,0.0,0.0,0.0,52.792598741092704
2020-11-27,all_tradable,1,1,35214939.637,-0.0120064043915828,-0.0120064043915828,-1.20064043915828,51.59195830193441
2020-11-30,all_tradable,1,1,35214939.637,-0.0150228728270814,-0.0150228728270814,-1.50228728270814,50.08967101922628
2020-12-01,all_tradable,1,1,35214939.637,0.0102122598353156,0.0102122598353156,1.02122598353156,51.11089700275784
2020-12-02,all_tradable,1,1,35214939.637,0.0027301006404392,0.0027301006404392,0.27301006404392,51.38390706680176
2020-12-03,all_tradable,1,1,35214939.637,-0.0067740164684354,-0.0067740164684354,-0.67740164684354,50.70650541995821
2020-12-04,all_tradable,1,1,35214939.637,0.0103156450137236,0.0103156450137236,1.03156450137236,51.73806992133058
2020-12-07,all_tradable,1,1,35214939.637,-0.0049588289112535,-0.0049588289112535,-0.49588289112535,51.24218703020522
2020-12-08,all_tradable,1,1,35214939.637,0.005017383348582,0.005017383348582,0.5017383348582001,51.743925365063426
2020-12-09,all_tradable,1,1,35214939.637,0.0031134492223237,0.0031134492223237,0.31134492223237004,52.0552702872958
2020-12-10,all_tradable,1,1,35214939.637,-0.0015050320219577,-0.0015050320219577,-0.15050320219577001,51.904767085100026
2020-12-11,all_tradable,1,1,35214939.637,-0.0591152790484905,-0.0591152790484905,-5.91152790484905,45.993239180250974
2020-12-14,all_tradable,1,1,35214939.637,0.0365224153705399,0.0365224153705399,3.65224153705399,49.64548071730496
2020-12-15,all_tradable,1,1,35214939.637,-0.0373046660567245,-0.0373046660567245,-3.73046660567245,45.915014111632516
2020-12-16,all_tradable,1,1,35214939.637,0.0249094236047575,0.0249094236047575,2.49094236047575,48.405956472108265
2020-12-17,all_tradable,1,1,35214939.637,-0.024967978042086,-0.024967978042086,-2.4967978042086,45.90915866789966
2020-12-18,all_tradable,1,1,35214939.637,-0.0260466605672461,-0.0260466605672461,-2.60466605672461,43.30449261117506
2020-12-21,all_tradable,1,1,35214939.637,0.0028032936870997,0.0028032936870997,0.28032936870997,43.58482197988502
2020-12-22,all_tradable,1,1,35214939.637,-0.0160558096980787,-0.0160558096980787,-1.60558096980787,41.97924101007715
2020-12-23,all_tradable,1,1,35214939.637,0.0072461116193962,0.0072461116193962,0.7246111619396199,42.703852172016774
2020-12-24,all_tradable,1,1,35214939.637,0.0176569075937785,0.0176569075937785,1.7656907593778501,44.46954293139463
2020-12-25,all_tradable,0,0,0.0,0.0,0.0,0.0,44.46954293139463
2020-12-28,all_tradable,1,1,35214939.637,-0.0165498627630374,-0.0165498627630374,-1.65498627630374,42.81455665509089
2020-12-29,all_tradable,1,1,35214939.637,-0.0117255260750228,-0.0117255260750228,-1.17255260750228,41.64200404758861
2020-12-30,all_tradable,1,1,35214939.637,0.0187648673376029,0.0187648673376029,1.8764867337602902,43.5184907813489
2020-12-31,all_tradable,1,1,35214939.637,0.0037337602927721,0.0037337602927721,0.37337602927721,43.89186681062611
2021-01-01,all_tradable,0,0,0.0,0.0,0.0,0.0,43.89186681062611
2021-01-04,all_tradable,1,1,35214939.637,0.0008408051235133,0.0008408051235133,0.08408051235133,43.97594732297744
2021-01-05,all_tradable,1,1,35214939.637,0.0086477584629458,0.0086477584629458,0.86477584629458,44.840723169272025
2021-01-06,all_tradable,1,1,35214939.637,0.0238188472095151,0.0238188472095151,2.38188472095151,47.222607890223536
2021-01-07,all_tradable,1,1,35214939.637,0.0031134492223239,0.0031134492223239,0.31134492223239,47.53395281245593
2021-01-08,all_tradable,1,1,35214939.637,-0.0045452881976213,-0.0045452881976213,-0.45452881976213,47.0794239926938
2021-01-11,all_tradable,1,1,35214939.637,0.0115251601097897,0.0115251601097897,1.15251601097897,48.23194000367277
2021-01-12,all_tradable,1,1,35214939.637,-0.0074519670631291,-0.0074519670631291,-0.74519670631291,47.48674329735986
2021-01-13,all_tradable,1,1,35214939.637,0.0025379688929552,0.0025379688929552,0.25379688929552,47.74054018665538
2021-01-14,all_tradable,1,1,35214939.637,0.0101381518755718,0.0101381518755718,1.0138151875571801,48.75435537421256
2021-01-15,all_tradable,1,1,35214939.637,0.0039249771271729,0.0039249771271729,0.39249771271729006,49.146853086929845
2021-01-18,all_tradable,0,0,0.0,0.0,0.0,0.0,49.146853086929845
2021-01-19,all_tradable,1,1,35214939.637,0.0013577310155534,0.0013577310155534,0.13577310155534,49.28262618848519
2021-01-20,all_tradable,1,1,35214939.637,-0.005932296431839,-0.005932296431839,-0.5932296431839,48.68939654530129
2021-01-21,all_tradable,1,1,35214939.637,-0.0015352241537053,-0.0015352241537053,-0.15352241537053,48.53587412993076
2021-01-22,all_tradable,1,1,35214939.637,0.0093559011893869,0.0093559011893869,0.93559011893869,49.47146424886945
2021-01-25,all_tradable,1,1,35214939.637,-0.005548032936871,-0.005548032936871,-0.5548032936871,48.91666095518235
2021-01-26,all_tradable,1,1,35214939.637,0.0021244281793229,0.0021244281793229,0.21244281793229,49.12910377311464
2021-01-27,all_tradable,1,1,35214939.637,-0.0091646843549862,-0.0091646843549862,-0.9164684354986199,48.21263533761602
2021-01-28,all_tradable,1,1,35214939.637,-0.0035718206770356,-0.0035718206770356,-0.35718206770356004,47.85545326991246
2021-01-29,all_tradable,1,1,35214939.637,-0.0037337602927721,-0.0037337602927721,-0.37337602927721,47.48207724063525
2021-02-01,all_tradable,1,1,35214939.637,-0.0065361390667886,-0.0065361390667886,-0.65361390667886,46.828463333956385
2021-02-02,all_tradable,1,1,35214939.637,0.0190951509606587,0.0190951509606587,1.90951509606587,48.73797843002226
2021-02-03,all_tradable,1,1,35214939.637,0.0002360475754803,0.0002360475754803,0.02360475754803,48.76158318757029
2021-02-04,all_tradable,1,1,35214939.637,0.004516010978957,0.004516010978957,0.45160109789569997,49.213184285465985
2021-02-05,all_tradable,1,1,35214939.637,-0.0038215919487648,-0.0038215919487648,-0.38215919487648,48.831025090589506
2021-02-08,all_tradable,1,1,35214939.637,0.0024794144556267,0.0024794144556267,0.24794144556267,49.07896653615218
2021-02-09,all_tradable,1,1,35214939.637,-0.0003394327538883,-0.0003394327538883,-0.03394327538883,49.04502326076335
2021-02-10,all_tradable,1,1,35214939.637,0.0114958828911253,0.0114958828911253,1.14958828911253,50.19461154987588
2021-02-11,all_tradable,1,1,35214939.637,-0.0030100640439158,-0.0030100640439158,-0.30100640439158,49.8936051454843
2021-02-12,all_tradable,1,1,35214939.637,-0.0034977127172919,-0.0034977127172919,-0.34977127172919,49.54383387375511
2021-02-15,all_tradable,0,0,0.0,0.0,0.0,0.0,49.54383387375511
2021-02-16,all_tradable,1,1,35214939.637,-0.0490365965233302,-0.0490365965233302,-4.90365965233302,44.64017422142209
2021-02-17,all_tradable,1,1,35214939.637,0.0220027447392497,0.0220027447392497,2.20027447392497,46.84044869534706
2021-02-18,all_tradable,1,1,35214939.637,-0.0216788655077767,-0.0216788655077767,-2.16788655077767,44.67256214456939
2021-02-19,all_tradable,1,1,35214939.637,0.0121161939615736,0.0121161939615736,1.21161939615736,45.88418154072675
2021-02-22,all_tradable,1,1,35214939.637,0.0068920402561756,0.0068920402561756,0.68920402561756,46.573385566344314
2021-02-23,all_tradable,1,1,35214939.637,-0.0038673376029276,-0.0038673376029276,-0.38673376029276,46.18665180605155
2021-02-24,all_tradable,1,1,35214939.637,0.0033366880146385,0.0033366880146385,0.33366880146385003,46.520320607515394
2021-02-25,all_tradable,1,1,35214939.637,0.0069798719121683,0.0069798719121683,0.69798719121683,47.218307798732226
2021-02-26,all_tradable,1,1,35214939.637,-0.009843549862763,-0.009843549862763,-0.9843549862763,46.23395281245593
2021-03-01,all_tradable,1,1,35214939.637,0.009843549862763,0.009843549862763,0.9843549862763,47.218307798732226
2021-03-02,all_tradable,1,1,35214939.637,-0.0101829826166514,-0.0101829826166514,-1.01829826166514,46.20000953706709
2021-03-03,all_tradable,1,1,35214939.637,0.0010182982616651,0.0010182982616651,0.10182982616650998,46.3018393632336
2021-03-04,all_tradable,1,1,35214939.637,-0.0064492223238792,-0.0064492223238792,-0.64492223238792,45.656917130845684
2021-03-05,all_tradable,1,1,35214939.637,0.0173110704483074,0.0173110704483074,1.73110704483074,47.38802417567642
2021-03-08,all_tradable,1,1,35214939.637,0.008146386093321,0.008146386093321,0.8146386093321001,48.20266278500852
2021-03-09,all_tradable,1,1,35214939.637,-0.005430924062214,-0.005430924062214,-0.5430924062214,47.65957037878712
2021-03-10,all_tradable,1,1,35214939.637,0.005430924062214,0.005430924062214,0.5430924062214,48.20266278500852
2021-03-11,all_tradable,1,1,35214939.637,0.0067886550777676,0.0067886550777676,0.67886550777676,48.88152829278528
2021-03-12,all_tradable,1,1,35214939.637,0.0,0.0,0.0,48.88152829278528
2021-03-15,all_tradable,1,1,35214939.637,0.0084858188472095,0.0084858188472095,0.84858188472095,49.73011017750623
2021-03-16,all_tradable,1,1,35214939.637,-0.0132378774016468,-0.0132378774016468,-1.32378774016468,48.40632243734155
2021-03-17,all_tradable,1,1,35214939.637,0.0064492223238792,0.0064492223238792,0.64492223238792,49.05124466972947
2021-03-18,all_tradable,1,1,35214939.637,-0.0074675205855443,-0.0074675205855443,-0.7467520585544299,48.30449261117504
2021-03-19,all_tradable,1,1,35214939.637,-0.009843549862763,-0.009843549862763,-0.9843549862763,47.32013762489874
2021-03-22,all_tradable,1,1,35214939.637,-0.0020365965233302,-0.0020365965233302,-0.20365965233301997,47.116477972565725
2021-03-23,all_tradable,1,1,35214939.637,-0.0061097895699909,-0.0061097895699909,-0.61097895699909,46.505499015566635
2021-03-24,all_tradable,1,1,35214939.637,-0.0095041171088746,-0.0095041171088746,-0.95041171088746,45.55508730467917
2021-03-25,all_tradable,1,1,35214939.637,0.0044126258005489,0.0044126258005489,0.44126258005488994,45.99634988473406
2021-03-26,all_tradable,1,1,35214939.637,0.0057703568161024,0.0057703568161024,0.57703568161024,46.5733855663443
2021-03-29,all_tradable,1,1,35214939.637,-0.0006788655077768,-0.0006788655077768,-0.06788655077768,46.50549901556662
2021-03-30,all_tradable,1,1,35214939.637,0.0,0.0,0.0,46.50549901556662
2021-03-31,all_tradable,1,1,35214939.637,-0.0040731930466605,-0.0040731930466605,-0.40731930466605004,46.098179710900574
2021-04-01,all_tradable,1,1,35214939.637,0.0050914913083257,0.0050914913083257,0.50914913083257,46.60732884173314
2021-04-02,all_tradable,0,0,0.0,0.0,0.0,0.0,46.60732884173314
2021-04-05,all_tradable,1,1,35214939.637,0.0101829826166513,0.0101829826166513,1.01829826166513,47.62562710339827
2021-04-06,all_tradable,1,1,35214939.637,-0.0088252516010978,-0.0088252516010978,-0.8825251601097799,46.74310194328849
2021-04-07,all_tradable,1,1,35214939.637,-0.0006788655077767,-0.0006788655077767,-0.06788655077767,46.67521539251082
2021-04-08,all_tradable,1,1,35214939.637,0.0006788655077767,0.0006788655077767,0.06788655077767,46.74310194328849
2021-04-09,all_tradable,1,1,35214939.637,0.0003394327538883,0.0003394327538883,0.03394327538883,46.77704521867732
2021-04-12,all_tradable,1,1,35214939.637,0.0020365965233303,0.0020365965233303,0.20365965233303,46.98070487101035
2021-04-13,all_tradable,1,1,35214939.637,-0.0023760292772186,-0.0023760292772186,-0.23760292772186,46.743101943288494
2021-04-14,all_tradable,1,1,35214939.637,0.002715462031107,0.002715462031107,0.2715462031107,47.014648146399196
2021-04-15,all_tradable,1,1,35214939.637,0.0003394327538883,0.0003394327538883,0.03394327538883,47.048591421788025
2021-04-16,all_tradable,1,1,35214939.637,0.0050914913083257,0.0050914913083257,0.50914913083257,47.5577405526206
2021-04-19,all_tradable,1,1,35214939.637,-0.0013577310155534,-0.0013577310155534,-0.13577310155534,47.42196745106526
2021-04-20,all_tradable,1,1,35214939.637,-0.0044126258005489,-0.0044126258005489,-0.44126258005488994,46.98070487101037
2021-04-21,all_tradable,1,1,35214939.637,0.0081463860933211,0.0081463860933211,0.81463860933211,47.795343480342474
2021-04-22,all_tradable,1,1,35214939.637,-0.005430924062214,-0.005430924062214,-0.5430924062214,47.25225107412107
2021-04-23,all_tradable,1,1,35214939.637,0.002715462031107,0.002715462031107,0.2715462031107,47.52379727723177
2021-04-26,all_tradable,1,1,35214939.637,-0.0020365965233303,-0.0020365965233303,-0.20365965233303,47.32013762489874
2021-04-27,all_tradable,1,1,35214939.637,0.0023760292772186,0.0023760292772186,0.23760292772186,47.5577405526206
2021-04-28,all_tradable,1,1,35214939.637,-0.0040731930466605,-0.0040731930466605,-0.40731930466605004,47.15042124795455
2021-04-29,all_tradable,1,1,35214939.637,0.0040731930466605,0.0040731930466605,0.40731930466605004,47.5577405526206
2021-04-30,all_tradable,1,1,35214939.637,-0.0006788655077767,-0.0006788655077767,-0.06788655077767,47.48985400184293
2021-05-03,all_tradable,1,1,35214939.637,0.0016971637694419,0.0016971637694419,0.16971637694419,47.65957037878712
2021-05-04,all_tradable,1,1,35214939.637,0.005430924062214,0.005430924062214,0.5430924062214,48.20266278500852
2021-05-05,all_tradable,1,1,35214939.637,-0.0050914913083256,-0.0050914913083256,-0.5091491308325601,47.69351365417596
2021-05-06,all_tradable,1,1,35214939.637,0.0037337602927721,0.0037337602927721,0.37337602927721,48.06688968345318
2021-05-07,all_tradable,1,1,35214939.637,-0.002715462031107,-0.002715462031107,-0.2715462031107,47.795343480342474
2021-05-10,all_tradable,1,1,35214939.637,-0.01255901189387,-0.01255901189387,-1.255901189387,46.53944229095547
2021-05-11,all_tradable,1,1,35214939.637,-0.0003394327538884,-0.0003394327538884,-0.03394327538884,46.505499015566635
2021-05-12,all_tradable,1,1,35214939.637,-0.0047520585544372,-0.0047520585544372,-0.47520585544372,46.03029316012291
2021-05-13,all_tradable,1,1,35214939.637,0.0118801463860933,0.0118801463860933,1.18801463860933,47.21830779873224
2021-05-14,all_tradable,1,1,35214939.637,0.0030548947849954,0.0030548947849954,0.30548947849954,47.52379727723178
2021-05-17,all_tradable,1,1,35214939.637,-0.0010182982616651,-0.0010182982616651,-0.10182982616650998,47.421967451065264
2021-05-18,all_tradable,1,1,35214939.637,-0.0030548947849954,-0.0030548947849954,-0.30548947849954,47.11647797256573
2021-05-19,all_tradable,1,1,35214939.637,0.0010182982616651,0.0010182982616651,0.10182982616650998,47.21830779873224
2021-05-20,all_tradable,1,1,35214939.637,0.0047520585544373,0.0047520585544373,0.47520585544373,47.693513654175966
2021-05-21,all_tradable,1,1,35214939.637,-0.0003394327538883,-0.0003394327538883,-0.03394327538883,47.65957037878714
2021-05-24,all_tradable,1,1,35214939.637,-0.0013577310155535,-0.0013577310155535,-0.13577310155535,47.523797277231786
2021-05-25,all_tradable,1,1,35214939.637,-0.0057703568161024,-0.0057703568161024,-0.57703568161024,46.94676159562155
2021-05-26,all_tradable,1,1,35214939.637,-0.0006788655077767,-0.0006788655077767,-0.06788655077767,46.87887504484388
2021-05-27,all_tradable,1,1,35214939.637,0.0047520585544372,0.0047520585544372,0.47520585544372,47.354080900287606
2021-05-28,all_tradable,1,1,35214939.637,-0.0006788655077767,-0.0006788655077767,-0.06788655077767,47.286194349509934
2021-05-31,all_tradable,0,0,0.0,0.0,0.0,0.0,47.286194349509934
2021-06-01,all_tradable,1,1,35214939.637,0.0064492223238792,0.0064492223238792,0.64492223238792,47.931116581897854
2021-06-02,all_tradable,1,1,35214939.637,-0.0067886550777676,-0.0067886550777676,-0.67886550777676,47.25225107412109
2021-06-03,all_tradable,1,1,35214939.637,-0.0050914913083257,-0.0050914913083257,-0.50914913083257,46.74310194328852
2021-06-04,all_tradable,1,1,35214939.637,0.0047520585544373,0.0047520585544373,0.47520585544373,47.21830779873225
2021-06-07,all_tradable,1,1,35214939.637,0.0176505032021957,0.0176505032021957,1.76505032021957,48.98335811895182
2021-06-08,all_tradable,1,1,35214939.637,-0.0047520585544372,-0.0047520585544372,-0.47520585544372,48.508152263508094
2021-06-09,all_tradable,1,1,35214939.637,-0.0088252516010979,-0.0088252516010979,-0.88252516010979,47.6256271033983
2021-06-10,all_tradable,1,1,35214939.637,-0.0010182982616651,-0.0010182982616651,-0.10182982616650998,47.52379727723179
2021-06-11,all_tradable,1,1,35214939.637,0.0037337602927721,0.0037337602927721,0.37337602927721,47.897173306509
2021-06-14,all_tradable,1,1,35214939.637,-0.0037337602927721,-0.0037337602927721,-0.37337602927721,47.52379727723179
2021-06-15,all_tradable,1,1,35214939.637,0.0013577310155535,0.0013577310155535,0.13577310155535,47.659570378787144
2021-06-16,all_tradable,1,1,35214939.637,-0.002715462031107,-0.002715462031107,-0.2715462031107,47.38802417567644
2021-06-17,all_tradable,1,1,35214939.637,-0.0078069533394327,-0.0078069533394327,-0.78069533394327,46.60732884173317
2021-06-18,all_tradable,1,1,35214939.637,-0.0145956084172003,-0.0145956084172003,-1.45956084172003,45.14776800001314
2021-06-21,all_tradable,1,1,35214939.637,0.0067886550777675,0.0067886550777675,0.67886550777675,45.826633507789886
2021-06-22,all_tradable,1,1,35214939.637,-0.0003394327538883,-0.0003394327538883,-0.03394327538883,45.79269023240106
2021-06-23,all_tradable,1,1,35214939.637,0.0010182982616651,0.0010182982616651,0.10182982616650998,45.894520058567565
2021-06-24,all_tradable,1,1,35214939.637,0.0074675205855443,0.0074675205855443,0.7467520585544299,46.64127211712199
2021-06-25,all_tradable,1,1,35214939.637,-0.0003394327538883,-0.0003394327538883,-0.03394327538883,46.607328841733164
2021-06-28,all_tradable,1,1,35214939.637,-0.0044126258005489,-0.0044126258005489,-0.44126258005488994,46.166066261678274
2021-06-29,all_tradable,1,1,35214939.637,0.0,0.0,0.0,46.166066261678274
2021-06-30,all_tradable,1,1,35214939.637,-0.0040731930466605,-0.0040731930466605,-0.40731930466605004,45.75874695701223
2021-07-01,all_tradable,1,1,35214939.637,0.0064492223238792,0.0064492223238792,0.64492223238792,46.40366918940014
2021-07-02,all_tradable,1,1,35214939.637,-0.0061097895699908,-0.0061097895699908,-0.61097895699908,45.792690232401064
2021-07-05,all_tradable,0,0,0.0,0.0,0.0,0.0,45.792690232401064
2021-07-06,all_tradable,1,1,35214939.637,-0.0057703568161024,-0.0057703568161024,-0.57703568161024,45.21565455079082
2021-07-07,all_tradable,1,1,35214939.637,-0.0037337602927721,-0.0037337602927721,-0.37337602927721,44.84227852151361
2021-07-08,all_tradable,1,1,35214939.637,-0.007128087831656,-0.007128087831656,-0.7128087831656,44.12946973834801
2021-07-09,all_tradable,1,1,35214939.637,0.0105224153705398,0.0105224153705398,1.05224153705398,45.181711275401994
2021-07-12,all_tradable,1,1,35214939.637,0.0016971637694418,0.0016971637694418,0.16971637694418001,45.351427652346175
2021-07-13,all_tradable,1,1,35214939.637,-0.0033943275388837,-0.0033943275388837,-0.33943275388837,45.0119948984578
2021-07-14,all_tradable,1,1,35214939.637,-0.0016971637694418,-0.0016971637694418,-0.16971637694418001,44.84227852151362
2021-07-15,all_tradable,1,1,35214939.637,0.0016971637694418,0.0016971637694418,0.16971637694418001,45.0119948984578
2021-07-16,all_tradable,1,1,35214939.637,-0.0006788655077767,-0.0006788655077767,-0.06788655077767,44.944108347680135
2021-07-19,all_tradable,1,1,35214939.637,-0.0156139066788655,-0.0156139066788655,-1.5613906678865501,43.382717679793586
2021-07-20,all_tradable,1,1,35214939.637,0.0047520585544373,0.0047520585544373,0.47520585544373,43.85792353523731
2021-07-21,all_tradable,1,1,35214939.637,0.0074675205855443,0.0074675205855443,0.7467520585544299,44.60467559379174
2021-07-22,all_tradable,1,1,35214939.637,-0.0050914913083257,-0.0050914913083257,-0.50914913083257,44.09552646295917
2021-07-23,all_tradable,1,1,35214939.637,-0.0010182982616651,-0.0010182982616651,-0.10182982616650998,43.99369663679266
2021-07-26,all_tradable,1,1,35214939.637,0.0016971637694418,0.0016971637694418,0.16971637694418001,44.16341301373684
2021-07-27,all_tradable,1,1,35214939.637,0.0,0.0,0.0,44.16341301373684
2021-07-28,all_tradable,1,1,35214939.637,-0.0006788655077767,-0.0006788655077767,-0.06788655077767,44.09552646295917
2021-07-29,all_tradable,1,1,35214939.637,0.0044126258005489,0.0044126258005489,0.44126258005488994,44.53678904301406
2021-07-30,all_tradable,1,1,35214939.637,0.0030548947849954,0.0030548947849954,0.30548947849954,44.8422785215136
2021-08-02,all_tradable,1,1,35214939.637,-0.0040731930466606,-0.0040731930466606,-0.40731930466606,44.43495921684754
2021-08-03,all_tradable,2,2,37161871.683400005,-0.0005091491308325,-0.0009649490241638,-0.09649490241638,44.338464314431164
2021-08-04,all_tradable,2,2,37161871.683400005,-0.0133243997433073,-0.0108160105487014,-1.08160105487014,43.25686325956102
2021-08-05,all_tradable,2,2,37161871.683400005,0.0129392408981169,0.0043944546507538,0.43944546507537996,43.6963087246364
2021-08-06,all_tradable,2,2,37161871.683400005,0.0012589411881014,0.0080324448048431,0.80324448048431,44.49955320512071
2021-08-09,all_tradable,2,2,37161871.683400005,-0.0015502148945334,0.0001414332777339,0.01414332777339,44.5136965328941
2021-08-10,all_tradable,2,2,37161871.683400005,0.0017668321824432,0.0041353964711364,0.41353964711364,44.927236180007746
2021-08-11,all_tradable,2,2,37161871.683400005,0.0039867927982121,0.00254480695047,0.254480695047,45.18171687505475
2021-08-12,all_tradable,2,2,37161871.683400005,-0.0038312284044355,-0.0007053071592169,-0.07053071592169001,45.111186159133055
2021-08-13,all_tradable,2,2,37161871.683400005,-0.0007928549794642,-0.0003869428615085,-0.03869428615085,45.072491872982205
2021-08-16,all_tradable,2,2,37161871.683400005,-0.0144881340768618,-0.0033412830954413,-0.33412830954413,44.73836356343808
2021-08-17,all_tradable,2,2,37161871.683400005,-0.0043080692958452,-0.0044016702485035,-0.44016702485035,44.298196538587725
2021-08-18,all_tradable,2,2,37161871.683400005,0.0141907363216302,0.0005753220531184,0.05753220531184001,44.35572874389956
2021-08-19,all_tradable,2,2,37161871.683400005,0.0043429131964421,-0.0016720106781914,-0.16720106781914,44.188527676080426
2021-08-20,all_tradable,2,2,37161871.683400005,0.0085947955104631,0.0063701713797241,0.63701713797241,44.82554481405284
2021-08-23,all_tradable,2,2,37161871.683400005,-0.0050538764682189,0.0019013817160714,0.19013817160714,45.01568298565998
2021-08-24,all_tradable,2,2,37161871.683400005,-0.0042376861397479,-0.0004440296774258,-0.04440296774258,44.9712800179174
2021-08-25,all_tradable,2,2,37161871.683400005,0.0085003867158392,0.0005868138010014,0.05868138010014,45.029961398017534
2021-08-26,all_tradable,2,2,37161871.683400005,-0.002737475664325,-0.001502302262956,-0.15023022629559998,44.879731171721936
2021-08-27,all_tradable,2,2,37161871.683400005,0.0279938886871469,0.0108337636667219,1.08337636667219,45.96310753839413
2021-08-30,all_tradable,1,1,35214939.637,-0.0040731930466606,-0.0040731930466606,-0.40731930466606,45.555788233728066
2021-08-31,all_tradable,1,1,35214939.637,-0.0047520585544372,-0.0047520585544372,-0.47520585544372,45.08058237828435
2021-09-01,all_tradable,1,1,35214939.637,-0.0061097895699908,-0.0061097895699908,-0.61097895699908,44.469603421285264
2021-09-02,all_tradable,1,1,35214939.637,-0.0074675205855443,-0.0074675205855443,-0.7467520585544299,43.722851362730836
2021-09-03,all_tradable,1,1,35214939.637,0.0013577310155534,0.0013577310155534,0.13577310155534,43.85862446428618
2021-09-06,all_tradable,0,0,0.0,0.0,0.0,0.0,43.85862446428618
2021-09-07,all_tradable,1,1,35214939.637,-0.0033943275388837,-0.0033943275388837,-0.33943275388837,43.519191710397806
2021-09-08,all_tradable,1,1,35214939.637,-0.0061097895699908,-0.0061097895699908,-0.61097895699908,42.90821275339873
2021-09-09,all_tradable,1,1,35214939.637,-0.0040731930466605,-0.0040731930466605,-0.40731930466605004,42.50089344873268
2021-09-10,all_tradable,1,1,35214939.637,0.4014656989935956,0.4014656989935956,40.146569899359555,82.64746334809223
2021-09-13,all_tradable,0,0,0.0,0.0,0.0,0.0,82.64746334809223
2021-09-14,all_tradable,0,0,0.0,0.0,0.0,0.0,82.64746334809223
2021-09-15,all_tradable,0,0,0.0,0.0,0.0,0.0,82.64746334809223
2021-09-16,all_tradable,0,0,0.0,0.0,0.0,0.0,82.64746334809223
2021-09-17,all_tradable,0,0,0.0,0.0,0.0,0.0,82.64746334809223
2021-09-20,all_tradable,0,0,0.0,0.0,0.0,0.0,82.64746334809223
2021-09-21,all_tradable,0,0,0.0,0.0,0.0,0.0,82.64746334809223
2021-09-22,all_tradable,0,0,0.0,0.0,0.0,0.0,82.64746334809223
2021-09-23,all_tradable,0,0,0.0,0.0,0.0,0.0,82.64746334809223
2021-09-24,all_tradable,0,0,0.0,0.0,0.0,0.0,82.64746334809223
2021-09-27,all_tradable,0,0,0.0,0.0,0.0,0.0,82.64746334809223
2021-09-28,all_tradable,0,0,0.0,0.0,0.0,0.0,82.64746334809223
2021-09-29,all_tradable,0,0,0.0,0.0,0.0,0.0,82.64746334809223
2021-09-30,all_tradable,0,0,0.0,0.0,0.0,0.0,82.64746334809223
2021-10-01,all_tradable,0,0,0.0,0.0,0.0,0.0,82.64746334809223
2021-10-04,all_tradable,0,0,0.0,0.0,0.0,0.0,82.64746334809223
2021-10-05,all_tradable,0,0,0.0,0.0,0.0,0.0,82.64746334809223
2021-10-06,all_tradable,0,0,0.0,0.0,0.0,0.0,82.64746334809223
2021-10-07,all_tradable,0,0,0.0,0.0,0.0,0.0,82.64746334809223
2021-10-08,all_tradable,0,0,0.0,0.0,0.0,0.0,82.64746334809223
2021-10-11,all_tradable,0,0,0.0,0.0,0.0,0.0,82.64746334809223
2021-10-12,all_tradable,0,0,0.0,0.0,0.0,0.0,82.64746334809223
2021-10-13,all_tradable,0,0,0.0,0.0,0.0,0.0,82.64746334809223
2021-10-14,all_tradable,0,0,0.0,0.0,0.0,0.0,82.64746334809223
2021-10-15,all_tradable,0,0,0.0,0.0,0.0,0.0,82.64746334809223
2021-10-18,all_tradable,0,0,0.0,0.0,0.0,0.0,82.64746334809223
2021-10-19,all_tradable,0,0,0.0,0.0,0.0,0.0,82.64746334809223
2021-10-20,all_tradable,0,0,0.0,0.0,0.0,0.0,82.64746334809223
2021-10-21,all_tradable,0,0,0.0,0.0,0.0,0.0,82.64746334809223
2021-10-22,all_tradable,0,0,0.0,0.0,0.0,0.0,82.64746334809223
2021-10-25,all_tradable,0,0,0.0,0.0,0.0,0.0,82.64746334809223
2021-10-26,all_tradable,0,0,0.0,0.0,0.0,0.0,82.64746334809223
2021-10-27,all_tradable,0,0,0.0,0.0,0.0,0.0,82.64746334809223
2021-10-28,all_tradable,0,0,0.0,0.0,0.0,0.0,82.64746334809223
2021-10-29,all_tradable,0,0,0.0,0.0,0.0,0.0,82.64746334809223
2021-11-01,all_tradable,0,0,0.0,0.0,0.0,0.0,82.64746334809223
2021-11-02,all_tradable,0,0,0.0,0.0,0.0,0.0,82.64746334809223
2021-11-03,all_tradable,0,0,0.0,0.0,0.0,0.0,82.64746334809223
2021-11-04,all_tradable,0,0,0.0,0.0,0.0,0.0,82.64746334809223
2021-11-05,all_tradable,0,0,0.0,0.0,0.0,0.0,82.64746334809223
2021-11-08,all_tradable,0,0,0.0,0.0,0.0,0.0,82.64746334809223
2021-11-09,all_tradable,0,0,0.0,0.0,0.0,0.0,82.64746334809223
2021-11-10,all_tradable,0,0,0.0,0.0,0.0,0.0,82.64746334809223
2021-11-11,all_tradable,0,0,0.0,0.0,0.0,0.0,82.64746334809223
2021-11-12,all_tradable,0,0,0.0,0.0,0.0,0.0,82.64746334809223
2021-11-15,all_tradable,0,0,0.0,0.0,0.0,0.0,82.64746334809223
2021-11-16,all_tradable,0,0,0.0,0.0,0.0,0.0,82.64746334809223
2021-11-17,all_tradable,0,0,0.0,0.0,0.0,0.0,82.64746334809223
2021-11-18,all_tradable,0,0,0.0,0.0,0.0,0.0,82.64746334809223
2021-11-19,all_tradable,0,0,0.0,0.0,0.0,0.0,82.64746334809223
2021-11-22,all_tradable,0,0,0.0,0.0,0.0,0.0,82.64746334809223
2021-11-23,all_tradable,0,0,0.0,0.0,0.0,0.0,82.64746334809223
2021-11-24,all_tradable,0,0,0.0,0.0,0.0,0.0,82.64746334809223
2021-11-25,all_tradable,0,0,0.0,0.0,0.0,0.0,82.64746334809223
2021-11-26,all_tradable,0,0,0.0,0.0,0.0,0.0,82.64746334809223
2021-11-29,all_tradable,0,0,0.0,0.0,0.0,0.0,82.64746334809223
2021-11-30,all_tradable,0,0,0.0,0.0,0.0,0.0,82.64746334809223
2021-12-01,all_tradable,0,0,0.0,0.0,0.0,0.0,82.64746334809223
2021-12-02,all_tradable,0,0,0.0,0.0,0.0,0.0,82.64746334809223
2021-12-03,all_tradable,0,0,0.0,0.0,0.0,0.0,82.64746334809223
2021-12-06,all_tradable,0,0,0.0,0.0,0.0,0.0,82.64746334809223
2021-12-07,all_tradable,0,0,0.0,0.0,0.0,0.0,82.64746334809223
2021-12-08,all_tradable,0,0,0.0,0.0,0.0,0.0,82.64746334809223
2021-12-09,all_tradable,0,0,0.0,0.0,0.0,0.0,82.64746334809223
2021-12-10,all_tradable,0,0,0.0,0.0,0.0,0.0,82.64746334809223
2021-12-13,all_tradable,0,0,0.0,0.0,0.0,0.0,82.64746334809223
2021-12-14,all_tradable,0,0,0.0,0.0,0.0,0.0,82.64746334809223
2021-12-15,all_tradable,0,0,0.0,0.0,0.0,0.0,82.64746334809223
2021-12-16,all_tradable,0,0,0.0,0.0,0.0,0.0,82.64746334809223
2021-12-17,all_tradable,0,0,0.0,0.0,0.0,0.0,82.64746334809223
2021-12-20,all_tradable,0,0,0.0,0.0,0.0,0.0,82.64746334809223
2021-12-21,all_tradable,0,0,0.0,0.0,0.0,0.0,82.64746334809223
2021-12-22,all_tradable,0,0,0.0,0.0,0.0,0.0,82.64746334809223
2021-12-23,all_tradable,0,0,0.0,0.0,0.0,0.0,82.64746334809223
2021-12-24,all_tradable,0,0,0.0,0.0,0.0,0.0,82.64746334809223
2021-12-27,all_tradable,0,0,0.0,0.0,0.0,0.0,82.64746334809223
2021-12-28,all_tradable,0,0,0.0,0.0,0.0,0.0,82.64746334809223
2021-12-29,all_tradable,0,0,0.0,0.0,0.0,0.0,82.64746334809223
2021-12-30,all_tradable,0,0,0.0,0.0,0.0,0.0,82.64746334809223
2021-12-31,all_tradable,0,0,0.0,0.0,0.0,0.0,82.64746334809223
2022-01-03,all_tradable,0,0,0.0,0.0,0.0,0.0,82.64746334809223
2022-01-04,all_tradable,0,0,0.0,0.0,0.0,0.0,82.64746334809223
2022-01-05,all_tradable,0,0,0.0,0.0,0.0,0.0,82.64746334809223
2022-01-06,all_tradable,0,0,0.0,0.0,0.0,0.0,82.64746334809223
2022-01-07,all_tradable,0,0,0.0,0.0,0.0,0.0,82.64746334809223
2022-01-10,all_tradable,0,0,0.0,0.0,0.0,0.0,82.64746334809223
2022-01-11,all_tradable,0,0,0.0,0.0,0.0,0.0,82.64746334809223
2022-01-12,all_tradable,0,0,0.0,0.0,0.0,0.0,82.64746334809223
2022-01-13,all_tradable,0,0,0.0,0.0,0.0,0.0,82.64746334809223
2022-01-14,all_tradable,0,0,0.0,0.0,0.0,0.0,82.64746334809223
2022-01-17,all_tradable,0,0,0.0,0.0,0.0,0.0,82.64746334809223
2022-01-18,all_tradable,0,0,0.0,0.0,0.0,0.0,82.64746334809223
2022-01-19,all_tradable,0,0,0.0,0.0,0.0,0.0,82.64746334809223
2022-01-20,all_tradable,0,0,0.0,0.0,0.0,0.0,82.64746334809223
2022-01-21,all_tradable,0,0,0.0,0.0,0.0,0.0,82.64746334809223
2022-01-24,all_tradable,0,0,0.0,0.0,0.0,0.0,82.64746334809223
2022-01-25,all_tradable,0,0,0.0,0.0,0.0,0.0,82.64746334809223
2022-01-26,all_tradable,0,0,0.0,0.0,0.0,0.0,82.64746334809223
2022-01-27,all_tradable,0,0,0.0,0.0,0.0,0.0,82.64746334809223
2022-01-28,all_tradable,0,0,0.0,0.0,0.0,0.0,82.64746334809223
2022-01-31,all_tradable,0,0,0.0,0.0,0.0,0.0,82.64746334809223
2022-02-01,all_tradable,0,0,0.0,0.0,0.0,0.0,82.64746334809223
2022-02-02,all_tradable,0,0,0.0,0.0,0.0,0.0,82.64746334809223
2022-02-03,all_tradable,0,0,0.0,0.0,0.0,0.0,82.64746334809223
2022-02-04,all_tradable,0,0,0.0,0.0,0.0,0.0,82.64746334809223
2022-02-07,all_tradable,0,0,0.0,0.0,0.0,0.0,82.64746334809223
2022-02-08,all_tradable,0,0,0.0,0.0,0.0,0.0,82.64746334809223
2022-02-09,all_tradable,0,0,0.0,0.0,0.0,0.0,82.64746334809223
2022-02-10,all_tradable,0,0,0.0,0.0,0.0,0.0,82.64746334809223
2022-02-11,all_tradable,0,0,0.0,0.0,0.0,0.0,82.64746334809223
2022-02-14,all_tradable,0,0,0.0,0.0,0.0,0.0,82.64746334809223
2022-02-15,all_tradable,0,0,0.0,0.0,0.0,0.0,82.64746334809223
2022-02-16,all_tradable,0,0,0.0,0.0,0.0,0.0,82.64746334809223
2022-02-17,all_tradable,0,0,0.0,0.0,0.0,0.0,82.64746334809223
2022-02-18,all_tradable,0,0,0.0,0.0,0.0,0.0,82.64746334809223
2022-02-21,all_tradable,0,0,0.0,0.0,0.0,0.0,82.64746334809223
2022-02-22,all_tradable,0,0,0.0,0.0,0.0,0.0,82.64746334809223
2022-02-23,all_tradable,0,0,0.0,0.0,0.0,0.0,82.64746334809223
2022-02-24,all_tradable,0,0,0.0,0.0,0.0,0.0,82.64746334809223
2022-02-25,all_tradable,0,0,0.0,0.0,0.0,0.0,82.64746334809223
2022-02-28,all_tradable,0,0,0.0,0.0,0.0,0.0,82.64746334809223
2022-03-01,all_tradable,0,0,0.0,0.0,0.0,0.0,82.64746334809223
2022-03-02,all_tradable,0,0,0.0,0.0,0.0,0.0,82.64746334809223
2022-03-03,all_tradable,0,0,0.0,0.0,0.0,0.0,82.64746334809223
2022-03-04,all_tradable,0,0,0.0,0.0,0.0,0.0,82.64746334809223
2022-03-07,all_tradable,0,0,0.0,0.0,0.0,0.0,82.64746334809223
2022-03-08,all_tradable,0,0,0.0,0.0,0.0,0.0,82.64746334809223
2022-03-09,all_tradable,0,0,0.0,0.0,0.0,0.0,82.64746334809223
2022-03-10,all_tradable,0,0,0.0,0.0,0.0,0.0,82.64746334809223
2022-03-11,all_tradable,0,0,0.0,0.0,0.0,0.0,82.64746334809223
2022-03-14,all_tradable,0,0,0.0,0.0,0.0,0.0,82.64746334809223
2022-03-15,all_tradable,0,0,0.0,0.0,0.0,0.0,82.64746334809223
2022-03-16,all_tradable,0,0,0.0,0.0,0.0,0.0,82.64746334809223
2022-03-17,all_tradable,0,0,0.0,0.0,0.0,0.0,82.64746334809223
2022-03-18,all_tradable,0,0,0.0,0.0,0.0,0.0,82.64746334809223
2022-03-21,all_tradable,0,0,0.0,0.0,0.0,0.0,82.64746334809223
2022-03-22,all_tradable,0,0,0.0,0.0,0.0,0.0,82.64746334809223
2022-03-23,all_tradable,0,0,0.0,0.0,0.0,0.0,82.64746334809223
2022-03-24,all_tradable,0,0,0.0,0.0,0.0,0.0,82.64746334809223
2022-03-25,all_tradable,0,0,0.0,0.0,0.0,0.0,82.64746334809223
2022-03-28,all_tradable,0,0,0.0,0.0,0.0,0.0,82.64746334809223
2022-03-29,all_tradable,0,0,0.0,0.0,0.0,0.0,82.64746334809223
2022-03-30,all_tradable,0,0,0.0,0.0,0.0,0.0,82.64746334809223
2022-03-31,all_tradable,0,0,0.0,0.0,0.0,0.0,82.64746334809223
2022-04-01,all_tradable,0,0,0.0,0.0,0.0,0.0,82.64746334809223
2022-04-04,all_tradable,0,0,0.0,0.0,0.0,0.0,82.64746334809223
2022-04-05,all_tradable,0,0,0.0,0.0,0.0,0.0,82.64746334809223
2022-04-06,all_tradable,0,0,0.0,0.0,0.0,0.0,82.64746334809223
2022-04-07,all_tradable,0,0,0.0,0.0,0.0,0.0,82.64746334809223
2022-04-08,all_tradable,0,0,0.0,0.0,0.0,0.0,82.64746334809223
2022-04-11,all_tradable,0,0,0.0,0.0,0.0,0.0,82.64746334809223
2022-04-12,all_tradable,0,0,0.0,0.0,0.0,0.0,82.64746334809223
2022-04-13,all_tradable,0,0,0.0,0.0,0.0,0.0,82.64746334809223
2022-04-14,all_tradable,0,0,0.0,0.0,0.0,0.0,82.64746334809223
2022-04-15,all_tradable,0,0,0.0,0.0,0.0,0.0,82.64746334809223
2022-04-18,all_tradable,0,0,0.0,0.0,0.0,0.0,82.64746334809223
2022-04-19,all_tradable,0,0,0.0,0.0,0.0,0.0,82.64746334809223
2022-04-20,all_tradable,0,0,0.0,0.0,0.0,0.0,82.64746334809223
2022-04-21,all_tradable,0,0,0.0,0.0,0.0,0.0,82.64746334809223
2022-04-22,all_tradable,0,0,0.0,0.0,0.0,0.0,82.64746334809223
2022-04-25,all_tradable,0,0,0.0,0.0,0.0,0.0,82.64746334809223
2022-04-26,all_tradable,0,0,0.0,0.0,0.0,0.0,82.64746334809223
2022-04-27,all_tradable,0,0,0.0,0.0,0.0,0.0,82.64746334809223
2022-04-28,all_tradable,0,0,0.0,0.0,0.0,0.0,82.64746334809223
2022-04-29,all_tradable,0,0,0.0,0.0,0.0,0.0,82.64746334809223
2022-05-02,all_tradable,0,0,0.0,0.0,0.0,0.0,82.64746334809223
2022-05-03,all_tradable,0,0,0.0,0.0,0.0,0.0,82.64746334809223
2022-05-04,all_tradable,0,0,0.0,0.0,0.0,0.0,82.64746334809223
2022-05-05,all_tradable,0,0,0.0,0.0,0.0,0.0,82.64746334809223
2022-05-06,all_tradable,0,0,0.0,0.0,0.0,0.0,82.64746334809223
2022-05-09,all_tradable,0,0,0.0,0.0,0.0,0.0,82.64746334809223
2022-05-10,all_tradable,0,0,0.0,0.0,0.0,0.0,82.64746334809223
2022-05-11,all_tradable,0,0,0.0,0.0,0.0,0.0,82.64746334809223
2022-05-12,all_tradable,0,0,0.0,0.0,0.0,0.0,82.64746334809223
2022-05-13,all_tradable,0,0,0.0,0.0,0.0,0.0,82.64746334809223
2022-05-16,all_tradable,0,0,0.0,0.0,0.0,0.0,82.64746334809223
2022-05-17,all_tradable,0,0,0.0,0.0,0.0,0.0,82.64746334809223
2022-05-18,all_tradable,0,0,0.0,0.0,0.0,0.0,82.64746334809223
2022-05-19,all_tradable,0,0,0.0,0.0,0.0,0.0,82.64746334809223
2022-05-20,all_tradable,0,0,0.0,0.0,0.0,0.0,82.64746334809223
2022-05-23,all_tradable,0,0,0.0,0.0,0.0,0.0,82.64746334809223
2022-05-24,all_tradable,0,0,0.0,0.0,0.0,0.0,82.64746334809223
2022-05-25,all_tradable,0,0,0.0,0.0,0.0,0.0,82.64746334809223
2022-05-26,all_tradable,0,0,0.0,0.0,0.0,0.0,82.64746334809223
2022-05-27,all_tradable,0,0,0.0,0.0,0.0,0.0,82.64746334809223
2022-05-30,all_tradable,0,0,0.0,0.0,0.0,0.0,82.64746334809223
2022-05-31,all_tradable,0,0,0.0,0.0,0.0,0.0,82.64746334809223
2022-06-01,all_tradable,0,0,0.0,0.0,0.0,0.0,82.64746334809223
2022-06-02,all_tradable,0,0,0.0,0.0,0.0,0.0,82.64746334809223
2022-06-03,all_tradable,0,0,0.0,0.0,0.0,0.0,82.64746334809223
2022-06-06,all_tradable,0,0,0.0,0.0,0.0,0.0,82.64746334809223
2022-06-07,all_tradable,0,0,0.0,0.0,0.0,0.0,82.64746334809223
2022-06-08,all_tradable,0,0,0.0,0.0,0.0,0.0,82.64746334809223
2022-06-09,all_tradable,0,0,0.0,0.0,0.0,0.0,82.64746334809223
2022-06-10,all_tradable,0,0,0.0,0.0,0.0,0.0,82.64746334809223
2022-06-13,all_tradable,0,0,0.0,0.0,0.0,0.0,82.64746334809223
2022-06-14,all_tradable,0,0,0.0,0.0,0.0,0.0,82.64746334809223
2022-06-15,all_tradable,0,0,0.0,0.0,0.0,0.0,82.64746334809223
2022-06-16,all_tradable,0,0,0.0,0.0,0.0,0.0,82.64746334809223
2022-06-17,all_tradable,0,0,0.0,0.0,0.0,0.0,82.64746334809223
2022-06-20,all_tradable,0,0,0.0,0.0,0.0,0.0,82.64746334809223
2022-06-21,all_tradable,0,0,0.0,0.0,0.0,0.0,82.64746334809223
2022-06-22,all_tradable,0,0,0.0,0.0,0.0,0.0,82.64746334809223
2022-06-23,all_tradable,0,0,0.0,0.0,0.0,0.0,82.64746334809223
2022-06-24,all_tradable,0,0,0.0,0.0,0.0,0.0,82.64746334809223
2022-06-27,all_tradable,0,0,0.0,0.0,0.0,0.0,82.64746334809223
2022-06-28,all_tradable,0,0,0.0,0.0,0.0,0.0,82.64746334809223
2022-06-29,all_tradable,0,0,0.0,0.0,0.0,0.0,82.64746334809223
2022-06-30,all_tradable,0,0,0.0,0.0,0.0,0.0,82.64746334809223
2022-07-01,all_tradable,0,0,0.0,0.0,0.0,0.0,82.64746334809223
2022-07-04,all_tradable,0,0,0.0,0.0,0.0,0.0,82.64746334809223
2022-07-05,all_tradable,0,0,0.0,0.0,0.0,0.0,82.64746334809223
2022-07-06,all_tradable,0,0,0.0,0.0,0.0,0.0,82.64746334809223
2022-07-07,all_tradable,0,0,0.0,0.0,0.0,0.0,82.64746334809223
2022-07-08,all_tradable,0,0,0.0,0.0,0.0,0.0,82.64746334809223
2022-07-11,all_tradable,0,0,0.0,0.0,0.0,0.0,82.64746334809223
2022-07-12,all_tradable,0,0,0.0,0.0,0.0,0.0,82.64746334809223
2022-07-13,all_tradable,0,0,0.0,0.0,0.0,0.0,82.64746334809223
2022-07-14,all_tradable,0,0,0.0,0.0,0.0,0.0,82.64746334809223
2022-07-15,all_tradable,0,0,0.0,0.0,0.0,0.0,82.64746334809223
2022-07-18,all_tradable,0,0,0.0,0.0,0.0,0.0,82.64746334809223
2022-07-19,all_tradable,0,0,0.0,0.0,0.0,0.0,82.64746334809223
2022-07-20,all_tradable,0,0,0.0,0.0,0.0,0.0,82.64746334809223
2022-07-21,all_tradable,0,0,0.0,0.0,0.0,0.0,82.64746334809223
2022-07-22,all_tradable,0,0,0.0,0.0,0.0,0.0,82.64746334809223
2022-07-25,all_tradable,0,0,0.0,0.0,0.0,0.0,82.64746334809223
2022-07-26,all_tradable,0,0,0.0,0.0,0.0,0.0,82.64746334809223
2022-07-27,all_tradable,0,0,0.0,0.0,0.0,0.0,82.64746334809223
2022-07-28,all_tradable,0,0,0.0,0.0,0.0,0.0,82.64746334809223
2022-07-29,all_tradable,0,0,0.0,0.0,0.0,0.0,82.64746334809223
2022-08-01,all_tradable,0,0,0.0,0.0,0.0,0.0,82.64746334809223
2022-08-02,all_tradable,0,0,0.0,0.0,0.0,0.0,82.64746334809223
2022-08-03,all_tradable,0,0,0.0,0.0,0.0,0.0,82.64746334809223
2022-08-04,all_tradable,0,0,0.0,0.0,0.0,0.0,82.64746334809223
2022-08-05,all_tradable,0,0,0.0,0.0,0.0,0.0,82.64746334809223
2022-08-08,all_tradable,0,0,0.0,0.0,0.0,0.0,82.64746334809223
2022-08-09,all_tradable,0,0,0.0,0.0,0.0,0.0,82.64746334809223
2022-08-10,all_tradable,0,0,0.0,0.0,0.0,0.0,82.64746334809223
2022-08-11,all_tradable,0,0,0.0,0.0,0.0,0.0,82.64746334809223
2022-08-12,all_tradable,0,0,0.0,0.0,0.0,0.0,82.64746334809223
2022-08-15,all_tradable,0,0,0.0,0.0,0.0,0.0,82.64746334809223
2022-08-16,all_tradable,0,0,0.0,0.0,0.0,0.0,82.64746334809223
2022-08-17,all_tradable,0,0,0.0,0.0,0.0,0.0,82.64746334809223
2022-08-18,all_tradable,0,0,0.0,0.0,0.0,0.0,82.64746334809223
2022-08-19,all_tradable,0,0,0.0,0.0,0.0,0.0,82.64746334809223
2022-08-22,all_tradable,0,0,0.0,0.0,0.0,0.0,82.64746334809223
2022-08-23,all_tradable,0,0,0.0,0.0,0.0,0.0,82.64746334809223
2022-08-24,all_tradable,0,0,0.0,0.0,0.0,0.0,82.64746334809223
2022-08-25,all_tradable,0,0,0.0,0.0,0.0,0.0,82.64746334809223
2022-08-26,all_tradable,0,0,0.0,0.0,0.0,0.0,82.64746334809223
2022-08-29,all_tradable,0,0,0.0,0.0,0.0,0.0,82.64746334809223
2022-08-30,all_tradable,0,0,0.0,0.0,0.0,0.0,82.64746334809223
2022-08-31,all_tradable,0,0,0.0,0.0,0.0,0.0,82.64746334809223
2022-09-01,all_tradable,0,0,0.0,0.0,0.0,0.0,82.64746334809223
2022-09-02,all_tradable,0,0,0.0,0.0,0.0,0.0,82.64746334809223
2022-09-05,all_tradable,0,0,0.0,0.0,0.0,0.0,82.64746334809223
2022-09-06,all_tradable,0,0,0.0,0.0,0.0,0.0,82.64746334809223
2022-09-07,all_tradable,0,0,0.0,0.0,0.0,0.0,82.64746334809223
2022-09-08,all_tradable,0,0,0.0,0.0,0.0,0.0,82.64746334809223
2022-09-09,all_tradable,0,0,0.0,0.0,0.0,0.0,82.64746334809223
2022-09-12,all_tradable,0,0,0.0,0.0,0.0,0.0,82.64746334809223
2022-09-13,all_tradable,0,0,0.0,0.0,0.0,0.0,82.64746334809223
2022-09-14,all_tradable,0,0,0.0,0.0,0.0,0.0,82.64746334809223
2022-09-15,all_tradable,0,0,0.0,0.0,0.0,0.0,82.64746334809223
2022-09-16,all_tradable,0,0,0.0,0.0,0.0,0.0,82.64746334809223
2022-09-19,all_tradable,0,0,0.0,0.0,0.0,0.0,82.64746334809223
2022-09-20,all_tradable,0,0,0.0,0.0,0.0,0.0,82.64746334809223
2022-09-21,all_tradable,0,0,0.0,0.0,0.0,0.0,82.64746334809223
2022-09-22,all_tradable,0,0,0.0,0.0,0.0,0.0,82.64746334809223
2022-09-23,all_tradable,0,0,0.0,0.0,0.0,0.0,82.64746334809223
2022-09-26,all_tradable,0,0,0.0,0.0,0.0,0.0,82.64746334809223
2022-09-27,all_tradable,0,0,0.0,0.0,0.0,0.0,82.64746334809223
2022-09-28,all_tradable,0,0,0.0,0.0,0.0,0.0,82.64746334809223
2022-09-29,all_tradable,0,0,0.0,0.0,0.0,0.0,82.64746334809223
2022-09-30,all_tradable,0,0,0.0,0.0,0.0,0.0,82.64746334809223
2022-10-03,all_tradable,0,0,0.0,0.0,0.0,0.0,82.64746334809223
2022-10-04,all_tradable,0,0,0.0,0.0,0.0,0.0,82.64746334809223
2022-10-05,all_tradable,0,0,0.0,0.0,0.0,0.0,82.64746334809223
2022-10-06,all_tradable,0,0,0.0,0.0,0.0,0.0,82.64746334809223
2022-10-07,all_tradable,0,0,0.0,0.0,0.0,0.0,82.64746334809223
2022-10-10,all_tradable,0,0,0.0,0.0,0.0,0.0,82.64746334809223
2022-10-11,all_tradable,0,0,0.0,0.0,0.0,0.0,82.64746334809223
2022-10-12,all_tradable,0,0,0.0,0.0,0.0,0.0,82.64746334809223
2022-10-13,all_tradable,0,0,0.0,0.0,0.0,0.0,82.64746334809223
2022-10-14,all_tradable,0,0,0.0,0.0,0.0,0.0,82.64746334809223
2022-10-17,all_tradable,0,0,0.0,0.0,0.0,0.0,82.64746334809223
2022-10-18,all_tradable,0,0,0.0,0.0,0.0,0.0,82.64746334809223
2022-10-19,all_tradable,0,0,0.0,0.0,0.0,0.0,82.64746334809223
2022-10-20,all_tradable,0,0,0.0,0.0,0.0,0.0,82.64746334809223
2022-10-21,all_tradable,0,0,0.0,0.0,0.0,0.0,82.64746334809223
2022-10-24,all_tradable,0,0,0.0,0.0,0.0,0.0,82.64746334809223
2022-10-25,all_tradable,0,0,0.0,0.0,0.0,0.0,82.64746334809223
2022-10-26,all_tradable,0,0,0.0,0.0,0.0,0.0,82.64746334809223
2022-10-27,all_tradable,0,0,0.0,0.0,0.0,0.0,82.64746334809223
2022-10-28,all_tradable,0,0,0.0,0.0,0.0,0.0,82.64746334809223
2022-10-31,all_tradable,0,0,0.0,0.0,0.0,0.0,82.64746334809223
2022-11-01,all_tradable,0,0,0.0,0.0,0.0,0.0,82.64746334809223
2022-11-02,all_tradable,0,0,0.0,0.0,0.0,0.0,82.64746334809223
2022-11-03,all_tradable,0,0,0.0,0.0,0.0,0.0,82.64746334809223
2022-11-04,all_tradable,0,0,0.0,0.0,0.0,0.0,82.64746334809223
2022-11-07,all_tradable,0,0,0.0,0.0,0.0,0.0,82.64746334809223
2022-11-08,all_tradable,0,0,0.0,0.0,0.0,0.0,82.64746334809223
2022-11-09,all_tradable,0,0,0.0,0.0,0.0,0.0,82.64746334809223
2022-11-10,all_tradable,0,0,0.0,0.0,0.0,0.0,82.64746334809223
2022-11-11,all_tradable,0,0,0.0,0.0,0.0,0.0,82.64746334809223
2022-11-14,all_tradable,0,0,0.0,0.0,0.0,0.0,82.64746334809223
2022-11-15,all_tradable,0,0,0.0,0.0,0.0,0.0,82.64746334809223
2022-11-16,all_tradable,0,0,0.0,0.0,0.0,0.0,82.64746334809223
2022-11-17,all_tradable,0,0,0.0,0.0,0.0,0.0,82.64746334809223
2022-11-18,all_tradable,0,0,0.0,0.0,0.0,0.0,82.64746334809223
2022-11-21,all_tradable,0,0,0.0,0.0,0.0,0.0,82.64746334809223
2022-11-22,all_tradable,0,0,0.0,0.0,0.0,0.0,82.64746334809223
2022-11-23,all_tradable,0,0,0.0,0.0,0.0,0.0,82.64746334809223
2022-11-24,all_tradable,0,0,0.0,0.0,0.0,0.0,82.64746334809223
2022-11-25,all_tradable,0,0,0.0,0.0,0.0,0.0,82.64746334809223
2022-11-28,all_tradable,0,0,0.0,0.0,0.0,0.0,82.64746334809223
2022-11-29,all_tradable,0,0,0.0,0.0,0.0,0.0,82.64746334809223
2022-11-30,all_tradable,0,0,0.0,0.0,0.0,0.0,82.64746334809223
2022-12-01,all_tradable,0,0,0.0,0.0,0.0,0.0,82.64746334809223
2022-12-02,all_tradable,0,0,0.0,0.0,0.0,0.0,82.64746334809223
2022-12-05,all_tradable,0,0,0.0,0.0,0.0,0.0,82.64746334809223
2022-12-06,all_tradable,0,0,0.0,0.0,0.0,0.0,82.64746334809223
2022-12-07,all_tradable,0,0,0.0,0.0,0.0,0.0,82.64746334809223
2022-12-08,all_tradable,0,0,0.0,0.0,0.0,0.0,82.64746334809223
2022-12-09,all_tradable,0,0,0.0,0.0,0.0,0.0,82.64746334809223
2022-12-12,all_tradable,0,0,0.0,0.0,0.0,0.0,82.64746334809223
2022-12-13,all_tradable,0,0,0.0,0.0,0.0,0.0,82.64746334809223
2022-12-14,all_tradable,0,0,0.0,0.0,0.0,0.0,82.64746334809223
2022-12-15,all_tradable,0,0,0.0,0.0,0.0,0.0,82.64746334809223
2022-12-16,all_tradable,0,0,0.0,0.0,0.0,0.0,82.64746334809223
2022-12-19,all_tradable,0,0,0.0,0.0,0.0,0.0,82.64746334809223
2022-12-20,all_tradable,0,0,0.0,0.0,0.0,0.0,82.64746334809223
2022-12-21,all_tradable,0,0,0.0,0.0,0.0,0.0,82.64746334809223
2022-12-22,all_tradable,0,0,0.0,0.0,0.0,0.0,82.64746334809223
2022-12-23,all_tradable,0,0,0.0,0.0,0.0,0.0,82.64746334809223
2022-12-26,all_tradable,0,0,0.0,0.0,0.0,0.0,82.64746334809223
2022-12-27,all_tradable,0,0,0.0,0.0,0.0,0.0,82.64746334809223
2022-12-28,all_tradable,0,0,0.0,0.0,0.0,0.0,82.64746334809223
2022-12-29,all_tradable,0,0,0.0,0.0,0.0,0.0,82.64746334809223
2022-12-30,all_tradable,0,0,0.0,0.0,0.0,0.0,82.64746334809223
2023-01-02,all_tradable,0,0,0.0,0.0,0.0,0.0,82.64746334809223
2023-01-03,all_tradable,0,0,0.0,0.0,0.0,0.0,82.64746334809223
2023-01-04,all_tradable,0,0,0.0,0.0,0.0,0.0,82.64746334809223
2023-01-05,all_tradable,0,0,0.0,0.0,0.0,0.0,82.64746334809223
2023-01-06,all_tradable,0,0,0.0,0.0,0.0,0.0,82.64746334809223
2023-01-09,all_tradable,0,0,0.0,0.0,0.0,0.0,82.64746334809223
2023-01-10,all_tradable,0,0,0.0,0.0,0.0,0.0,82.64746334809223
2023-01-11,all_tradable,0,0,0.0,0.0,0.0,0.0,82.64746334809223
2023-01-12,all_tradable,0,0,0.0,0.0,0.0,0.0,82.64746334809223
2023-01-13,all_tradable,0,0,0.0,0.0,0.0,0.0,82.64746334809223
2023-01-16,all_tradable,0,0,0.0,0.0,0.0,0.0,82.64746334809223
2023-01-17,all_tradable,0,0,0.0,0.0,0.0,0.0,82.64746334809223
2023-01-18,all_tradable,0,0,0.0,0.0,0.0,0.0,82.64746334809223
2023-01-19,all_tradable,0,0,0.0,0.0,0.0,0.0,82.64746334809223
2023-01-20,all_tradable,0,0,0.0,0.0,0.0,0.0,82.64746334809223
2023-01-23,all_tradable,0,0,0.0,0.0,0.0,0.0,82.64746334809223
2023-01-24,all_tradable,0,0,0.0,0.0,0.0,0.0,82.64746334809223
2023-01-25,all_tradable,0,0,0.0,0.0,0.0,0.0,82.64746334809223
2023-01-26,all_tradable,0,0,0.0,0.0,0.0,0.0,82.64746334809223
2023-01-27,all_tradable,0,0,0.0,0.0,0.0,0.0,82.64746334809223
2023-01-30,all_tradable,0,0,0.0,0.0,0.0,0.0,82.64746334809223
2023-01-31,all_tradable,0,0,0.0,0.0,0.0,0.0,82.64746334809223
2023-02-01,all_tradable,0,0,0.0,0.0,0.0,0.0,82.64746334809223
2023-02-02,all_tradable,0,0,0.0,0.0,0.0,0.0,82.64746334809223
2023-02-03,all_tradable,0,0,0.0,0.0,0.0,0.0,82.64746334809223
2023-02-06,all_tradable,0,0,0.0,0.0,0.0,0.0,82.64746334809223
2023-02-07,all_tradable,0,0,0.0,0.0,0.0,0.0,82.64746334809223
2023-02-08,all_tradable,0,0,0.0,0.0,0.0,0.0,82.64746334809223
2023-02-09,all_tradable,0,0,0.0,0.0,0.0,0.0,82.64746334809223
2023-02-10,all_tradable,0,0,0.0,0.0,0.0,0.0,82.64746334809223
2023-02-13,all_tradable,0,0,0.0,0.0,0.0,0.0,82.64746334809223
2023-02-14,all_tradable,0,0,0.0,0.0,0.0,0.0,82.64746334809223
2023-02-15,all_tradable,0,0,0.0,0.0,0.0,0.0,82.64746334809223
2023-02-16,all_tradable,0,0,0.0,0.0,0.0,0.0,82.64746334809223
2023-02-17,all_tradable,0,0,0.0,0.0,0.0,0.0,82.64746334809223
2023-02-20,all_tradable,0,0,0.0,0.0,0.0,0.0,82.64746334809223
2023-02-21,all_tradable,0,0,0.0,0.0,0.0,0.0,82.64746334809223
2023-02-22,all_tradable,0,0,0.0,0.0,0.0,0.0,82.64746334809223
2023-02-23,all_tradable,0,0,0.0,0.0,0.0,0.0,82.64746334809223
2023-02-24,all_tradable,0,0,0.0,0.0,0.0,0.0,82.64746334809223
2023-02-27,all_tradable,0,0,0.0,0.0,0.0,0.0,82.64746334809223
2023-02-28,all_tradable,0,0,0.0,0.0,0.0,0.0,82.64746334809223
2023-03-01,all_tradable,0,0,0.0,0.0,0.0,0.0,82.64746334809223
2023-03-02,all_tradable,0,0,0.0,0.0,0.0,0.0,82.64746334809223
2023-03-03,all_tradable,0,0,0.0,0.0,0.0,0.0,82.64746334809223
2023-03-06,all_tradable,0,0,0.0,0.0,0.0,0.0,82.64746334809223
2023-03-07,all_tradable,0,0,0.0,0.0,0.0,0.0,82.64746334809223
2023-03-08,all_tradable,0,0,0.0,0.0,0.0,0.0,82.64746334809223
2023-03-09,all_tradable,0,0,0.0,0.0,0.0,0.0,82.64746334809223
2023-03-10,all_tradable,0,0,0.0,0.0,0.0,0.0,82.64746334809223
2023-03-13,all_tradable,0,0,0.0,0.0,0.0,0.0,82.64746334809223
2023-03-14,all_tradable,0,0,0.0,0.0,0.0,0.0,82.64746334809223
2023-03-15,all_tradable,0,0,0.0,0.0,0.0,0.0,82.64746334809223
2023-03-16,all_tradable,0,0,0.0,0.0,0.0,0.0,82.64746334809223
2023-03-17,all_tradable,0,0,0.0,0.0,0.0,0.0,82.64746334809223
2023-03-20,all_tradable,0,0,0.0,0.0,0.0,0.0,82.64746334809223
2023-03-21,all_tradable,0,0,0.0,0.0,0.0,0.0,82.64746334809223
2023-03-22,all_tradable,0,0,0.0,0.0,0.0,0.0,82.64746334809223
2023-03-23,all_tradable,0,0,0.0,0.0,0.0,0.0,82.64746334809223
2023-03-24,all_tradable,0,0,0.0,0.0,0.0,0.0,82.64746334809223
2023-03-27,all_tradable,0,0,0.0,0.0,0.0,0.0,82.64746334809223
2023-03-28,all_tradable,0,0,0.0,0.0,0.0,0.0,82.64746334809223
2023-03-29,all_tradable,0,0,0.0,0.0,0.0,0.0,82.64746334809223
2023-03-30,all_tradable,0,0,0.0,0.0,0.0,0.0,82.64746334809223
2023-03-31,all_tradable,0,0,0.0,0.0,0.0,0.0,82.64746334809223
2023-04-03,all_tradable,0,0,0.0,0.0,0.0,0.0,82.64746334809223
2023-04-04,all_tradable,0,0,0.0,0.0,0.0,0.0,82.64746334809223
2023-04-05,all_tradable,0,0,0.0,0.0,0.0,0.0,82.64746334809223
2023-04-06,all_tradable,0,0,0.0,0.0,0.0,0.0,82.64746334809223
2023-04-07,all_tradable,0,0,0.0,0.0,0.0,0.0,82.64746334809223
2023-04-10,all_tradable,0,0,0.0,0.0,0.0,0.0,82.64746334809223
2023-04-11,all_tradable,0,0,0.0,0.0,0.0,0.0,82.64746334809223
2023-04-12,all_tradable,0,0,0.0,0.0,0.0,0.0,82.64746334809223
2023-04-13,all_tradable,0,0,0.0,0.0,0.0,0.0,82.64746334809223
2023-04-14,all_tradable,0,0,0.0,0.0,0.0,0.0,82.64746334809223
2023-04-17,all_tradable,0,0,0.0,0.0,0.0,0.0,82.64746334809223
2023-04-18,all_tradable,0,0,0.0,0.0,0.0,0.0,82.64746334809223
2023-04-19,all_tradable,0,0,0.0,0.0,0.0,0.0,82.64746334809223
2023-04-20,all_tradable,0,0,0.0,0.0,0.0,0.0,82.64746334809223
2023-04-21,all_tradable,0,0,0.0,0.0,0.0,0.0,82.64746334809223
2023-04-24,all_tradable,0,0,0.0,0.0,0.0,0.0,82.64746334809223
2023-04-25,all_tradable,0,0,0.0,0.0,0.0,0.0,82.64746334809223
2023-04-26,all_tradable,0,0,0.0,0.0,0.0,0.0,82.64746334809223
2023-04-27,all_tradable,0,0,0.0,0.0,0.0,0.0,82.64746334809223
2023-04-28,all_tradable,0,0,0.0,0.0,0.0,0.0,82.64746334809223
2023-05-01,all_tradable,0,0,0.0,0.0,0.0,0.0,82.64746334809223
2023-05-02,all_tradable,0,0,0.0,0.0,0.0,0.0,82.64746334809223
2023-05-03,all_tradable,0,0,0.0,0.0,0.0,0.0,82.64746334809223
2023-05-04,all_tradable,0,0,0.0,0.0,0.0,0.0,82.64746334809223
2023-05-05,all_tradable,0,0,0.0,0.0,0.0,0.0,82.64746334809223
2023-05-08,all_tradable,0,0,0.0,0.0,0.0,0.0,82.64746334809223
2023-05-09,all_tradable,0,0,0.0,0.0,0.0,0.0,82.64746334809223
2023-05-10,all_tradable,0,0,0.0,0.0,0.0,0.0,82.64746334809223
2023-05-11,all_tradable,0,0,0.0,0.0,0.0,0.0,82.64746334809223
2023-05-12,all_tradable,0,0,0.0,0.0,0.0,0.0,82.64746334809223
2023-05-15,all_tradable,0,0,0.0,0.0,0.0,0.0,82.64746334809223
2023-05-16,all_tradable,0,0,0.0,0.0,0.0,0.0,82.64746334809223
2023-05-17,all_tradable,0,0,0.0,0.0,0.0,0.0,82.64746334809223
2023-05-18,all_tradable,0,0,0.0,0.0,0.0,0.0,82.64746334809223
2023-05-19,all_tradable,0,0,0.0,0.0,0.0,0.0,82.64746334809223
2023-05-22,all_tradable,0,0,0.0,0.0,0.0,0.0,82.64746334809223
2023-05-23,all_tradable,0,0,0.0,0.0,0.0,0.0,82.64746334809223
2023-05-24,all_tradable,0,0,0.0,0.0,0.0,0.0,82.64746334809223
2023-05-25,all_tradable,0,0,0.0,0.0,0.0,0.0,82.64746334809223
2023-05-26,all_tradable,0,0,0.0,0.0,0.0,0.0,82.64746334809223
2023-05-29,all_tradable,0,0,0.0,0.0,0.0,0.0,82.64746334809223
2023-05-30,all_tradable,0,0,0.0,0.0,0.0,0.0,82.64746334809223
2023-05-31,all_tradable,0,0,0.0,0.0,0.0,0.0,82.64746334809223
2023-06-01,all_tradable,0,0,0.0,0.0,0.0,0.0,82.64746334809223
2023-06-02,all_tradable,0,0,0.0,0.0,0.0,0.0,82.64746334809223
2023-06-05,all_tradable,0,0,0.0,0.0,0.0,0.0,82.64746334809223
2023-06-06,all_tradable,0,0,0.0,0.0,0.0,0.0,82.64746334809223
2023-06-07,all_tradable,0,0,0.0,0.0,0.0,0.0,82.64746334809223
2023-06-08,all_tradable,0,0,0.0,0.0,0.0,0.0,82.64746334809223
2023-06-09,all_tradable,0,0,0.0,0.0,0.0,0.0,82.64746334809223
2023-06-12,all_tradable,0,0,0.0,0.0,0.0,0.0,82.64746334809223
2023-06-13,all_tradable,0,0,0.0,0.0,0.0,0.0,82.64746334809223
2023-06-14,all_tradable,0,0,0.0,0.0,0.0,0.0,82.64746334809223
2023-06-15,all_tradable,0,0,0.0,0.0,0.0,0.0,82.64746334809223
2023-06-16,all_tradable,0,0,0.0,0.0,0.0,0.0,82.64746334809223
2023-06-19,all_tradable,0,0,0.0,0.0,0.0,0.0,82.64746334809223
2023-06-20,all_tradable,0,0,0.0,0.0,0.0,0.0,82.64746334809223
2023-06-21,all_tradable,0,0,0.0,0.0,0.0,0.0,82.64746334809223
2023-06-22,all_tradable,0,0,0.0,0.0,0.0,0.0,82.64746334809223
2023-06-23,all_tradable,0,0,0.0,0.0,0.0,0.0,82.64746334809223
2023-06-26,all_tradable,0,0,0.0,0.0,0.0,0.0,82.64746334809223
2023-06-27,all_tradable,0,0,0.0,0.0,0.0,0.0,82.64746334809223
2023-06-28,all_tradable,0,0,0.0,0.0,0.0,0.0,82.64746334809223
2023-06-29,all_tradable,0,0,0.0,0.0,0.0,0.0,82.64746334809223
2023-06-30,all_tradable,0,0,0.0,0.0,0.0,0.0,82.64746334809223
2023-07-03,all_tradable,0,0,0.0,0.0,0.0,0.0,82.64746334809223
2023-07-04,all_tradable,0,0,0.0,0.0,0.0,0.0,82.64746334809223
2023-07-05,all_tradable,0,0,0.0,0.0,0.0,0.0,82.64746334809223
2023-07-06,all_tradable,0,0,0.0,0.0,0.0,0.0,82.64746334809223
2023-07-07,all_tradable,0,0,0.0,0.0,0.0,0.0,82.64746334809223
2023-07-10,all_tradable,0,0,0.0,0.0,0.0,0.0,82.64746334809223
2023-07-11,all_tradable,0,0,0.0,0.0,0.0,0.0,82.64746334809223
2023-07-12,all_tradable,0,0,0.0,0.0,0.0,0.0,82.64746334809223
2023-07-13,all_tradable,0,0,0.0,0.0,0.0,0.0,82.64746334809223
2023-07-14,all_tradable,0,0,0.0,0.0,0.0,0.0,82.64746334809223
2023-07-17,all_tradable,0,0,0.0,0.0,0.0,0.0,82.64746334809223
2023-07-18,all_tradable,0,0,0.0,0.0,0.0,0.0,82.64746334809223
2023-07-19,all_tradable,0,0,0.0,0.0,0.0,0.0,82.64746334809223
2023-07-20,all_tradable,0,0,0.0,0.0,0.0,0.0,82.64746334809223
2023-07-21,all_tradable,0,0,0.0,0.0,0.0,0.0,82.64746334809223
2023-07-24,all_tradable,0,0,0.0,0.0,0.0,0.0,82.64746334809223
2023-07-25,all_tradable,0,0,0.0,0.0,0.0,0.0,82.64746334809223
2023-07-26,all_tradable,0,0,0.0,0.0,0.0,0.0,82.64746334809223
2023-07-27,all_tradable,0,0,0.0,0.0,0.0,0.0,82.64746334809223
2023-07-28,all_tradable,0,0,0.0,0.0,0.0,0.0,82.64746334809223
2023-07-31,all_tradable,0,0,0.0,0.0,0.0,0.0,82.64746334809223
2023-08-01,all_tradable,0,0,0.0,0.0,0.0,0.0,82.64746334809223
2023-08-02,all_tradable,0,0,0.0,0.0,0.0,0.0,82.64746334809223
2023-08-03,all_tradable,0,0,0.0,0.0,0.0,0.0,82.64746334809223
2023-08-04,all_tradable,0,0,0.0,0.0,0.0,0.0,82.64746334809223
2023-08-07,all_tradable,0,0,0.0,0.0,0.0,0.0,82.64746334809223
2023-08-08,all_tradable,0,0,0.0,0.0,0.0,0.0,82.64746334809223
2023-08-09,all_tradable,0,0,0.0,0.0,0.0,0.0,82.64746334809223
2023-08-10,all_tradable,0,0,0.0,0.0,0.0,0.0,82.64746334809223
2023-08-11,all_tradable,0,0,0.0,0.0,0.0,0.0,82.64746334809223
2023-08-14,all_tradable,0,0,0.0,0.0,0.0,0.0,82.64746334809223
2023-08-15,all_tradable,0,0,0.0,0.0,0.0,0.0,82.64746334809223
2023-08-16,all_tradable,0,0,0.0,0.0,0.0,0.0,82.64746334809223
2023-08-17,all_tradable,0,0,0.0,0.0,0.0,0.0,82.64746334809223
2023-08-18,all_tradable,0,0,0.0,0.0,0.0,0.0,82.64746334809223
2023-08-21,all_tradable,0,0,0.0,0.0,0.0,0.0,82.64746334809223
2023-08-22,all_tradable,0,0,0.0,0.0,0.0,0.0,82.64746334809223
2023-08-23,all_tradable,0,0,0.0,0.0,0.0,0.0,82.64746334809223
2023-08-24,all_tradable,0,0,0.0,0.0,0.0,0.0,82.64746334809223
2023-08-25,all_tradable,0,0,0.0,0.0,0.0,0.0,82.64746334809223
2023-08-28,all_tradable,0,0,0.0,0.0,0.0,0.0,82.64746334809223
2023-08-29,all_tradable,0,0,0.0,0.0,0.0,0.0,82.64746334809223
2023-08-30,all_tradable,0,0,0.0,0.0,0.0,0.0,82.64746334809223
2023-08-31,all_tradable,0,0,0.0,0.0,0.0,0.0,82.64746334809223
2023-09-01,all_tradable,0,0,0.0,0.0,0.0,0.0,82.64746334809223
2023-09-04,all_tradable,0,0,0.0,0.0,0.0,0.0,82.64746334809223
2023-09-05,all_tradable,0,0,0.0,0.0,0.0,0.0,82.64746334809223
2023-09-06,all_tradable,0,0,0.0,0.0,0.0,0.0,82.64746334809223
2023-09-07,all_tradable,0,0,0.0,0.0,0.0,0.0,82.64746334809223
2023-09-08,all_tradable,0,0,0.0,0.0,0.0,0.0,82.64746334809223
2023-09-11,all_tradable,0,0,0.0,0.0,0.0,0.0,82.64746334809223
2023-09-12,all_tradable,0,0,0.0,0.0,0.0,0.0,82.64746334809223
2023-09-13,all_tradable,0,0,0.0,0.0,0.0,0.0,82.64746334809223
2023-09-14,all_tradable,0,0,0.0,0.0,0.0,0.0,82.64746334809223
2023-09-15,all_tradable,0,0,0.0,0.0,0.0,0.0,82.64746334809223
2023-09-18,all_tradable,0,0,0.0,0.0,0.0,0.0,82.64746334809223
2023-09-19,all_tradable,0,0,0.0,0.0,0.0,0.0,82.64746334809223
2023-09-20,all_tradable,0,0,0.0,0.0,0.0,0.0,82.64746334809223
2023-09-21,all_tradable,0,0,0.0,0.0,0.0,0.0,82.64746334809223
2023-09-22,all_tradable,0,0,0.0,0.0,0.0,0.0,82.64746334809223
2023-09-25,all_tradable,0,0,0.0,0.0,0.0,0.0,82.64746334809223
2023-09-26,all_tradable,0,0,0.0,0.0,0.0,0.0,82.64746334809223
2023-09-27,all_tradable,0,0,0.0,0.0,0.0,0.0,82.64746334809223
2023-09-28,all_tradable,0,0,0.0,0.0,0.0,0.0,82.64746334809223
2023-09-29,all_tradable,0,0,0.0,0.0,0.0,0.0,82.64746334809223
2023-10-02,all_tradable,0,0,0.0,0.0,0.0,0.0,82.64746334809223
2023-10-03,all_tradable,0,0,0.0,0.0,0.0,0.0,82.64746334809223
2023-10-04,all_tradable,0,0,0.0,0.0,0.0,0.0,82.64746334809223
2023-10-05,all_tradable,0,0,0.0,0.0,0.0,0.0,82.64746334809223
2023-10-06,all_tradable,0,0,0.0,0.0,0.0,0.0,82.64746334809223
2023-10-09,all_tradable,0,0,0.0,0.0,0.0,0.0,82.64746334809223
2023-10-10,all_tradable,0,0,0.0,0.0,0.0,0.0,82.64746334809223
2023-10-11,all_tradable,0,0,0.0,0.0,0.0,0.0,82.64746334809223
2023-10-12,all_tradable,0,0,0.0,0.0,0.0,0.0,82.64746334809223
2023-10-13,all_tradable,0,0,0.0,0.0,0.0,0.0,82.64746334809223
2023-10-16,all_tradable,0,0,0.0,0.0,0.0,0.0,82.64746334809223
2023-10-17,all_tradable,0,0,0.0,0.0,0.0,0.0,82.64746334809223
2023-10-18,all_tradable,0,0,0.0,0.0,0.0,0.0,82.64746334809223
2023-10-19,all_tradable,0,0,0.0,0.0,0.0,0.0,82.64746334809223
2023-10-20,all_tradable,0,0,0.0,0.0,0.0,0.0,82.64746334809223
2023-10-23,all_tradable,0,0,0.0,0.0,0.0,0.0,82.64746334809223
2023-10-24,all_tradable,0,0,0.0,0.0,0.0,0.0,82.64746334809223
2023-10-25,all_tradable,0,0,0.0,0.0,0.0,0.0,82.64746334809223
2023-10-26,all_tradable,0,0,0.0,0.0,0.0,0.0,82.64746334809223
2023-10-27,all_tradable,0,0,0.0,0.0,0.0,0.0,82.64746334809223
2023-10-30,all_tradable,0,0,0.0,0.0,0.0,0.0,82.64746334809223
2023-10-31,all_tradable,0,0,0.0,0.0,0.0,0.0,82.64746334809223
2023-11-01,all_tradable,0,0,0.0,0.0,0.0,0.0,82.64746334809223
2023-11-02,all_tradable,0,0,0.0,0.0,0.0,0.0,82.64746334809223
2023-11-03,all_tradable,0,0,0.0,0.0,0.0,0.0,82.64746334809223
2023-11-06,all_tradable,0,0,0.0,0.0,0.0,0.0,82.64746334809223
2023-11-07,all_tradable,0,0,0.0,0.0,0.0,0.0,82.64746334809223
2023-11-08,all_tradable,0,0,0.0,0.0,0.0,0.0,82.64746334809223
2023-11-09,all_tradable,0,0,0.0,0.0,0.0,0.0,82.64746334809223
2023-11-10,all_tradable,0,0,0.0,0.0,0.0,0.0,82.64746334809223
2023-11-13,all_tradable,0,0,0.0,0.0,0.0,0.0,82.64746334809223
2023-11-14,all_tradable,0,0,0.0,0.0,0.0,0.0,82.64746334809223
2023-11-15,all_tradable,0,0,0.0,0.0,0.0,0.0,82.64746334809223
2023-11-16,all_tradable,0,0,0.0,0.0,0.0,0.0,82.64746334809223
2023-11-17,all_tradable,0,0,0.0,0.0,0.0,0.0,82.64746334809223
2023-11-20,all_tradable,0,0,0.0,0.0,0.0,0.0,82.64746334809223
2023-11-21,all_tradable,0,0,0.0,0.0,0.0,0.0,82.64746334809223
2023-11-22,all_tradable,0,0,0.0,0.0,0.0,0.0,82.64746334809223
2023-11-23,all_tradable,0,0,0.0,0.0,0.0,0.0,82.64746334809223
2023-11-24,all_tradable,0,0,0.0,0.0,0.0,0.0,82.64746334809223
2023-11-27,all_tradable,0,0,0.0,0.0,0.0,0.0,82.64746334809223
2023-11-28,all_tradable,0,0,0.0,0.0,0.0,0.0,82.64746334809223
2023-11-29,all_tradable,0,0,0.0,0.0,0.0,0.0,82.64746334809223
2023-11-30,all_tradable,0,0,0.0,0.0,0.0,0.0,82.64746334809223
2023-12-01,all_tradable,0,0,0.0,0.0,0.0,0.0,82.64746334809223
2023-12-04,all_tradable,0,0,0.0,0.0,0.0,0.0,82.64746334809223
2023-12-05,all_tradable,0,0,0.0,0.0,0.0,0.0,82.64746334809223
2023-12-06,all_tradable,0,0,0.0,0.0,0.0,0.0,82.64746334809223
2023-12-07,all_tradable,0,0,0.0,0.0,0.0,0.0,82.64746334809223
2023-12-08,all_tradable,0,0,0.0,0.0,0.0,0.0,82.64746334809223
2023-12-11,all_tradable,0,0,0.0,0.0,0.0,0.0,82.64746334809223
2023-12-12,all_tradable,0,0,0.0,0.0,0.0,0.0,82.64746334809223
2023-12-13,all_tradable,0,0,0.0,0.0,0.0,0.0,82.64746334809223
2023-12-14,all_tradable,0,0,0.0,0.0,0.0,0.0,82.64746334809223
2023-12-15,all_tradable,0,0,0.0,0.0,0.0,0.0,82.64746334809223
2023-12-18,all_tradable,0,0,0.0,0.0,0.0,0.0,82.64746334809223
2023-12-19,all_tradable,0,0,0.0,0.0,0.0,0.0,82.64746334809223
2023-12-20,all_tradable,0,0,0.0,0.0,0.0,0.0,82.64746334809223
2023-12-21,all_tradable,0,0,0.0,0.0,0.0,0.0,82.64746334809223
2023-12-22,all_tradable,0,0,0.0,0.0,0.0,0.0,82.64746334809223
2023-12-25,all_tradable,0,0,0.0,0.0,0.0,0.0,82.64746334809223
2023-12-26,all_tradable,0,0,0.0,0.0,0.0,0.0,82.64746334809223
2023-12-27,all_tradable,0,0,0.0,0.0,0.0,0.0,82.64746334809223
2023-12-28,all_tradable,0,0,0.0,0.0,0.0,0.0,82.64746334809223
2023-12-29,all_tradable,0,0,0.0,0.0,0.0,0.0,82.64746334809223
2024-01-01,all_tradable,0,0,0.0,0.0,0.0,0.0,82.64746334809223
2024-01-02,all_tradable,0,0,0.0,0.0,0.0,0.0,82.64746334809223
2024-01-03,all_tradable,0,0,0.0,0.0,0.0,0.0,82.64746334809223
2024-01-04,all_tradable,0,0,0.0,0.0,0.0,0.0,82.64746334809223
2024-01-05,all_tradable,0,0,0.0,0.0,0.0,0.0,82.64746334809223
2024-01-08,all_tradable,0,0,0.0,0.0,0.0,0.0,82.64746334809223
2024-01-09,all_tradable,0,0,0.0,0.0,0.0,0.0,82.64746334809223
2024-01-10,all_tradable,0,0,0.0,0.0,0.0,0.0,82.64746334809223
2024-01-11,all_tradable,0,0,0.0,0.0,0.0,0.0,82.64746334809223
2024-01-12,all_tradable,0,0,0.0,0.0,0.0,0.0,82.64746334809223
2024-01-15,all_tradable,0,0,0.0,0.0,0.0,0.0,82.64746334809223
2024-01-16,all_tradable,0,0,0.0,0.0,0.0,0.0,82.64746334809223
2024-01-17,all_tradable,0,0,0.0,0.0,0.0,0.0,82.64746334809223
2024-01-18,all_tradable,0,0,0.0,0.0,0.0,0.0,82.64746334809223
2024-01-19,all_tradable,0,0,0.0,0.0,0.0,0.0,82.64746334809223
2024-01-22,all_tradable,0,0,0.0,0.0,0.0,0.0,82.64746334809223
2024-01-23,all_tradable,0,0,0.0,0.0,0.0,0.0,82.64746334809223
2024-01-24,all_tradable,0,0,0.0,0.0,0.0,0.0,82.64746334809223
2024-01-25,all_tradable,0,0,0.0,0.0,0.0,0.0,82.64746334809223
2024-01-26,all_tradable,0,0,0.0,0.0,0.0,0.0,82.64746334809223
2024-01-29,all_tradable,0,0,0.0,0.0,0.0,0.0,82.64746334809223
2024-01-30,all_tradable,0,0,0.0,0.0,0.0,0.0,82.64746334809223
2024-01-31,all_tradable,0,0,0.0,0.0,0.0,0.0,82.64746334809223
2024-02-01,all_tradable,0,0,0.0,0.0,0.0,0.0,82.64746334809223
2024-02-02,all_tradable,0,0,0.0,0.0,0.0,0.0,82.64746334809223
2024-02-05,all_tradable,0,0,0.0,0.0,0.0,0.0,82.64746334809223
2024-02-06,all_tradable,0,0,0.0,0.0,0.0,0.0,82.64746334809223
2024-02-07,all_tradable,0,0,0.0,0.0,0.0,0.0,82.64746334809223
2024-02-08,all_tradable,0,0,0.0,0.0,0.0,0.0,82.64746334809223
2024-02-09,all_tradable,0,0,0.0,0.0,0.0,0.0,82.64746334809223
2024-02-12,all_tradable,0,0,0.0,0.0,0.0,0.0,82.64746334809223
2024-02-13,all_tradable,0,0,0.0,0.0,0.0,0.0,82.64746334809223
2024-02-14,all_tradable,0,0,0.0,0.0,0.0,0.0,82.64746334809223
2024-02-15,all_tradable,0,0,0.0,0.0,0.0,0.0,82.64746334809223
2024-02-16,all_tradable,0,0,0.0,0.0,0.0,0.0,82.64746334809223
2024-02-19,all_tradable,0,0,0.0,0.0,0.0,0.0,82.64746334809223
2024-02-20,all_tradable,0,0,0.0,0.0,0.0,0.0,82.64746334809223
2024-02-21,all_tradable,0,0,0.0,0.0,0.0,0.0,82.64746334809223
2024-02-22,all_tradable,0,0,0.0,0.0,0.0,0.0,82.64746334809223
2024-02-23,all_tradable,0,0,0.0,0.0,0.0,0.0,82.64746334809223
2024-02-26,all_tradable,0,0,0.0,0.0,0.0,0.0,82.64746334809223
2024-02-27,all_tradable,0,0,0.0,0.0,0.0,0.0,82.64746334809223
2024-02-28,all_tradable,0,0,0.0,0.0,0.0,0.0,82.64746334809223
2024-02-29,all_tradable,0,0,0.0,0.0,0.0,0.0,82.64746334809223
2024-03-01,all_tradable,0,0,0.0,0.0,0.0,0.0,82.64746334809223
2024-03-04,all_tradable,0,0,0.0,0.0,0.0,0.0,82.64746334809223
2024-03-05,all_tradable,0,0,0.0,0.0,0.0,0.0,82.64746334809223
2024-03-06,all_tradable,0,0,0.0,0.0,0.0,0.0,82.64746334809223
2024-03-07,all_tradable,0,0,0.0,0.0,0.0,0.0,82.64746334809223
2024-03-08,all_tradable,0,0,0.0,0.0,0.0,0.0,82.64746334809223
2024-03-11,all_tradable,0,0,0.0,0.0,0.0,0.0,82.64746334809223
2024-03-12,all_tradable,1,1,114338.5944,0.0,0.0,0.0,82.64746334809223
2024-03-13,all_tradable,1,1,114338.5944,0.0230170454545454,0.0230170454545454,2.30170454545454,84.94916789354677
2024-03-14,all_tradable,1,1,114338.5944,-0.0003295454545455,-0.0003295454545455,-0.032954545454550004,84.91621334809221
2024-03-15,all_tradable,1,1,114338.5944,0.0267840909090909,0.0267840909090909,2.67840909090909,87.59462243900131
2024-03-18,all_tradable,1,1,114338.5944,-0.0084772727272727,-0.0084772727272727,-0.84772727272727,86.74689516627404
2024-03-19,all_tradable,1,1,114338.5944,-0.0104318181818181,-0.0104318181818181,-1.04318181818181,85.70371334809222
2024-03-20,all_tradable,1,1,114338.5944,0.0019772727272727,0.0019772727272727,0.19772727272727,85.90144062081949
2024-03-21,all_tradable,1,1,114338.5944,0.0009090909090909,0.0009090909090909,0.09090909090909,85.99234971172858
2024-03-22,all_tradable,1,1,114338.5944,-0.0024204545454545,-0.0024204545454545,-0.24204545454545,85.75030425718313
2024-03-25,all_tradable,1,1,114338.5944,0.0002329545454545,0.0002329545454545,0.023295454545449998,85.77359971172858
2024-03-26,all_tradable,1,1,114338.5944,-0.0129261363636363,-0.0129261363636363,-1.29261363636363,84.48098607536495
2024-03-27,all_tradable,1,1,114338.5944,0.0048636363636363,0.0048636363636363,0.48636363636363,84.96734971172857
2024-03-28,all_tradable,1,1,114338.5944,0.0158181818181818,0.0158181818181818,1.58181818181818,86.54916789354677
2024-03-29,all_tradable,0,0,0.0,0.0,0.0,0.0,86.54916789354677
2024-04-01,all_tradable,1,1,114338.5944,-0.0002272727272727,-0.0002272727272727,-0.02272727272727,86.52644062081949
2024-04-02,all_tradable,1,1,114338.5944,0.0620795454545454,0.0620795454545454,6.20795454545454,92.73439516627403
2024-04-03,all_tradable,1,1,114338.5944,0.0444204545454545,0.0444204545454545,4.4420454545454495,97.17644062081948
2024-04-04,all_tradable,1,1,114338.5944,0.0157386363636364,0.0157386363636364,1.5738636363636398,98.75030425718312
2024-04-05,all_tradable,1,1,114338.5944,-0.0207774090909091,-0.0207774090909091,-2.07774090909091,96.67256334809221
